{
  "cases": [
    {
      "all_finite": true,
      "case_id": "adam8bit_sym_lr3e-5",
      "elapsed_wall_s": 163.173,
      "loss_decreased": true,
      "loss_final": 5.178908348083496,
      "loss_first": 11.369969367980957,
      "loss_max": 11.369969367980957,
      "loss_min": 5.178908348083496,
      "lr": 3e-05,
      "mean_step_time_s": 5.22498440015479,
      "median_step_time_s": 4.622901813010685,
      "nan_steps": [],
      "optimizer": "adam8bit",
      "peak_memory_bytes": 38769497053,
      "quant_scheme": "symmetric_int8_v1",
      "returncode": 0,
      "status": "ok",
      "steps": 20,
      "tokens_per_second": 821.3822369228667
    },
    {
      "all_finite": true,
      "case_id": "adam8bit_sym_lr1e-5",
      "elapsed_wall_s": 152.742,
      "loss_decreased": true,
      "loss_final": 6.727241516113281,
      "loss_first": 11.369969367980957,
      "loss_max": 11.369969367980957,
      "loss_min": 6.727241516113281,
      "lr": 1e-05,
      "mean_step_time_s": 4.659559912595432,
      "median_step_time_s": 4.594491166470107,
      "nan_steps": [],
      "optimizer": "adam8bit",
      "peak_memory_bytes": 38769497053,
      "quant_scheme": "symmetric_int8_v1",
      "returncode": 0,
      "status": "ok",
      "steps": 20,
      "tokens_per_second": 880.7878590487965
    },
    {
      "all_finite": true,
      "case_id": "int8_dyn_lr1e-4",
      "elapsed_wall_s": 446.965,
      "loss_decreased": true,
      "loss_final": 5.386226654052734,
      "loss_first": 11.369969367980957,
      "loss_max": 11.369969367980957,
      "loss_min": 5.125555992126465,
      "lr": 0.0001,
      "mean_step_time_s": 19.426483589533017,
      "median_step_time_s": 19.847431874950416,
      "nan_steps": [],
      "optimizer": "int8",
      "peak_memory_bytes": 37433266270,
      "quant_scheme": "dynamic_int8_v1",
      "returncode": 0,
      "status": "ok",
      "steps": 20,
      "tokens_per_second": 212.8266156231195
    }
  ]
}
