{
  "cases": [
    {
      "all_finite": true,
      "case_id": "adamw_lr1e-4",
      "elapsed_wall_s": 530.077,
      "loss_decreased": true,
      "loss_final": 5.381527423858643,
      "loss_first": 11.369969367980957,
      "loss_max": 11.369969367980957,
      "loss_min": 5.126815319061279,
      "mean_step_time_s": 23.583043222886044,
      "median_step_time_s": 24.111366916447878,
      "nan_steps": [],
      "optimizer": "adamw",
      "peak_memory_bytes": 49483595111,
      "quant_scheme": "symmetric_int8_v1",
      "returncode": 0,
      "status": "ok",
      "steps": 20,
      "tokens_per_second": 174.49711234179523
    },
    {
      "all_finite": true,
      "case_id": "muon_adamw_lr1e-4",
      "elapsed_wall_s": 496.283,
      "loss_decreased": true,
      "loss_final": 5.4079270362854,
      "loss_first": 11.369969367980957,
      "loss_max": 11.369969367980957,
      "loss_min": 5.126269817352295,
      "mean_step_time_s": 21.828943000250728,
      "median_step_time_s": 22.21434520900948,
      "nan_steps": [],
      "optimizer": "muon_adamw",
      "peak_memory_bytes": 44237053749,
      "quant_scheme": "symmetric_int8_v1",
      "returncode": 0,
      "status": "ok",
      "steps": 20,
      "tokens_per_second": 188.08901679498763
    },
    {
      "all_finite": true,
      "case_id": "lion_lr1e-4",
      "elapsed_wall_s": 510.689,
      "loss_decreased": true,
      "loss_final": 5.223823070526123,
      "loss_first": 11.369969367980957,
      "loss_max": 11.369969367980957,
      "loss_min": 5.085241317749023,
      "mean_step_time_s": 22.455187708191808,
      "median_step_time_s": 23.036661791964434,
      "nan_steps": [],
      "optimizer": "lion",
      "peak_memory_bytes": 47775771075,
      "quant_scheme": "symmetric_int8_v1",
      "returncode": 0,
      "status": "ok",
      "steps": 20,
      "tokens_per_second": 184.69042292866519
    },
    {
      "all_finite": true,
      "case_id": "lion8bit_sym_lr1e-4",
      "elapsed_wall_s": 152.079,
      "loss_decreased": true,
      "loss_final": 5.22758674621582,
      "loss_first": 11.369969367980957,
      "loss_max": 11.369969367980957,
      "loss_min": 5.085442543029785,
      "mean_step_time_s": 4.5482906834513415,
      "median_step_time_s": 4.533358666987624,
      "nan_steps": [],
      "optimizer": "lion8bit",
      "peak_memory_bytes": 36940222424,
      "quant_scheme": "symmetric_int8_v1",
      "returncode": 0,
      "status": "ok",
      "steps": 20,
      "tokens_per_second": 900.6977464886402
    },
    {
      "all_finite": true,
      "case_id": "adam8bit_sym_lr1e-4",
      "elapsed_wall_s": 152.324,
      "loss_decreased": false,
      "loss_final": 148.4713592529297,
      "loss_first": 11.369969367980957,
      "loss_max": 194.3169708251953,
      "loss_min": 5.2109246253967285,
      "mean_step_time_s": 4.583196187351132,
      "median_step_time_s": 4.545056187489536,
      "nan_steps": [],
      "optimizer": "adam8bit",
      "peak_memory_bytes": 38769480673,
      "quant_scheme": "symmetric_int8_v1",
      "returncode": 0,
      "status": "ok",
      "steps": 20,
      "tokens_per_second": 894.2881681665949
    },
    {
      "all_finite": true,
      "case_id": "adam8bit_dyn_lr1e-4",
      "elapsed_wall_s": 150.537,
      "loss_decreased": true,
      "loss_final": 5.440506935119629,
      "loss_first": 11.369969367980957,
      "loss_max": 11.369969367980957,
      "loss_min": 5.126713275909424,
      "mean_step_time_s": 4.60592946249526,
      "median_step_time_s": 4.5698010000051,
      "nan_steps": [],
      "optimizer": "adam8bit",
      "peak_memory_bytes": 38769498077,
      "quant_scheme": "dynamic_int8_v1",
      "returncode": 0,
      "status": "ok",
      "steps": 20,
      "tokens_per_second": 890.0726520621305
    },
    {
      "all_finite": true,
      "case_id": "int8_sym_lr1e-4",
      "elapsed_wall_s": 437.176,
      "loss_decreased": false,
      "loss_final": 171.5790252685547,
      "loss_first": 11.369969367980957,
      "loss_max": 219.2760009765625,
      "loss_min": 5.201529026031494,
      "mean_step_time_s": 18.770798699889564,
      "median_step_time_s": 19.063993291929364,
      "nan_steps": [],
      "optimizer": "int8",
      "peak_memory_bytes": 37433265246,
      "quant_scheme": "symmetric_int8_v1",
      "returncode": 0,
      "status": "ok",
      "steps": 20,
      "tokens_per_second": 219.63026716654085
    }
  ]
}
