{
  "acceptance": {
    "bf16_loss_decreased": true,
    "bf16_no_loss_regression_vs_fp32": true,
    "fp32_loss_decreased": true,
    "max_abs_orthogonalization_error": 0.007339149713516235,
    "median_ns_loop_speedup_fp32_over_bf16": 1.0979779541337857,
    "meets_local_speedup_gate": false,
    "orthogonalization_atol": 0.01,
    "orthogonalization_within_atol": true,
    "speedup_lower_bound": 1.45
  },
  "config": {
    "iters": 30,
    "matrix_size": 512,
    "muon_ns_carrier_env": "CPPMEGA_MUON_NS_CARRIER",
    "ns_steps": 5,
    "seed": 0,
    "smoke_batch_size": 32,
    "smoke_hidden": 16,
    "smoke_lr_adamw": 0.0001,
    "smoke_lr_muon": 0.002,
    "smoke_steps": 100,
    "warmup": 5
  },
  "guards": {
    "first_call_compile_time_excluded": true,
    "gb10_parity_claim": false,
    "gb10_training_correctness_claim": false,
    "local_only": true,
    "m4_vs_gb10_throughput_parity_claim": false
  },
  "kind": "cppmega.mlx.local_m4_muon_ns_carrier_receipt",
  "machine": {
    "cppmega_mlx": "0.1.0",
    "machine": "arm64",
    "metal_device_info": "{'resource_limit': 499000, 'max_buffer_length': 86586540032, 'architecture': 'applegpu_g16s', 'memory_size': 137438953472, 'max_recommended_working_set_size': 115448725504, 'device_name': 'Apple M4 Max'}",
    "mlx": "0.31.1",
    "platform": "macOS-26.4.1-arm64-arm-64bit-Mach-O",
    "processor": "arm",
    "python": "3.13.12"
  },
  "notes": [
    "Local Apple Silicon receipt only; does not claim GB10 parity.",
    "The bf16 carrier only changes the Newton-Schulz polynomial carrier dtype.",
    "Muon momentum state remains fp32 and parameter dtype is preserved by unit tests."
  ],
  "schema_version": 1,
  "smoke": {
    "allowed_bf16_final_loss": 0.34549657797813416,
    "bf16": {
      "batch_size": 32,
      "final_loss": 0.3244679570198059,
      "hidden": 16,
      "initial_loss": 0.5197607278823853,
      "loss_decreased": true,
      "losses": [
        0.5197607278823853,
        0.5168947577476501,
        0.5146554708480835,
        0.5122395157814026,
        0.5093521475791931,
        0.5071430206298828,
        0.5047479271888733,
        0.5023320913314819,
        0.4997602701187134,
        0.49752962589263916,
        0.49509042501449585,
        0.4927906394004822,
        0.49054819345474243,
        0.4881439805030823,
        0.4856959283351898,
        0.48332905769348145,
        0.48106592893600464,
        0.47875070571899414,
        0.476570725440979,
        0.4743559956550598,
        0.47210314869880676,
        0.46987372636795044,
        0.4678468406200409,
        0.46564781665802,
        0.46359241008758545,
        0.4613291025161743,
        0.4592418074607849,
        0.4569798707962036,
        0.4547986686229706,
        0.4528425335884094,
        0.45060569047927856,
        0.44852155447006226,
        0.446493536233902,
        0.44409748911857605,
        0.4421638548374176,
        0.44009169936180115,
        0.4378315508365631,
        0.43584930896759033,
        0.43365639448165894,
        0.4314400553703308,
        0.42914387583732605,
        0.4271375238895416,
        0.42510169744491577,
        0.4227559566497803,
        0.4207554757595062,
        0.41888928413391113,
        0.4167368412017822,
        0.4147208631038666,
        0.41301509737968445,
        0.410965234041214,
        0.4088312089443207,
        0.4070093631744385,
        0.4049246907234192,
        0.4030833840370178,
        0.40129125118255615,
        0.3993048667907715,
        0.39748311042785645,
        0.3956601023674011,
        0.3938130736351013,
        0.3922001123428345,
        0.39014267921447754,
        0.3883996605873108,
        0.386680543422699,
        0.38496118783950806,
        0.38335126638412476,
        0.3815455436706543,
        0.3797701895236969,
        0.37830308079719543,
        0.3764757215976715,
        0.37482553720474243,
        0.3733174502849579,
        0.3716455399990082,
        0.37007132172584534,
        0.36820727586746216,
        0.3665733337402344,
        0.3647802472114563,
        0.36311084032058716,
        0.36146318912506104,
        0.35967108607292175,
        0.3578873872756958,
        0.35611405968666077,
        0.35447829961776733,
        0.35275518894195557,
        0.3511025011539459,
        0.34925729036331177,
        0.34766119718551636,
        0.34600305557250977,
        0.34440118074417114,
        0.34266197681427,
        0.34081676602363586,
        0.33900994062423706,
        0.3373658061027527,
        0.33569374680519104,
        0.3340699374675751,
        0.33248981833457947,
        0.33075815439224243,
        0.3291180729866028,
        0.3275870084762573,
        0.3259010314941406,
        0.3244679570198059
      ],
      "mean_last10_loss": 0.33164614737033843,
      "min_loss": 0.3244679570198059,
      "ns_carrier": "bf16",
      "steps": 100
    },
    "fp32": {
      "batch_size": 32,
      "final_loss": 0.32809197902679443,
      "hidden": 16,
      "initial_loss": 0.5197607278823853,
      "loss_decreased": true,
      "losses": [
        0.5197607278823853,
        0.5170553922653198,
        0.5149760246276855,
        0.5125586986541748,
        0.5101868510246277,
        0.5080251693725586,
        0.5056771636009216,
        0.5034347772598267,
        0.5010402202606201,
        0.4990040957927704,
        0.49656811356544495,
        0.49433863162994385,
        0.49200648069381714,
        0.4900532364845276,
        0.48770463466644287,
        0.48549845814704895,
        0.4831709563732147,
        0.4810044765472412,
        0.4788389801979065,
        0.4767221510410309,
        0.4745708703994751,
        0.47238388657569885,
        0.47042056918144226,
        0.4679257869720459,
        0.4660957157611847,
        0.4634714126586914,
        0.4616076350212097,
        0.4595492482185364,
        0.45742952823638916,
        0.45531177520751953,
        0.4533872604370117,
        0.4511326551437378,
        0.44912463426589966,
        0.4469811022281647,
        0.4451149106025696,
        0.4429788291454315,
        0.4409869313240051,
        0.4387725591659546,
        0.4365205764770508,
        0.434688925743103,
        0.4324096143245697,
        0.43027085065841675,
        0.4282519221305847,
        0.42604684829711914,
        0.42398780584335327,
        0.4220309257507324,
        0.4199317693710327,
        0.41818779706954956,
        0.4160749316215515,
        0.41415005922317505,
        0.41231876611709595,
        0.41021156311035156,
        0.40850281715393066,
        0.40657639503479004,
        0.4044746160507202,
        0.40254437923431396,
        0.4009131193161011,
        0.3989397883415222,
        0.39726752042770386,
        0.39525121450424194,
        0.39348846673965454,
        0.3918663263320923,
        0.3900512456893921,
        0.38836055994033813,
        0.3866024613380432,
        0.38493072986602783,
        0.3832540512084961,
        0.38168036937713623,
        0.3802550733089447,
        0.3785407245159149,
        0.3768727481365204,
        0.3753888010978699,
        0.3737536072731018,
        0.3721688687801361,
        0.37058714032173157,
        0.36914515495300293,
        0.36731040477752686,
        0.365697979927063,
        0.3638710081577301,
        0.362163782119751,
        0.3603796362876892,
        0.35855764150619507,
        0.3568262457847595,
        0.35487818717956543,
        0.3531026244163513,
        0.35124629735946655,
        0.34965524077415466,
        0.3479863405227661,
        0.34625810384750366,
        0.3445965051651001,
        0.3429235517978668,
        0.34124696254730225,
        0.3395323157310486,
        0.33796679973602295,
        0.3361932635307312,
        0.3345605134963989,
        0.33310016989707947,
        0.3312132954597473,
        0.32974475622177124,
        0.32809197902679443
      ],