{
  "acceptance": {
    "bf16_loss_decreased": true,
    "bf16_no_loss_regression_vs_fp32": true,
    "fp32_loss_decreased": true,
    "max_abs_orthogonalization_error": 0.01745772361755371,
    "median_ns_loop_speedup_fp32_over_bf16": 2.00645268735113,
    "meets_local_speedup_gate": true,
    "orthogonalization_atol": 0.01,
    "orthogonalization_within_atol": false,
    "speedup_lower_bound": 1.45
  },
  "config": {
    "iters": 7,
    "matrix_size": 128,
    "muon_ns_carrier_env": "CPPMEGA_MUON_NS_CARRIER",
    "ns_steps": 5,
    "seed": 0,
    "smoke_batch_size": 16,
    "smoke_hidden": 16,
    "smoke_lr_adamw": 0.0001,
    "smoke_lr_muon": 0.002,
    "smoke_steps": 30,
    "warmup": 3
  },
  "guards": {
    "first_call_compile_time_excluded": true,
    "gb10_parity_claim": false,
    "gb10_training_correctness_claim": false,
    "local_only": true,
    "m4_vs_gb10_throughput_parity_claim": false
  },
  "kind": "cppmega.mlx.local_m4_muon_ns_carrier_receipt",
  "machine": {
    "cppmega_mlx": "0.1.0",
    "machine": "arm64",
    "metal_device_info": "{'resource_limit': 499000, 'max_buffer_length': 86586540032, 'architecture': 'applegpu_g16s', 'memory_size': 137438953472, 'max_recommended_working_set_size': 115448725504, 'device_name': 'Apple M4 Max'}",
    "mlx": "0.31.1",
    "platform": "macOS-26.4.1-arm64-arm-64bit-Mach-O",
    "processor": "arm",
    "python": "3.13.12"
  },
  "notes": [
    "Local Apple Silicon receipt only; does not claim GB10 parity.",
    "The bf16 carrier only changes the Newton-Schulz polynomial carrier dtype.",
    "Muon momentum state remains fp32 and parameter dtype is preserved by unit tests."
  ],
  "schema_version": 1,
  "smoke": {
    "allowed_bf16_final_loss": 0.4440446341633797,
    "bf16": {
      "batch_size": 16,
      "final_loss": 0.4219646453857422,
      "hidden": 16,
      "initial_loss": 0.4885226786136627,
      "loss_decreased": true,
      "losses": [
        0.4885226786136627,
        0.4863492250442505,
        0.4838954210281372,
        0.4812488555908203,
        0.4792585074901581,
        0.4767521023750305,
        0.47436225414276123,
        0.47189900279045105,
        0.4695875942707062,
        0.46718889474868774,
        0.46476608514785767,
        0.4626482129096985,
        0.46036750078201294,
        0.4580872058868408,
        0.455532968044281,
        0.4532938003540039,
        0.45119762420654297,
        0.4486841559410095,
        0.4464203119277954,
        0.4441401958465576,
        0.4418882727622986,
        0.43916022777557373,
        0.4374450445175171,
        0.434984028339386,
        0.43282464146614075,
        0.4306778311729431,
        0.428282231092453,
        0.4264155328273773,
        0.4238651394844055,
        0.4219646453857422
      ],
      "mean_last10_loss": 0.43175075948238373,
      "min_loss": 0.4219646453857422,
      "ns_carrier": "bf16",
      "steps": 30
    },
    "fp32": {
      "batch_size": 16,
      "final_loss": 0.42194727063179016,
      "hidden": 16,
      "initial_loss": 0.4885226786136627,
      "loss_decreased": true,
      "losses": [
        0.4885226786136627,
        0.48622235655784607,
        0.4837881624698639,
        0.4813486933708191,
        0.47919148206710815,
        0.47660431265830994,
        0.4742358922958374,
        0.47176697850227356,
        0.4695897102355957,
        0.4670919179916382,
        0.4645460546016693,
        0.46237507462501526,
        0.4600893557071686,
        0.45773813128471375,
        0.4553811252117157,
        0.45291391015052795,
        0.4508330523967743,
        0.4484449326992035,
        0.4458008408546448,
        0.44373586773872375,
        0.44152772426605225,
        0.43915873765945435,
        0.43717721104621887,
        0.4345718026161194,
        0.4325254559516907,
        0.4304577708244324,
        0.4282962679862976,
        0.4259501099586487,
        0.42350536584854126,
        0.42194727063179016
      ],
      "mean_last10_loss": 0.43151177167892457,
      "min_loss": 0.42194727063179016,
      "ns_carrier": "fp32",
      "steps": 30
    }
  },
  "source_bead": "cppmega-mlx-c08.4",
  "timing": {
    "bf16": {
      "iters": 7,
      "max_ms": 0.447999918833375,
      "mean_ms": 0.4055415213640247,
      "median_ms": 0.40683289989829063,
      "median_per_ns_iter_ms": 0.08136657997965813,
      "min_ms": 0.37991604767739773,
      "peak_memory_bytes": 3080776,
      "samples_ms": [
        0.42587495408952236,
        0.447999918833375,
        0.413333997130394,
        0.40683289989829063,
        0.38312491960823536,
        0.37991604767739773,
        0.3817079123109579
      ],
      "warmup": 3
    },
    "fp32": {
      "iters": 7,
      "max_ms": 0.9140840265899897,
      "mean_ms": 0.8087262976914644,
      "median_ms": 0.8162909653037786,
      "median_per_ns_iter_ms": 0.16325819306075573,
      "min_ms": 0.7049590349197388,
      "peak_memory_bytes": 3801712,
      "samples_ms": [
        0.8824581746011972,
        0.8711249101907015,
        0.9140840265899897,
        0.8162909653037786,
        0.7213340140879154,
        0.7049590349197388,
        0.7508329581469297
      ],
      "warmup": 3
    }
  }
}
