case_id,dtype,optimizer,path,status,cli_optimizer,optimizer_key,optimizer_name,optimizer_class,optimizer_source,steps_completed,first_step_sec,median_step_sec,tok_sec,step_sec,compile_time_s,peak_memory_gb,active_memory_gb,cache_memory_gb,cache_hit,selected_schedule,proof_result,pass_fail_reason,cppmega_sha,tilelang_sha,mlx_sha,mlx_version,command,receipt_path,returncode,duration_s
bf16_adamw_path_b,bf16,adamw,path_b,ok,adamw,adamw,AdamW,cppmega_mlx.training.optimizers.AdamWFP32Moments,cppmega_mlx.training.optimizers.make_adamw,20,15.109502667037304,3.6119713750085793,446.7015205091202,5.4323305000067,15.109502667037304,29.14568037725985,17.094280248507857,34.40928755328059,,"{""kernel_counts"": {""metal_kernel_fwd_v1"": 160}, ""op_kernel"": {""m2rnn"": ""metal_kernel_fwd_v1"", ""mamba3_mimo"": ""metal_kernel_fwd_v1""}, ""path_c_fusion"": {""default_allowed"": false, ""direct_chain_runtime_binding_status"": ""direct_fusion_chain_logical_buffers_missing"", ""direct_chain_segment_count"": 5, ""direct_chain_status"": ""ready"", ""direct_chain_training_runtime_available"": false, ""direct_chain_training_runtime_status"": ""direct_fusion_chain_training_runtime_missing"", ""implementation_kind"": ""production"", ""missing_bank_buffers"": [""path_c_float32_abi_bank"", ""path_c_uint8_abi_bank"", ""path_c_int32_abi_bank""], ""missing_real_abi_inputs"": [], ""mode"": ""off"", ""production_fragments_complete"": true, ""production_schedule_id"": ""path_c_descriptor_chain_5785a4a0210e"", ""real_abi_contract_complete"": true, ""required_bank_buffers"": [""path_c_float32_abi_bank"", ""path_c_uint8_abi_bank"", ""path_c_int32_abi_bank""], ""runtime_binding_status"": ""model_owned_physical_abi_banks_missing"", ""runtime_uses_direct_fusion_chain"": false, ""runtime_uses_fused_train_block"": false, ""schedule_blockers"": [""selected_model_schedule_not_default"", ""fused_train_block_runtime_not_bound"", ""production_1b_matrix_profile_missing""], ""schedule_contract_status"": ""registered_not_lowered"", ""schedule_name"": ""local_gb10_quarter_path_c_10_12:descriptor_generated_fwd_bwd"", ""schedule_status"": ""ready"", ""single_kernel_fused"": false, ""status"": ""off""}, ""path_counts"": {""path_b"": 160}}","{""fp8_path_c_route_status"": ""not_requested"", ""fused_train_block_runtime_available"": false, ""kernel_surface_available"": true, ""path"": ""path_b"", ""path_c_fusion"": {""default_allowed"": false, ""direct_chain_runtime_binding_status"": ""direct_fusion_chain_logical_buffers_missing"", ""direct_chain_segment_count"": 5, ""direct_chain_status"": ""ready"", ""direct_chain_training_runtime_available"": false, ""direct_chain_training_runtime_status"": ""direct_fusion_chain_training_runtime_missing"", ""implementation_kind"": ""production"", ""missing_bank_buffers"": [""path_c_float32_abi_bank"", ""path_c_uint8_abi_bank"", ""path_c_int32_abi_bank""], ""missing_real_abi_inputs"": [], ""mode"": ""off"", ""production_fragments_complete"": true, ""production_schedule_id"": ""path_c_descriptor_chain_5785a4a0210e"", ""real_abi_contract_complete"": true, ""required_bank_buffers"": [""path_c_float32_abi_bank"", ""path_c_uint8_abi_bank"", ""path_c_int32_abi_bank""], ""runtime_binding_status"": ""model_owned_physical_abi_banks_missing"", ""runtime_uses_direct_fusion_chain"": false, ""runtime_uses_fused_train_block"": false, ""schedule_blockers"": [""selected_model_schedule_not_default"", ""fused_train_block_runtime_not_bound"", ""production_1b_matrix_profile_missing""], ""schedule_contract_status"": ""registered_not_lowered"", ""schedule_name"": ""local_gb10_quarter_path_c_10_12:descriptor_generated_fwd_bwd"", ""schedule_status"": ""ready"", ""single_kernel_fused"": false, ""status"": ""off""}, ""path_c_requested"": false, ""proof_source"": ""per-kernel runtime dispatch log plus Path C fusion planner metadata; fused schedule native compile is a separate compile receipt"", ""runtime_uses_fused_train_block"": false}",ok,818afbb,33134bee,d168ca5ca,0.32.0.dev20260514+d168ca5ca,/Volumes/external/sources/nanochat/.venv/bin/python scripts/m04_train_step.py --model-profile local_gb10_quarter --data-path data/parquet_samples/gb10/clang_semantic_4k_v10/val_00000.parquet --data-format parquet --token-key token_ids --steps 20 --batch-size 1 --seq-len 2048 --dtype bfloat16 --optimizer adamw --optimizer-quant-scheme dynamic_int8_v1 --lr 1e-4 --grad-checkpoint --output reports/raw/20260521_full_path_c_bwd_cells/bf16_adamw_path_b.json --json --memory-limit-total-bytes 69793218560 --memory-limit-wired-ratio 0.99 --memory-limit-metal-ratio 0.99 --apply-memory-limit-plan,reports/raw/20260521_full_path_c_bwd_cells/bf16_adamw_path_b.json,0,0.0
bf16_adamw_path_c_cold,bf16,adamw,path_c_cold,ok,adamw,adamw,AdamW,cppmega_mlx.training.optimizers.AdamWFP32Moments,cppmega_mlx.training.optimizers.make_adamw,20,21.90364200004842,3.6595693330164067,535.2253913324831,3.6655982588356557,21.90364200004842,33.751627169549465,17.094252109527588,0.0,False,"{""kernel_counts"": {""path_c_tilelang_dsl"": 120, ""path_c_tilelang_dsl_packed_post"": 40}, ""op_kernel"": {""m2rnn"": ""path_c_tilelang_dsl_packed_post"", ""mamba3_mimo"": ""path_c_tilelang_dsl""}, ""path_c_fusion"": {""default_allowed"": false, ""direct_chain_runtime_binding_status"": ""direct_fusion_chain_logical_buffers_missing"", ""direct_chain_segment_count"": 5, ""direct_chain_status"": ""ready"", ""direct_chain_training_runtime_available"": false, ""direct_chain_training_runtime_status"": ""direct_fusion_chain_training_runtime_missing"", ""implementation_kind"": ""production"", ""missing_bank_buffers"": [""path_c_float32_abi_bank"", ""path_c_uint8_abi_bank"", ""path_c_int32_abi_bank""], ""missing_real_abi_inputs"": [], ""mode"": ""off"", ""production_fragments_complete"": true, ""production_schedule_id"": ""path_c_descriptor_chain_5785a4a0210e"", ""real_abi_contract_complete"": true, ""required_bank_buffers"": [""path_c_float32_abi_bank"", ""path_c_uint8_abi_bank"", ""path_c_int32_abi_bank""], ""runtime_binding_status"": ""model_owned_physical_abi_banks_missing"", ""runtime_uses_direct_fusion_chain"": false, ""runtime_uses_fused_train_block"": false, ""schedule_blockers"": [""selected_model_schedule_not_default"", ""fused_train_block_runtime_not_bound"", ""production_1b_matrix_profile_missing""], ""schedule_contract_status"": ""registered_not_lowered"", ""schedule_name"": ""local_gb10_quarter_path_c_10_12:descriptor_generated_fwd_bwd"", ""schedule_status"": ""ready"", ""single_kernel_fused"": false, ""status"": ""off""}, ""path_counts"": {""path_c"": 160}}","{""fp8_path_c_route_status"": ""not_requested"", ""fused_train_block_runtime_available"": false, ""kernel_surface_available"": true, ""path"": ""path_c_cold"", ""path_c_fusion"": {""default_allowed"": false, ""direct_chain_runtime_binding_status"": ""direct_fusion_chain_logical_buffers_missing"", ""direct_chain_segment_count"": 5, ""direct_chain_status"": ""ready"", ""direct_chain_training_runtime_available"": false, ""direct_chain_training_runtime_status"": ""direct_fusion_chain_training_runtime_missing"", ""implementation_kind"": ""production"", ""missing_bank_buffers"": [""path_c_float32_abi_bank"", ""path_c_uint8_abi_bank"", ""path_c_int32_abi_bank""], ""missing_real_abi_inputs"": [], ""mode"": ""off"", ""production_fragments_complete"": true, ""production_schedule_id"": ""path_c_descriptor_chain_5785a4a0210e"", ""real_abi_contract_complete"": true, ""required_bank_buffers"": [""path_c_float32_abi_bank"", ""path_c_uint8_abi_bank"", ""path_c_int32_abi_bank""], ""runtime_binding_status"": ""model_owned_physical_abi_banks_missing"", ""runtime_uses_direct_fusion_chain"": false, ""runtime_uses_fused_train_block"": false, ""schedule_blockers"": [""selected_model_schedule_not_default"", ""fused_train_block_runtime_not_bound"", ""production_1b_matrix_profile_missing""], ""schedule_contract_status"": ""registered_not_lowered"", ""schedule_name"": ""local_gb10_quarter_path_c_10_12:descriptor_generated_fwd_bwd"", ""schedule_status"": ""ready"", ""single_kernel_fused"": false, ""status"": ""off""}, ""path_c_requested"": true, ""proof_source"": ""per-kernel runtime dispatch log plus Path C fusion planner metadata; fused schedule native compile is a separate compile receipt"", ""runtime_uses_fused_train_block"": false}",ok,818afbb,33134bee,d168ca5ca,0.32.0.dev20260514+d168ca5ca,/Volumes/external/sources/nanochat/.venv/bin/python scripts/m04_train_step.py --model-profile local_gb10_quarter --data-path data/parquet_samples/gb10/clang_semantic_4k_v10/val_00000.parquet --data-format parquet --token-key token_ids --steps 20 --batch-size 1 --seq-len 2048 --dtype bfloat16 --optimizer adamw --optimizer-quant-scheme dynamic_int8_v1 --lr 1e-4 --grad-checkpoint --output reports/raw/20260521_full_path_c_bwd_cells/bf16_adamw_path_c_cold.json --json --memory-limit-total-bytes 69793218560 --memory-limit-wired-ratio 0.99 --memory-limit-metal-ratio 0.99 --apply-memory-limit-plan,reports/raw/20260521_full_path_c_bwd_cells/bf16_adamw_path_c_cold.json,0,0.0
bf16_adamw_path_c_warm,bf16,adamw,path_c_warm,ok,adamw,adamw,AdamW,cppmega_mlx.training.optimizers.AdamWFP32Moments,cppmega_mlx.training.optimizers.make_adamw,20,6.931239917001221,3.7564661250216886,532.582486294885,3.7559503113642627,6.931239917001221,33.751627169549465,17.094252109527588,0.0,True,"{""kernel_counts"": {""path_c_tilelang_dsl"": 120, ""path_c_tilelang_dsl_packed_post"": 40}, ""op_kernel"": {""m2rnn"": ""path_c_tilelang_dsl_packed_post"", ""mamba3_mimo"": ""path_c_tilelang_dsl""}, ""path_c_fusion"": {""default_allowed"": false, ""direct_chain_runtime_binding_status"": ""direct_fusion_chain_logical_buffers_missing"", ""direct_chain_segment_count"": 5, ""direct_chain_status"": ""ready"", ""direct_chain_training_runtime_available"": false, ""direct_chain_training_runtime_status"": ""direct_fusion_chain_training_runtime_missing"", ""implementation_kind"": ""production"", ""missing_bank_buffers"": [""path_c_float32_abi_bank"", ""path_c_uint8_abi_bank"", ""path_c_int32_abi_bank""], ""missing_real_abi_inputs"": [], ""mode"": ""off"", ""production_fragments_complete"": true, ""production_schedule_id"": ""path_c_descriptor_chain_5785a4a0210e"", ""real_abi_contract_complete"": true, ""required_bank_buffers"": [""path_c_float32_abi_bank"", ""path_c_uint8_abi_bank"", ""path_c_int32_abi_bank""], ""runtime_binding_status"": ""model_owned_physical_abi_banks_missing"", ""runtime_uses_direct_fusion_chain"": false, ""runtime_uses_fused_train_block"": false, ""schedule_blockers"": [""selected_model_schedule_not_default"", ""fused_train_block_runtime_not_bound"", ""production_1b_matrix_profile_missing""], ""schedule_contract_status"": ""registered_not_lowered"", ""schedule_name"": ""local_gb10_quarter_path_c_10_12:descriptor_generated_fwd_bwd"", ""schedule_status"": ""ready"", ""single_kernel_fused"": false, ""status"": ""off""}, ""path_counts"": {""path_c"": 160}}","{""fp8_path_c_route_status"": ""not_requested"", ""fused_train_block_runtime_available"": false, ""kernel_surface_available"": true, ""path"": ""path_c_warm"", ""path_c_fusion"": {""default_allowed"": false, ""direct_chain_runtime_binding_status"": ""direct_fusion_chain_logical_buffers_missing"", ""direct_chain_segment_count"": 5, ""direct_chain_status"": ""ready"", ""direct_chain_training_runtime_available"": false, ""direct_chain_training_runtime_status"": ""direct_fusion_chain_training_runtime_missing"", ""implementation_kind"": ""production"", ""missing_bank_buffers"": [""path_c_float32_abi_bank"", ""path_c_uint8_abi_bank"", ""path_c_int32_abi_bank""], ""missing_real_abi_inputs"": [], ""mode"": ""off"", ""production_fragments_complete"": true, ""production_schedule_id"": ""path_c_descriptor_chain_5785a4a0210e"", ""real_abi_contract_complete"": true, ""required_bank_buffers"": [""path_c_float32_abi_bank"", ""path_c_uint8_abi_bank"", ""path_c_int32_abi_bank""], ""runtime_binding_status"": ""model_owned_physical_abi_banks_missing"", ""runtime_uses_direct_fusion_chain"": false, ""runtime_uses_fused_train_block"": false, ""schedule_blockers"": [""selected_model_schedule_not_default"", ""fused_train_block_runtime_not_bound"", ""production_1b_matrix_profile_missing""], ""schedule_contract_status"": ""registered_not_lowered"", ""schedule_name"": ""local_gb10_quarter_path_c_10_12:descriptor_generated_fwd_bwd"", ""schedule_status"": ""ready"", ""single_kernel_fused"": false, ""status"": ""off""}, ""path_c_requested"": true, ""proof_source"": ""per-kernel runtime dispatch log plus Path C fusion planner metadata; fused schedule native compile is a separate compile receipt"", ""runtime_uses_fused_train_block"": false}",ok,818afbb,33134bee,d168ca5ca,0.32.0.dev20260514+d168ca5ca,/Volumes/external/sources/nanochat/.venv/bin/python scripts/m04_train_step.py --model-profile local_gb10_quarter --data-path data/parquet_samples/gb10/clang_semantic_4k_v10/val_00000.parquet --data-format parquet --token-key token_ids --steps 20 --batch-size 1 --seq-len 2048 --dtype bfloat16 --optimizer adamw --optimizer-quant-scheme dynamic_int8_v1 --lr 1e-4 --grad-checkpoint --output reports/raw/20260521_full_path_c_bwd_cells/bf16_adamw_path_c_warm.json --json --memory-limit-total-bytes 69793218560 --memory-limit-wired-ratio 0.99 --memory-limit-metal-ratio 0.99 --apply-memory-limit-plan,reports/raw/20260521_full_path_c_bwd_cells/bf16_adamw_path_c_warm.json,0,0.0
bf16_adam8bit_path_b,bf16,adam8bit,path_b,ok,adam8bit,adam8bit,Adam8bit,cppmega_mlx.training.optimizers_quantized.Adam8bit,cppmega_mlx.training.optimizers_quantized.make_adam8bit,20,2.285840582975652,2.006841416005045,1005.5274120419678,2.02490716889856,2.285840582975652,21.046031769365072,6.899504374712706,31.87900915183127,,"{""kernel_counts"": {""metal_kernel_fwd_v1"": 160}, ""op_kernel"": {""m2rnn"": ""metal_kernel_fwd_v1"", ""mamba3_mimo"": ""metal_kernel_fwd_v1""}, ""path_c_fusion"": {""default_allowed"": false, ""direct_chain_runtime_binding_status"": ""direct_fusion_chain_logical_buffers_missing"", ""direct_chain_segment_count"": 5, ""direct_chain_status"": ""ready"", ""direct_chain_training_runtime_available"": false, ""direct_chain_training_runtime_status"": ""direct_fusion_chain_training_runtime_missing"", ""implementation_kind"": ""production"", ""missing_bank_buffers"": [""path_c_float32_abi_bank"", ""path_c_uint8_abi_bank"", ""path_c_int32_abi_bank""], ""missing_real_abi_inputs"": [], ""mode"": ""off"", ""production_fragments_complete"": true, ""production_schedule_id"": ""path_c_descriptor_chain_5785a4a0210e"", ""real_abi_contract_complete"": true, ""required_bank_buffers"": [""path_c_float32_abi_bank"", ""path_c_uint8_abi_bank"", ""path_c_int32_abi_bank""], ""runtime_binding_status"": ""model_owned_physical_abi_banks_missing"", ""runtime_uses_direct_fusion_chain"": false, ""runtime_uses_fused_train_block"": false, ""schedule_blockers"": [""selected_model_schedule_not_default"", ""fused_train_block_runtime_not_bound"", ""production_1b_matrix_profile_missing""], ""schedule_contract_status"": ""registered_not_lowered"", ""schedule_name"": ""local_gb10_quarter_path_c_10_12:descriptor_generated_fwd_bwd"", ""schedule_status"": ""ready"", ""single_kernel_fused"": false, ""status"": ""off""}, ""path_counts"": {""path_b"": 160}}","{""fp8_path_c_route_status"": ""not_requested"", ""fused_train_block_runtime_available"": false, ""kernel_surface_available"": true, ""path"": ""path_b"", ""path_c_fusion"": {""default_allowed"": false, ""direct_chain_runtime_binding_status"": ""direct_fusion_chain_logical_buffers_missing"", ""direct_chain_segment_count"": 5, ""direct_chain_status"": ""ready"", ""direct_chain_training_runtime_available"": false, ""direct_chain_training_runtime_status"": ""direct_fusion_chain_training_runtime_missing"", ""implementation_kind"": ""production"", ""missing_bank_buffers"": [""path_c_float32_abi_bank"", ""path_c_uint8_abi_bank"", ""path_c_int32_abi_bank""], ""missing_real_abi_inputs"": [], ""mode"": ""off"", ""production_fragments_complete"": true, ""production_schedule_id"": ""path_c_descriptor_chain_5785a4a0210e"", ""real_abi_contract_complete"": true, ""required_bank_buffers"": [""path_c_float32_abi_bank"", ""path_c_uint8_abi_bank"", ""path_c_int32_abi_bank""], ""runtime_binding_status"": ""model_owned_physical_abi_banks_missing"", ""runtime_uses_direct_fusion_chain"": false, ""runtime_uses_fused_train_block"": false, ""schedule_blockers"": [""selected_model_schedule_not_default"", ""fused_train_block_runtime_not_bound"", ""production_1b_matrix_profile_missing""], ""schedule_contract_status"": ""registered_not_lowered"", ""schedule_name"": ""local_gb10_quarter_path_c_10_12:descriptor_generated_fwd_bwd"", ""schedule_status"": ""ready"", ""single_kernel_fused"": false, ""status"": ""off""}, ""path_c_requested"": false, ""proof_source"": ""per-kernel runtime dispatch log plus Path C fusion planner metadata; fused schedule native compile is a separate compile receipt"", ""runtime_uses_fused_train_block"": false}",ok,818afbb,33134bee,d168ca5ca,0.32.0.dev20260514+d168ca5ca,/Volumes/external/sources/nanochat/.venv/bin/python scripts/m04_train_step.py --model-profile local_gb10_quarter --data-path data/parquet_samples/gb10/clang_semantic_4k_v10/val_00000.parquet --data-format parquet --token-key token_ids --steps 20 --batch-size 1 --seq-len 2048 --dtype bfloat16 --optimizer adam8bit --optimizer-quant-scheme dynamic_int8_v1 --lr 1e-4 --grad-checkpoint --output reports/raw/20260521_full_path_c_bwd_cells/bf16_adam8bit_path_b.json --json --memory-limit-total-bytes 69793218560 --memory-limit-wired-ratio 0.99 --memory-limit-metal-ratio 0.99 --apply-memory-limit-plan,reports/raw/20260521_full_path_c_bwd_cells/bf16_adam8bit_path_b.json,0,0.0
bf16_adam8bit_path_c_cold,bf16,adam8bit,path_c_cold,ok,adam8bit,adam8bit,Adam8bit,cppmega_mlx.training.optimizers_quantized.Adam8bit,cppmega_mlx.training.optimizers_quantized.make_adam8bit,20,22.23769112501759,2.5107383750146255,777.5048606227049,2.5186311292560086,22.23769112501759,23.556775249540806,6.8994001895189285,0.0,False,"{""kernel_counts"": {""path_c_tilelang_dsl"": 120, ""path_c_tilelang_dsl_packed_post"": 40}, ""op_kernel"": {""m2rnn"": ""path_c_tilelang_dsl_packed_post"", ""mamba3_mimo"": ""path_c_tilelang_dsl""}, ""path_c_fusion"": {""default_allowed"": false, ""direct_chain_runtime_binding_status"": ""direct_fusion_chain_logical_buffers_missing"", ""direct_chain_segment_count"": 5, ""direct_chain_status"": ""ready"", ""direct_chain_training_runtime_available"": false, ""direct_chain_training_runtime_status"": ""direct_fusion_chain_training_runtime_missing"", ""implementation_kind"": ""production"", ""missing_bank_buffers"": [""path_c_float32_abi_bank"", ""path_c_uint8_abi_bank"", ""path_c_int32_abi_bank""], ""missing_real_abi_inputs"": [], ""mode"": ""off"", ""production_fragments_complete"": true, ""production_schedule_id"": ""path_c_descriptor_chain_5785a4a0210e"", ""real_abi_contract_complete"": true, ""required_bank_buffers"": [""path_c_float32_abi_bank"", ""path_c_uint8_abi_bank"", ""path_c_int32_abi_bank""], ""runtime_binding_status"": ""model_owned_physical_abi_banks_missing"", ""runtime_uses_direct_fusion_chain"": false, ""runtime_uses_fused_train_block"": false, ""schedule_blockers"": [""selected_model_schedule_not_default"", ""fused_train_block_runtime_not_bound"", ""production_1b_matrix_profile_missing""], ""schedule_contract_status"": ""registered_not_lowered"", ""schedule_name"": ""local_gb10_quarter_path_c_10_12:descriptor_generated_fwd_bwd"", ""schedule_status"": ""ready"", ""single_kernel_fused"": false, ""status"": ""off""}, ""path_counts"": {""path_c"": 160}}","{""fp8_path_c_route_status"": ""not_requested"", ""fused_train_block_runtime_available"": false, ""kernel_surface_available"": true, ""path"": ""path_c_cold"", ""path_c_fusion"": {""default_allowed"": false, ""direct_chain_runtime_binding_status"": ""direct_fusion_chain_logical_buffers_missing"", ""direct_chain_segment_count"": 5, ""direct_chain_status"": ""ready"", ""direct_chain_training_runtime_available"": false, ""direct_chain_training_runtime_status"": ""direct_fusion_chain_training_runtime_missing"", ""implementation_kind"": ""production"", ""missing_bank_buffers"": [""path_c_float32_abi_bank"", ""path_c_uint8_abi_bank"", ""path_c_int32_abi_bank""], ""missing_real_abi_inputs"": [], ""mode"": ""off"", ""production_fragments_complete"": true, ""production_schedule_id"": ""path_c_descriptor_chain_5785a4a0210e"", ""real_abi_contract_complete"": true, ""required_bank_buffers"": [""path_c_float32_abi_bank"", ""path_c_uint8_abi_bank"", ""path_c_int32_abi_bank""], ""runtime_binding_status"": ""model_owned_physical_abi_banks_missing"", ""runtime_uses_direct_fusion_chain"": false, ""runtime_uses_fused_train_block"": false, ""schedule_blockers"": [""selected_model_schedule_not_default"", ""fused_train_block_runtime_not_bound"", ""production_1b_matrix_profile_missing""], ""schedule_contract_status"": ""registered_not_lowered"", ""schedule_name"": ""local_gb10_quarter_path_c_10_12:descriptor_generated_fwd_bwd"", ""schedule_status"": ""ready"", ""single_kernel_fused"": false, ""status"": ""off""}, ""path_c_requested"": true, ""proof_source"": ""per-kernel runtime dispatch log plus Path C fusion planner metadata; fused schedule native compile is a separate compile receipt"", ""runtime_uses_fused_train_block"": false}",ok,818afbb,33134bee,d168ca5ca,0.32.0.dev20260514+d168ca5ca,/Volumes/external/sources/nanochat/.venv/bin/python scripts/m04_train_step.py --model-profile local_gb10_quarter --data-path data/parquet_samples/gb10/clang_semantic_4k_v10/val_00000.parquet --data-format parquet --token-key token_ids --steps 20 --batch-size 1 --seq-len 2048 --dtype bfloat16 --optimizer adam8bit --optimizer-quant-scheme dynamic_int8_v1 --lr 1e-4 --grad-checkpoint --output reports/raw/20260521_full_path_c_bwd_cells/bf16_adam8bit_path_c_cold.json --json --memory-limit-total-bytes 69793218560 --memory-limit-wired-ratio 0.99 --memory-limit-metal-ratio 0.99 --apply-memory-limit-plan,reports/raw/20260521_full_path_c_bwd_cells/bf16_adam8bit_path_c_cold.json,0,0.0
bf16_adam8bit_path_c_warm,bf16,adam8bit,path_c_warm,ok,adam8bit,adam8bit,Adam8bit,cppmega_mlx.training.optimizers_quantized.Adam8bit,cppmega_mlx.training.optimizers_quantized.make_adam8bit,20,5.860656707955059,2.4877599999890663,799.4939558249453,2.48688453720809,5.860656707955059,23.556775249540806,6.8994001895189285,0.0,True,"{""kernel_counts"": {""path_c_tilelang_dsl"": 120, ""path_c_tilelang_dsl_packed_post"": 40}, ""op_kernel"": {""m2rnn"": ""path_c_tilelang_dsl_packed_post"", ""mamba3_mimo"": ""path_c_tilelang_dsl""}, ""path_c_fusion"": {""default_allowed"": false, ""direct_chain_runtime_binding_status"": ""direct_fusion_chain_logical_buffers_missing"", ""direct_chain_segment_count"": 5, ""direct_chain_status"": ""ready"", ""direct_chain_training_runtime_available"": false, ""direct_chain_training_runtime_status"": ""direct_fusion_chain_training_runtime_missing"", ""implementation_kind"": ""production"", ""missing_bank_buffers"": [""path_c_float32_abi_bank"", ""path_c_uint8_abi_bank"", ""path_c_int32_abi_bank""], ""missing_real_abi_inputs"": [], ""mode"": ""off"", ""production_fragments_complete"": true, ""production_schedule_id"": ""path_c_descriptor_chain_5785a4a0210e"", ""real_abi_contract_complete"": true, ""required_bank_buffers"": [""path_c_float32_abi_bank"", ""path_c_uint8_abi_bank"", ""path_c_int32_abi_bank""], ""runtime_binding_status"": ""model_owned_physical_abi_banks_missing"", ""runtime_uses_direct_fusion_chain"": false, ""runtime_uses_fused_train_block"": false, ""schedule_blockers"": [""selected_model_schedule_not_default"", ""fused_train_block_runtime_not_bound"", ""production_1b_matrix_profile_missing""], ""schedule_contract_status"": ""registered_not_lowered"", ""schedule_name"": ""local_gb10_quarter_path_c_10_12:descriptor_generated_fwd_bwd"", ""schedule_status"": ""ready"", ""single_kernel_fused"": false, ""status"": ""off""}, ""path_counts"": {""path_c"": 160}}","{""fp8_path_c_route_status"": ""not_requested"", ""fused_train_block_runtime_available"": false, ""kernel_surface_available"": true, ""path"": ""path_c_warm"", ""path_c_fusion"": {""default_allowed"": false, ""direct_chain_runtime_binding_status"": ""direct_fusion_chain_logical_buffers_missing"", ""direct_chain_segment_count"": 5, ""direct_chain_status"": ""ready"", ""direct_chain_training_runtime_available"": false, ""direct_chain_training_runtime_status"": ""direct_fusion_chain_training_runtime_missing"", ""implementation_kind"": ""production"", ""missing_bank_buffers"": [""path_c_float32_abi_bank"", ""path_c_uint8_abi_bank"", ""path_c_int32_abi_bank""], ""missing_real_abi_inputs"": [], ""mode"": ""off"", ""production_fragments_complete"": true, ""production_schedule_id"": ""path_c_descriptor_chain_5785a4a0210e"", ""real_abi_contract_complete"": true, ""required_bank_buffers"": [""path_c_float32_abi_bank"", ""path_c_uint8_abi_bank"", ""path_c_int32_abi_bank""], ""runtime_binding_status"": ""model_owned_physical_abi_banks_missing"", ""runtime_uses_direct_fusion_chain"": false, ""runtime_uses_fused_train_block"": false, ""schedule_blockers"": [""selected_model_schedule_not_default"", ""fused_train_block_runtime_not_bound"", ""production_1b_matrix_profile_missing""], ""schedule_contract_status"": ""registered_not_lowered"", ""schedule_name"": ""local_gb10_quarter_path_c_10_12:descriptor_generated_fwd_bwd"", ""schedule_status"": ""ready"", ""single_kernel_fused"": false, ""status"": ""off""}, ""path_c_requested"": true, ""proof_source"": ""per-kernel runtime dispatch log plus Path C fusion planner metadata; fused schedule native compile is a separate compile receipt"", ""runtime_uses_fused_train_block"": false}",ok,818afbb,33134bee,d168ca5ca,0.32.0.dev20260514+d168ca5ca,/Volumes/external/sources/nanochat/.venv/bin/python scripts/m04_train_step.py --model-profile local_gb10_quarter --data-path data/parquet_samples/gb10/clang_semantic_4k_v10/val_00000.parquet --data-format parquet --token-key token_ids --steps 20 --batch-size 1 --seq-len 2048 --dtype bfloat16 --optimizer adam8bit --optimizer-quant-scheme dynamic_int8_v1 --lr 1e-4 --grad-checkpoint --output reports/raw/20260521_full_path_c_bwd_cells/bf16_adam8bit_path_c_warm.json --json --memory-limit-total-bytes 69793218560 --memory-limit-wired-ratio 0.99 --memory-limit-metal-ratio 0.99 --apply-memory-limit-plan,reports/raw/20260521_full_path_c_bwd_cells/bf16_adam8bit_path_c_warm.json,0,0.0
bf16_lion_path_b,bf16,lion,path_b,ok,lion,lion,Lion,cppmega_mlx.training.optimizers.LionFP32Moments,cppmega_mlx.training.optimizers.make_lion,20,6.237458290997893,9.883170292014256,208.8563694039977,10.281618813478609,6.237458290997893,33.563853887841105,10.25669632665813,42.832848224788904,,"{""kernel_counts"": {""metal_kernel_fwd_v1"": 160}, ""op_kernel"": {""m2rnn"": ""metal_kernel_fwd_v1"", ""mamba3_mimo"": ""metal_kernel_fwd_v1""}, ""path_c_fusion"": {""default_allowed"": false, ""direct_chain_runtime_binding_status"": ""direct_fusion_chain_logical_buffers_missing"", ""direct_chain_segment_count"": 5, ""direct_chain_status"": ""ready"", ""direct_chain_training_runtime_available"": false, ""direct_chain_training_runtime_status"": ""direct_fusion_chain_training_runtime_missing"", ""implementation_kind"": ""production"", ""missing_bank_buffers"": [""path_c_float32_abi_bank"", ""path_c_uint8_abi_bank"", ""path_c_int32_abi_bank""], ""missing_real_abi_inputs"": [], ""mode"": ""off"", ""production_fragments_complete"": true, ""production_schedule_id"": ""path_c_descriptor_chain_5785a4a0210e"", ""real_abi_contract_complete"": true, ""required_bank_buffers"": [""path_c_float32_abi_bank"", ""path_c_uint8_abi_bank"", ""path_c_int32_abi_bank""], ""runtime_binding_status"": ""model_owned_physical_abi_banks_missing"", ""runtime_uses_direct_fusion_chain"": false, ""runtime_uses_fused_train_block"": false, ""schedule_blockers"": [""selected_model_schedule_not_default"", ""fused_train_block_runtime_not_bound"", ""production_1b_matrix_profile_missing""], ""schedule_contract_status"": ""registered_not_lowered"", ""schedule_name"": ""local_gb10_quarter_path_c_10_12:descriptor_generated_fwd_bwd"", ""schedule_status"": ""ready"", ""single_kernel_fused"": false, ""status"": ""off""}, ""path_counts"": {""path_b"": 160}}","{""fp8_path_c_route_status"": ""not_requested"", ""fused_train_block_runtime_available"": false, ""kernel_surface_available"": true, ""path"": ""path_b"", ""path_c_fusion"": {""default_allowed"": false, ""direct_chain_runtime_binding_status"": ""direct_fusion_chain_logical_buffers_missing"", ""direct_chain_segment_count"": 5, ""direct_chain_status"": ""ready"", ""direct_chain_training_runtime_available"": false, ""direct_chain_training_runtime_status"": ""direct_fusion_chain_training_runtime_missing"", ""implementation_kind"": ""production"", ""missing_bank_buffers"": [""path_c_float32_abi_bank"", ""path_c_uint8_abi_bank"", ""path_c_int32_abi_bank""], ""missing_real_abi_inputs"": [], ""mode"": ""off"", ""production_fragments_complete"": true, ""production_schedule_id"": ""path_c_descriptor_chain_5785a4a0210e"", ""real_abi_contract_complete"": true, ""required_bank_buffers"": [""path_c_float32_abi_bank"", ""path_c_uint8_abi_bank"", ""path_c_int32_abi_bank""], ""runtime_binding_status"": ""model_owned_physical_abi_banks_missing"", ""runtime_uses_direct_fusion_chain"": false, ""runtime_uses_fused_train_block"": false, ""schedule_blockers"": [""selected_model_schedule_not_default"", ""fused_train_block_runtime_not_bound"", ""production_1b_matrix_profile_missing""], ""schedule_contract_status"": ""registered_not_lowered"", ""schedule_name"": ""local_gb10_quarter_path_c_10_12:descriptor_generated_fwd_bwd"", ""schedule_status"": ""ready"", ""single_kernel_fused"": false, ""status"": ""off""}, ""path_c_requested"": false, ""proof_source"": ""per-kernel runtime dispatch log plus Path C fusion planner metadata; fused schedule native compile is a separate compile receipt"", ""runtime_uses_fused_train_block"": false}",ok,818afbb,33134bee,d168ca5ca,0.32.0.dev20260514+d168ca5ca,/Volumes/external/sources/nanochat/.venv/bin/python scripts/m04_train_step.py --model-profile local_gb10_quarter --data-path data/parquet_samples/gb10/clang_semantic_4k_v10/val_00000.parquet --data-format parquet --token-key token_ids --steps 20 --batch-size 1 --seq-len 2048 --dtype bfloat16 --optimizer lion --optimizer-quant-scheme dynamic_int8_v1 --lr 1e-4 --grad-checkpoint --output reports/raw/20260521_full_path_c_bwd_cells/bf16_lion_path_b.json --json --memory-limit-total-bytes 69793218560 --memory-limit-wired-ratio 0.99 --memory-limit-metal-ratio 0.99 --apply-memory-limit-plan,reports/raw/20260521_full_path_c_bwd_cells/bf16_lion_path_b.json,0,0.0
bf16_lion_path_c_cold,bf16,lion,path_c_cold,ok,lion,lion,Lion,cppmega_mlx.training.optimizers.LionFP32Moments,cppmega_mlx.training.optimizers.make_lion,20,28.64099929103395,3.9730914999963716,491.52782976919286,3.990204399160575,28.64099929103395,26.913947746157646,10.256572686135769,0.0,False,"{""kernel_counts"": {""path_c_tilelang_dsl"": 120, ""path_c_tilelang_dsl_packed_post"": 40}, ""op_kernel"": {""m2rnn"": ""path_c_tilelang_dsl_packed_post"", ""mamba3_mimo"": ""path_c_tilelang_dsl""}, ""path_c_fusion"": {""default_allowed"": false, ""direct_chain_runtime_binding_status"": ""direct_fusion_chain_logical_buffers_missing"", ""direct_chain_segment_count"": 5, ""direct_chain_status"": ""ready"", ""direct_chain_training_runtime_available"": false, ""direct_chain_training_runtime_status"": ""direct_fusion_chain_training_runtime_missing"", ""implementation_kind"": ""production"", ""missing_bank_buffers"": [""path_c_float32_abi_bank"", ""path_c_uint8_abi_bank"", ""path_c_int32_abi_bank""], ""missing_real_abi_inputs"": [], ""mode"": ""off"", ""production_fragments_complete"": true, ""production_schedule_id"": ""path_c_descriptor_chain_5785a4a0210e"", ""real_abi_contract_complete"": true, ""required_bank_buffers"": [""path_c_float32_abi_bank"", ""path_c_uint8_abi_bank"", ""path_c_int32_abi_bank""], ""runtime_binding_status"": ""model_owned_physical_abi_banks_missing"", ""runtime_uses_direct_fusion_chain"": false, ""runtime_uses_fused_train_block"": false, ""schedule_blockers"": [""selected_model_schedule_not_default"", ""fused_train_block_runtime_not_bound"", ""production_1b_matrix_profile_missing""], ""schedule_contract_status"": ""registered_not_lowered"", ""schedule_name"": ""local_gb10_quarter_path_c_10_12:descriptor_generated_fwd_bwd"", ""schedule_status"": ""ready"", ""single_kernel_fused"": false, ""status"": ""off""}, ""path_counts"": {""path_c"": 160}}","{""fp8_path_c_route_status"": ""not_requested"", ""fused_train_block_runtime_available"": false, ""kernel_surface_available"": true, ""path"": ""path_c_cold"", ""path_c_fusion"": {""default_allowed"": false, ""direct_chain_runtime_binding_status"": ""direct_fusion_chain_logical_buffers_missing"", ""direct_chain_segment_count"": 5, ""direct_chain_status"": ""ready"", ""direct_chain_training_runtime_available"": false, ""direct_chain_training_runtime_status"": ""direct_fusion_chain_training_runtime_missing"", ""implementation_kind"": ""production"", ""missing_bank_buffers"": [""path_c_float32_abi_bank"", ""path_c_uint8_abi_bank"", ""path_c_int32_abi_bank""], ""missing_real_abi_inputs"": [], ""mode"": ""off"", ""production_fragments_complete"": true, ""production_schedule_id"": ""path_c_descriptor_chain_5785a4a0210e"", ""real_abi_contract_complete"": true, ""required_bank_buffers"": [""path_c_float32_abi_bank"", ""path_c_uint8_abi_bank"", ""path_c_int32_abi_bank""], ""runtime_binding_status"": ""model_owned_physical_abi_banks_missing"", ""runtime_uses_direct_fusion_chain"": false, ""runtime_uses_fused_train_block"": false, ""schedule_blockers"": [""selected_model_schedule_not_default"", ""fused_train_block_runtime_not_bound"", ""production_1b_matrix_profile_missing""], ""schedule_contract_status"": ""registered_not_lowered"", ""schedule_name"": ""local_gb10_quarter_path_c_10_12:descriptor_generated_fwd_bwd"", ""schedule_status"": ""ready"", ""single_kernel_fused"": false, ""status"": ""off""}, ""path_c_requested"": true, ""proof_source"": ""per-kernel runtime dispatch log plus Path C fusion planner metadata; fused schedule native compile is a separate compile receipt"", ""runtime_uses_fused_train_block"": false}",ok,818afbb,33134bee,d168ca5ca,0.32.0.dev20260514+d168ca5ca,/Volumes/external/sources/nanochat/.venv/bin/python scripts/m04_train_step.py --model-profile local_gb10_quarter --data-path data/parquet_samples/gb10/clang_semantic_4k_v10/val_00000.parquet --data-format parquet --token-key token_ids --steps 20 --batch-size 1 --seq-len 2048 --dtype bfloat16 --optimizer lion --optimizer-quant-scheme dynamic_int8_v1 --lr 1e-4 --grad-checkpoint --output reports/raw/20260521_full_path_c_bwd_cells/bf16_lion_path_c_cold.json --json --memory-limit-total-bytes 69793218560 --memory-limit-wired-ratio 0.99 --memory-limit-metal-ratio 0.99 --apply-memory-limit-plan,reports/raw/20260521_full_path_c_bwd_cells/bf16_lion_path_c_cold.json,0,0.0
bf16_lion_path_c_warm,bf16,lion,path_c_warm,ok,lion,lion,Lion,cppmega_mlx.training.optimizers.LionFP32Moments,cppmega_mlx.training.optimizers.make_lion,20,6.467367083008867,3.5083852089592256,569.1707173523972,3.5148327261007295,6.467367083008867,26.913947746157646,10.256572686135769,0.0,True,"{""kernel_counts"": {""path_c_tilelang_dsl"": 120, ""path_c_tilelang_dsl_packed_post"": 40}, ""op_kernel"": {""m2rnn"": ""path_c_tilelang_dsl_packed_post"", ""mamba3_mimo"": ""path_c_tilelang_dsl""}, ""path_c_fusion"": {""default_allowed"": false, ""direct_chain_runtime_binding_status"": ""direct_fusion_chain_logical_buffers_missing"", ""direct_chain_segment_count"": 5, ""direct_chain_status"": ""ready"", ""direct_chain_training_runtime_available"": false, ""direct_chain_training_runtime_status"": ""direct_fusion_chain_training_runtime_missing"", ""implementation_kind"": ""production"", ""missing_bank_buffers"": [""path_c_float32_abi_bank"", ""path_c_uint8_abi_bank"", ""path_c_int32_abi_bank""], ""missing_real_abi_inputs"": [], ""mode"": ""off"", ""production_fragments_complete"": true, ""production_schedule_id"": ""path_c_descriptor_chain_5785a4a0210e"", ""real_abi_contract_complete"": true, ""required_bank_buffers"": [""path_c_float32_abi_bank"", ""path_c_uint8_abi_bank"", ""path_c_int32_abi_bank""], ""runtime_binding_status"": ""model_owned_physical_abi_banks_missing"", ""runtime_uses_direct_fusion_chain"": false, ""runtime_uses_fused_train_block"": false, ""schedule_blockers"": [""selected_model_schedule_not_default"", ""fused_train_block_runtime_not_bound"", ""production_1b_matrix_profile_missing""], ""schedule_contract_status"": ""registered_not_lowered"", ""schedule_name"": ""local_gb10_quarter_path_c_10_12:descriptor_generated_fwd_bwd"", ""schedule_status"": ""ready"", ""single_kernel_fused"": false, ""status"": ""off""}, ""path_counts"": {""path_c"": 160}}","{""fp8_path_c_route_status"": ""not_requested"", ""fused_train_block_runtime_available"": false, ""kernel_surface_available"": true, ""path"": ""path_c_warm"", ""path_c_fusion"": {""default_allowed"": false, ""direct_chain_runtime_binding_status"": ""direct_fusion_chain_logical_buffers_missing"", ""direct_chain_segment_count"": 5, ""direct_chain_status"": ""ready"", ""direct_chain_training_runtime_available"": false, ""direct_chain_training_runtime_status"": ""direct_fusion_chain_training_runtime_missing"", ""implementation_kind"": ""production"", ""missing_bank_buffers"": [""path_c_float32_abi_bank"", ""path_c_uint8_abi_bank"", ""path_c_int32_abi_bank""], ""missing_real_abi_inputs"": [], ""mode"": ""off"", ""production_fragments_complete"": true, ""production_schedule_id"": ""path_c_descriptor_chain_5785a4a0210e"", ""real_abi_contract_complete"": true, ""required_bank_buffers"": [""path_c_float32_abi_bank"", ""path_c_uint8_abi_bank"", ""path_c_int32_abi_bank""], ""runtime_binding_status"": ""model_owned_physical_abi_banks_missing"", ""runtime_uses_direct_fusion_chain"": false, ""runtime_uses_fused_train_block"": false, ""schedule_blockers"": [""selected_model_schedule_not_default"", ""fused_train_block_runtime_not_bound"", ""production_1b_matrix_profile_missing""], ""schedule_contract_status"": ""registered_not_lowered"", ""schedule_name"": ""local_gb10_quarter_path_c_10_12:descriptor_generated_fwd_bwd"", ""schedule_status"": ""ready"", ""single_kernel_fused"": false, ""status"": ""off""}, ""path_c_requested"": true, ""proof_source"": ""per-kernel runtime dispatch log plus Path C fusion planner metadata; fused schedule native compile is a separate compile receipt"", ""runtime_uses_fused_train_block"": false}",ok,818afbb,33134bee,d168ca5ca,0.32.0.dev20260514+d168ca5ca,/Volumes/external/sources/nanochat/.venv/bin/python scripts/m04_train_step.py --model-profile local_gb10_quarter --data-path data/parquet_samples/gb10/clang_semantic_4k_v10/val_00000.parquet --data-format parquet --token-key token_ids --steps 20 --batch-size 1 --seq-len 2048 --dtype bfloat16 --optimizer lion --optimizer-quant-scheme dynamic_int8_v1 --lr 1e-4 --grad-checkpoint --output reports/raw/20260521_full_path_c_bwd_cells/bf16_lion_path_c_warm.json --json --memory-limit-total-bytes 69793218560 --memory-limit-wired-ratio 0.99 --memory-limit-metal-ratio 0.99 --apply-memory-limit-plan,reports/raw/20260521_full_path_c_bwd_cells/bf16_lion_path_c_warm.json,0,0.0
bf16_lion8bit_path_b,bf16,lion8bit,path_b,ok,lion8bit,lion8bit,Lion8bit,cppmega_mlx.training.optimizers_quantized.Lion8bit,cppmega_mlx.training.optimizers_quantized.make_lion8bit,20,2.2661122920108028,1.9830792080028914,1011.6198185307458,2.013287752162126,2.2661122920108028,19.275632988661528,5.159018674865365,31.28238262142986,,"{""kernel_counts"": {""metal_kernel_fwd_v1"": 160}, ""op_kernel"": {""m2rnn"": ""metal_kernel_fwd_v1"", ""mamba3_mimo"": ""metal_kernel_fwd_v1""}, ""path_c_fusion"": {""default_allowed"": false, ""direct_chain_runtime_binding_status"": ""direct_fusion_chain_logical_buffers_missing"", ""direct_chain_segment_count"": 5, ""direct_chain_status"": ""ready"", ""direct_chain_training_runtime_available"": false, ""direct_chain_training_runtime_status"": ""direct_fusion_chain_training_runtime_missing"", ""implementation_kind"": ""production"", ""missing_bank_buffers"": [""path_c_float32_abi_bank"", ""path_c_uint8_abi_bank"", ""path_c_int32_abi_bank""], ""missing_real_abi_inputs"": [], ""mode"": ""off"", ""production_fragments_complete"": true, ""production_schedule_id"": ""path_c_descriptor_chain_5785a4a0210e"", ""real_abi_contract_complete"": true, ""required_bank_buffers"": [""path_c_float32_abi_bank"", ""path_c_uint8_abi_bank"", ""path_c_int32_abi_bank""], ""runtime_binding_status"": ""model_owned_physical_abi_banks_missing"", ""runtime_uses_direct_fusion_chain"": false, ""runtime_uses_fused_train_block"": false, ""schedule_blockers"": [""selected_model_schedule_not_default"", ""fused_train_block_runtime_not_bound"", ""production_1b_matrix_profile_missing""], ""schedule_contract_status"": ""registered_not_lowered"", ""schedule_name"": ""local_gb10_quarter_path_c_10_12:descriptor_generated_fwd_bwd"", ""schedule_status"": ""ready"", ""single_kernel_fused"": false, ""status"": ""off""}, ""path_counts"": {""path_b"": 160}}","{""fp8_path_c_route_status"": ""not_requested"", ""fused_train_block_runtime_available"": false, ""kernel_surface_available"": true, ""path"": ""path_b"", ""path_c_fusion"": {""default_allowed"": false, ""direct_chain_runtime_binding_status"": ""direct_fusion_chain_logical_buffers_missing"", ""direct_chain_segment_count"": 5, ""direct_chain_status"": ""ready"", ""direct_chain_training_runtime_available"": false, ""direct_chain_training_runtime_status"": ""direct_fusion_chain_training_runtime_missing"", ""implementation_kind"": ""production"", ""missing_bank_buffers"": [""path_c_float32_abi_bank"", ""path_c_uint8_abi_bank"", ""path_c_int32_abi_bank""], ""missing_real_abi_inputs"": [], ""mode"": ""off"", ""production_fragments_complete"": true, ""production_schedule_id"": ""path_c_descriptor_chain_5785a4a0210e"", ""real_abi_contract_complete"": true, ""required_bank_buffers"": [""path_c_float32_abi_bank"", ""path_c_uint8_abi_bank"", ""path_c_int32_abi_bank""], ""runtime_binding_status"": ""model_owned_physical_abi_banks_missing"", ""runtime_uses_direct_fusion_chain"": false, ""runtime_uses_fused_train_block"": false, ""schedule_blockers"": [""selected_model_schedule_not_default"", ""fused_train_block_runtime_not_bound"", ""production_1b_matrix_profile_missing""], ""schedule_contract_status"": ""registered_not_lowered"", ""schedule_name"": ""local_gb10_quarter_path_c_10_12:descriptor_generated_fwd_bwd"", ""schedule_status"": ""ready"", ""single_kernel_fused"": false, ""status"": ""off""}, ""path_c_requested"": false, ""proof_source"": ""per-kernel runtime dispatch log plus Path C fusion planner metadata; fused schedule native compile is a separate compile receipt"", ""runtime_uses_fused_train_block"": false}",ok,818afbb,33134bee,d168ca5ca,0.32.0.dev20260514+d168ca5ca,/Volumes/external/sources/nanochat/.venv/bin/python scripts/m04_train_step.py --model-profile local_gb10_quarter --data-path data/parquet_samples/gb10/clang_semantic_4k_v10/val_00000.parquet --data-format parquet --token-key token_ids --steps 20 --batch-size 1 --seq-len 2048 --dtype bfloat16 --optimizer lion8bit --optimizer-quant-scheme dynamic_int8_v1 --lr 1e-4 --grad-checkpoint --output reports/raw/20260521_full_path_c_bwd_cells/bf16_lion8bit_path_b.json --json --memory-limit-total-bytes 69793218560 --memory-limit-wired-ratio 0.99 --memory-limit-metal-ratio 0.99 --apply-memory-limit-plan,reports/raw/20260521_full_path_c_bwd_cells/bf16_lion8bit_path_b.json,0,0.0
bf16_lion8bit_path_c_cold,bf16,lion8bit,path_c_cold,ok,lion8bit,lion8bit,Lion8bit,cppmega_mlx.training.optimizers_quantized.Lion8bit,cppmega_mlx.training.optimizers_quantized.make_lion8bit,20,19.564886041975114,2.3506120829842985,831.8310111569168,2.352898182163603,19.564886041975114,21.81630419753492,5.1589291375130415,0.0,False,"{""kernel_counts"": {""path_c_tilelang_dsl"": 120, ""path_c_tilelang_dsl_packed_post"": 40}, ""op_kernel"": {""m2rnn"": ""path_c_tilelang_dsl_packed_post"", ""mamba3_mimo"": ""path_c_tilelang_dsl""}, ""path_c_fusion"": {""default_allowed"": false, ""direct_chain_runtime_binding_status"": ""direct_fusion_chain_logical_buffers_missing"", ""direct_chain_segment_count"": 5, ""direct_chain_status"": ""ready"", ""direct_chain_training_runtime_available"": false, ""direct_chain_training_runtime_status"": ""direct_fusion_chain_training_runtime_missing"", ""implementation_kind"": ""production"", ""missing_bank_buffers"": [""path_c_float32_abi_bank"", ""path_c_uint8_abi_bank"", ""path_c_int32_abi_bank""], ""missing_real_abi_inputs"": [], ""mode"": ""off"", ""production_fragments_complete"": true, ""production_schedule_id"": ""path_c_descriptor_chain_5785a4a0210e"", ""real_abi_contract_complete"": true, ""required_bank_buffers"": [""path_c_float32_abi_bank"", ""path_c_uint8_abi_bank"", ""path_c_int32_abi_bank""], ""runtime_binding_status"": ""model_owned_physical_abi_banks_missing"", ""runtime_uses_direct_fusion_chain"": false, ""runtime_uses_fused_train_block"": false, ""schedule_blockers"": [""selected_model_schedule_not_default"", ""fused_train_block_runtime_not_bound"", ""production_1b_matrix_profile_missing""], ""schedule_contract_status"": ""registered_not_lowered"", ""schedule_name"": ""local_gb10_quarter_path_c_10_12:descriptor_generated_fwd_bwd"", ""schedule_status"": ""ready"", ""single_kernel_fused"": false, ""status"": ""off""}, ""path_counts"": {""path_c"": 160}}","{""fp8_path_c_route_status"": ""not_requested"", ""fused_train_block_runtime_available"": false, ""kernel_surface_available"": true, ""path"": ""path_c_cold"", ""path_c_fusion"": {""default_allowed"": false, ""direct_chain_runtime_binding_status"": ""direct_fusion_chain_logical_buffers_missing"", ""direct_chain_segment_count"": 5, ""direct_chain_status"": ""ready"", ""direct_chain_training_runtime_available"": false, ""direct_chain_training_runtime_status"": ""direct_fusion_chain_training_runtime_missing"", ""implementation_kind"": ""production"", ""missing_bank_buffers"": [""path_c_float32_abi_bank"", ""path_c_uint8_abi_bank"", ""path_c_int32_abi_bank""], ""missing_real_abi_inputs"": [], ""mode"": ""off"", ""production_fragments_complete"": true, ""production_schedule_id"": ""path_c_descriptor_chain_5785a4a0210e"", ""real_abi_contract_complete"": true, ""required_bank_buffers"": [""path_c_float32_abi_bank"", ""path_c_uint8_abi_bank"", ""path_c_int32_abi_bank""], ""runtime_binding_status"": ""model_owned_physical_abi_banks_missing"", ""runtime_uses_direct_fusion_chain"": false, ""runtime_uses_fused_train_block"": false, ""schedule_blockers"": [""selected_model_schedule_not_default"", ""fused_train_block_runtime_not_bound"", ""production_1b_matrix_profile_missing""], ""schedule_contract_status"": ""registered_not_lowered"", ""schedule_name"": ""local_gb10_quarter_path_c_10_12:descriptor_generated_fwd_bwd"", ""schedule_status"": ""ready"", ""single_kernel_fused"": false, ""status"": ""off""}, ""path_c_requested"": true, ""proof_source"": ""per-kernel runtime dispatch log plus Path C fusion planner metadata; fused schedule native compile is a separate compile receipt"", ""runtime_uses_fused_train_block"": false}",ok,818afbb,33134bee,d168ca5ca,0.32.0.dev20260514+d168ca5ca,/Volumes/external/sources/nanochat/.venv/bin/python scripts/m04_train_step.py --model-profile local_gb10_quarter --data-path data/parquet_samples/gb10/clang_semantic_4k_v10/val_00000.parquet --data-format parquet --token-key token_ids --steps 20 --batch-size 1 --seq-len 2048 --dtype bfloat16 --optimizer lion8bit --optimizer-quant-scheme dynamic_int8_v1 --lr 1e-4 --grad-checkpoint --output reports/raw/20260521_full_path_c_bwd_cells/bf16_lion8bit_path_c_cold.json --json --memory-limit-total-bytes 69793218560 --memory-limit-wired-ratio 0.99 --memory-limit-metal-ratio 0.99 --apply-memory-limit-plan,reports/raw/20260521_full_path_c_bwd_cells/bf16_lion8bit_path_c_cold.json,0,0.0
bf16_lion8bit_path_c_warm,bf16,lion8bit,path_c_warm,ok,lion8bit,lion8bit,Lion8bit,cppmega_mlx.training.optimizers_quantized.Lion8bit,cppmega_mlx.training.optimizers_quantized.make_lion8bit,20,5.887819958035834,2.581615958013572,759.4873598440633,2.6252382499943976,5.887819958035834,21.81630419753492,5.1589291375130415,0.0,True,"{""kernel_counts"": {""path_c_tilelang_dsl"": 120, ""path_c_tilelang_dsl_packed_post"": 40}, ""op_kernel"": {""m2rnn"": ""path_c_tilelang_dsl_packed_post"", ""mamba3_mimo"": ""path_c_tilelang_dsl""}, ""path_c_fusion"": {""default_allowed"": false, ""direct_chain_runtime_binding_status"": ""direct_fusion_chain_logical_buffers_missing"", ""direct_chain_segment_count"": 5, ""direct_chain_status"": ""ready"", ""direct_chain_training_runtime_available"": false, ""direct_chain_training_runtime_status"": ""direct_fusion_chain_training_runtime_missing"", ""implementation_kind"": ""production"", ""missing_bank_buffers"": [""path_c_float32_abi_bank"", ""path_c_uint8_abi_bank"", ""path_c_int32_abi_bank""], ""missing_real_abi_inputs"": [], ""mode"": ""off"", ""production_fragments_complete"": true, ""production_schedule_id"": ""path_c_descriptor_chain_5785a4a0210e"", ""real_abi_contract_complete"": true, ""required_bank_buffers"": [""path_c_float32_abi_bank"", ""path_c_uint8_abi_bank"", ""path_c_int32_abi_bank""], ""runtime_binding_status"": ""model_owned_physical_abi_banks_missing"", ""runtime_uses_direct_fusion_chain"": false, ""runtime_uses_fused_train_block"": false, ""schedule_blockers"": [""selected_model_schedule_not_default"", ""fused_train_block_runtime_not_bound"", ""production_1b_matrix_profile_missing""], ""schedule_contract_status"": ""registered_not_lowered"", ""schedule_name"": ""local_gb10_quarter_path_c_10_12:descriptor_generated_fwd_bwd"", ""schedule_status"": ""ready"", ""single_kernel_fused"": false, ""status"": ""off""}, ""path_counts"": {""path_c"": 160}}","{""fp8_path_c_route_status"": ""not_requested"", ""fused_train_block_runtime_available"": false, ""kernel_surface_available"": true, ""path"": ""path_c_warm"", ""path_c_fusion"": {""default_allowed"": false, ""direct_chain_runtime_binding_status"": ""direct_fusion_chain_logical_buffers_missing"", ""direct_chain_segment_count"": 5, ""direct_chain_status"": ""ready"", ""direct_chain_training_runtime_available"": false, ""direct_chain_training_runtime_status"": ""direct_fusion_chain_training_runtime_missing"", ""implementation_kind"": ""production"", ""missing_bank_buffers"": [""path_c_float32_abi_bank"", ""path_c_uint8_abi_bank"", ""path_c_int32_abi_bank""], ""missing_real_abi_inputs"": [], ""mode"": ""off"", ""production_fragments_complete"": true, ""production_schedule_id"": ""path_c_descriptor_chain_5785a4a0210e"", ""real_abi_contract_complete"": true, ""required_bank_buffers"": [""path_c_float32_abi_bank"", ""path_c_uint8_abi_bank"", ""path_c_int32_abi_bank""], ""runtime_binding_status"": ""model_owned_physical_abi_banks_missing"", ""runtime_uses_direct_fusion_chain"": false, ""runtime_uses_fused_train_block"": false, ""schedule_blockers"": [""selected_model_schedule_not_default"", ""fused_train_block_runtime_not_bound"", ""production_1b_matrix_profile_missing""], ""schedule_contract_status"": ""registered_not_lowered"", ""schedule_name"": ""local_gb10_quarter_path_c_10_12:descriptor_generated_fwd_bwd"", ""schedule_status"": ""ready"", ""single_kernel_fused"": false, ""status"": ""off""}, ""path_c_requested"": true, ""proof_source"": ""per-kernel runtime dispatch log plus Path C fusion planner metadata; fused schedule native compile is a separate compile receipt"", ""runtime_uses_fused_train_block"": false}",ok,818afbb,33134bee,d168ca5ca,0.32.0.dev20260514+d168ca5ca,/Volumes/external/sources/nanochat/.venv/bin/python scripts/m04_train_step.py --model-profile local_gb10_quarter --data-path data/parquet_samples/gb10/clang_semantic_4k_v10/val_00000.parquet --data-format parquet --token-key token_ids --steps 20 --batch-size 1 --seq-len 2048 --dtype bfloat16 --optimizer lion8bit --optimizer-quant-scheme dynamic_int8_v1 --lr 1e-4 --grad-checkpoint --output reports/raw/20260521_full_path_c_bwd_cells/bf16_lion8bit_path_c_warm.json --json --memory-limit-total-bytes 69793218560 --memory-limit-wired-ratio 0.99 --memory-limit-metal-ratio 0.99 --apply-memory-limit-plan,reports/raw/20260521_full_path_c_bwd_cells/bf16_lion8bit_path_c_warm.json,0,0.0
bf16_muon_path_b,bf16,muon,path_b,ok,muon,muon_adamw,MuonAdamW,cppmega_mlx.training.optimizers.MuonAdamWMulti,cppmega_mlx.training.optimizers.make_muon,20,9.502509041980375,8.267229666991625,241.16847771004177,8.47485225431094,9.502509041980375,24.608391815796494,12.064495138823986,36.85879866220057,,"{""kernel_counts"": {""metal_kernel_fwd_v1"": 160}, ""op_kernel"": {""m2rnn"": ""metal_kernel_fwd_v1"", ""mamba3_mimo"": ""metal_kernel_fwd_v1""}, ""path_c_fusion"": {""default_allowed"": false, ""direct_chain_runtime_binding_status"": ""direct_fusion_chain_logical_buffers_missing"", ""direct_chain_segment_count"": 5, ""direct_chain_status"": ""ready"", ""direct_chain_training_runtime_available"": false, ""direct_chain_training_runtime_status"": ""direct_fusion_chain_training_runtime_missing"", ""implementation_kind"": ""production"", ""missing_bank_buffers"": [""path_c_float32_abi_bank"", ""path_c_uint8_abi_bank"", ""path_c_int32_abi_bank""], ""missing_real_abi_inputs"": [], ""mode"": ""off"", ""production_fragments_complete"": true, ""production_schedule_id"": ""path_c_descriptor_chain_5785a4a0210e"", ""real_abi_contract_complete"": true, ""required_bank_buffers"": [""path_c_float32_abi_bank"", ""path_c_uint8_abi_bank"", ""path_c_int32_abi_bank""], ""runtime_binding_status"": ""model_owned_physical_abi_banks_missing"", ""runtime_uses_direct_fusion_chain"": false, ""runtime_uses_fused_train_block"": false, ""schedule_blockers"": [""selected_model_schedule_not_default"", ""fused_train_block_runtime_not_bound"", ""production_1b_matrix_profile_missing""], ""schedule_contract_status"": ""registered_not_lowered"", ""schedule_name"": ""local_gb10_quarter_path_c_10_12:descriptor_generated_fwd_bwd"", ""schedule_status"": ""ready"", ""single_kernel_fused"": false, ""status"": ""off""}, ""path_counts"": {""path_b"": 160}}","{""fp8_path_c_route_status"": ""not_requested"", ""fused_train_block_runtime_available"": false, ""kernel_surface_available"": true, ""path"": ""path_b"", ""path_c_fusion"": {""default_allowed"": false, ""direct_chain_runtime_binding_status"": ""direct_fusion_chain_logical_buffers_missing"", ""direct_chain_segment_count"": 5, ""direct_chain_status"": ""ready"", ""direct_chain_training_runtime_available"": false, ""direct_chain_training_runtime_status"": ""direct_fusion_chain_training_runtime_missing"", ""implementation_kind"": ""production"", ""missing_bank_buffers"": [""path_c_float32_abi_bank"", ""path_c_uint8_abi_bank"", ""path_c_int32_abi_bank""], ""missing_real_abi_inputs"": [], ""mode"": ""off"", ""production_fragments_complete"": true, ""production_schedule_id"": ""path_c_descriptor_chain_5785a4a0210e"", ""real_abi_contract_complete"": true, ""required_bank_buffers"": [""path_c_float32_abi_bank"", ""path_c_uint8_abi_bank"", ""path_c_int32_abi_bank""], ""runtime_binding_status"": ""model_owned_physical_abi_banks_missing"", ""runtime_uses_direct_fusion_chain"": false, ""runtime_uses_fused_train_block"": false, ""schedule_blockers"": [""selected_model_schedule_not_default"", ""fused_train_block_runtime_not_bound"", ""production_1b_matrix_profile_missing""], ""schedule_contract_status"": ""registered_not_lowered"", ""schedule_name"": ""local_gb10_quarter_path_c_10_12:descriptor_generated_fwd_bwd"", ""schedule_status"": ""ready"", ""single_kernel_fused"": false, ""status"": ""off""}, ""path_c_requested"": false, ""proof_source"": ""per-kernel runtime dispatch log plus Path C fusion planner metadata; fused schedule native compile is a separate compile receipt"", ""runtime_uses_fused_train_block"": false}",ok,818afbb,33134bee,d168ca5ca,0.32.0.dev20260514+d168ca5ca,/Volumes/external/sources/nanochat/.venv/bin/python scripts/m04_train_step.py --model-profile local_gb10_quarter --data-path data/parquet_samples/gb10/clang_semantic_4k_v10/val_00000.parquet --data-format parquet --token-key token_ids --steps 20 --batch-size 1 --seq-len 2048 --dtype bfloat16 --optimizer muon --optimizer-quant-scheme dynamic_int8_v1 --lr 1e-4 --grad-checkpoint --output reports/raw/20260521_full_path_c_bwd_cells/bf16_muon_path_b.json --json --memory-limit-total-bytes 69793218560 --memory-limit-wired-ratio 0.99 --memory-limit-metal-ratio 0.99 --apply-memory-limit-plan,reports/raw/20260521_full_path_c_bwd_cells/bf16_muon_path_b.json,0,0.0
bf16_muon_path_c_cold,bf16,muon,path_c_cold,ok,muon,muon_adamw,MuonAdamW,cppmega_mlx.training.optimizers.MuonAdamWMulti,cppmega_mlx.training.optimizers.make_muon,20,33.50688004196854,9.055368500004988,217.02440794644502,9.091786486902397,33.50688004196854,28.721842031925917,12.06446697190404,0.0,False,"{""kernel_counts"": {""path_c_tilelang_dsl"": 120, ""path_c_tilelang_dsl_packed_post"": 40}, ""op_kernel"": {""m2rnn"": ""path_c_tilelang_dsl_packed_post"", ""mamba3_mimo"": ""path_c_tilelang_dsl""}, ""path_c_fusion"": {""default_allowed"": false, ""direct_chain_runtime_binding_status"": ""direct_fusion_chain_logical_buffers_missing"", ""direct_chain_segment_count"": 5, ""direct_chain_status"": ""ready"", ""direct_chain_training_runtime_available"": false, ""direct_chain_training_runtime_status"": ""direct_fusion_chain_training_runtime_missing"", ""implementation_kind"": ""production"", ""missing_bank_buffers"": [""path_c_float32_abi_bank"", ""path_c_uint8_abi_bank"", ""path_c_int32_abi_bank""], ""missing_real_abi_inputs"": [], ""mode"": ""off"", ""production_fragments_complete"": true, ""production_schedule_id"": ""path_c_descriptor_chain_5785a4a0210e"", ""real_abi_contract_complete"": true, ""required_bank_buffers"": [""path_c_float32_abi_bank"", ""path_c_uint8_abi_bank"", ""path_c_int32_abi_bank""], ""runtime_binding_status"": ""model_owned_physical_abi_banks_missing"", ""runtime_uses_direct_fusion_chain"": false, ""runtime_uses_fused_train_block"": false, ""schedule_blockers"": [""selected_model_schedule_not_default"", ""fused_train_block_runtime_not_bound"", ""production_1b_matrix_profile_missing""], ""schedule_contract_status"": ""registered_not_lowered"", ""schedule_name"": ""local_gb10_quarter_path_c_10_12:descriptor_generated_fwd_bwd"", ""schedule_status"": ""ready"", ""single_kernel_fused"": false, ""status"": ""off""}, ""path_counts"": {""path_c"": 160}}","{""fp8_path_c_route_status"": ""not_requested"", ""fused_train_block_runtime_available"": false, ""kernel_surface_available"": true, ""path"": ""path_c_cold"", ""path_c_fusion"": {""default_allowed"": false, ""direct_chain_runtime_binding_status"": ""direct_fusion_chain_logical_buffers_missing"", ""direct_chain_segment_count"": 5, ""direct_chain_status"": ""ready"", ""direct_chain_training_runtime_available"": false, ""direct_chain_training_runtime_status"": ""direct_fusion_chain_training_runtime_missing"", ""implementation_kind"": ""production"", ""missing_bank_buffers"": [""path_c_float32_abi_bank"", ""path_c_uint8_abi_bank"", ""path_c_int32_abi_bank""], ""missing_real_abi_inputs"": [], ""mode"": ""off"", ""production_fragments_complete"": true, ""production_schedule_id"": ""path_c_descriptor_chain_5785a4a0210e"", ""real_abi_contract_complete"": true, ""required_bank_buffers"": [""path_c_float32_abi_bank"", ""path_c_uint8_abi_bank"", ""path_c_int32_abi_bank""], ""runtime_binding_status"": ""model_owned_physical_abi_banks_missing"", ""runtime_uses_direct_fusion_chain"": false, ""runtime_uses_fused_train_block"": false, ""schedule_blockers"": [""selected_model_schedule_not_default"", ""fused_train_block_runtime_not_bound"", ""production_1b_matrix_profile_missing""], ""schedule_contract_status"": ""registered_not_lowered"", ""schedule_name"": ""local_gb10_quarter_path_c_10_12:descriptor_generated_fwd_bwd"", ""schedule_status"": ""ready"", ""single_kernel_fused"": false, ""status"": ""off""}, ""path_c_requested"": true, ""proof_source"": ""per-kernel runtime dispatch log plus Path C fusion planner metadata; fused schedule native compile is a separate compile receipt"", ""runtime_uses_fused_train_block"": false}",ok,818afbb,33134bee,d168ca5ca,0.32.0.dev20260514+d168ca5ca,/Volumes/external/sources/nanochat/.venv/bin/python scripts/m04_train_step.py --model-profile local_gb10_quarter --data-path data/parquet_samples/gb10/clang_semantic_4k_v10/val_00000.parquet --data-format parquet --token-key token_ids --steps 20 --batch-size 1 --seq-len 2048 --dtype bfloat16 --optimizer muon --optimizer-quant-scheme dynamic_int8_v1 --lr 1e-4 --grad-checkpoint --output reports/raw/20260521_full_path_c_bwd_cells/bf16_muon_path_c_cold.json --json --memory-limit-total-bytes 69793218560 --memory-limit-wired-ratio 0.99 --memory-limit-metal-ratio 0.99 --apply-memory-limit-plan,reports/raw/20260521_full_path_c_bwd_cells/bf16_muon_path_c_cold.json,0,0.0
bf16_muon_path_c_warm,bf16,muon,path_c_warm,ok,muon,muon_adamw,MuonAdamW,cppmega_mlx.training.optimizers.MuonAdamWMulti,cppmega_mlx.training.optimizers.make_muon,20,32.68973458302207,9.001436459016986,219.1914997189578,9.002809818055923,32.68973458302207,28.721842031925917,12.06446697190404,0.0,True,"{""kernel_counts"": {""path_c_tilelang_dsl"": 120, ""path_c_tilelang_dsl_packed_post"": 40}, ""op_kernel"": {""m2rnn"": ""path_c_tilelang_dsl_packed_post"", ""mamba3_mimo"": ""path_c_tilelang_dsl""}, ""path_c_fusion"": {""default_allowed"": false, ""direct_chain_runtime_binding_status"": ""direct_fusion_chain_logical_buffers_missing"", ""direct_chain_segment_count"": 5, ""direct_chain_status"": ""ready"", ""direct_chain_training_runtime_available"": false, ""direct_chain_training_runtime_status"": ""direct_fusion_chain_training_runtime_missing"", ""implementation_kind"": ""production"", ""missing_bank_buffers"": [""path_c_float32_abi_bank"", ""path_c_uint8_abi_bank"", ""path_c_int32_abi_bank""], ""missing_real_abi_inputs"": [], ""mode"": ""off"", ""production_fragments_complete"": true, ""production_schedule_id"": ""path_c_descriptor_chain_5785a4a0210e"", ""real_abi_contract_complete"": true, ""required_bank_buffers"": [""path_c_float32_abi_bank"", ""path_c_uint8_abi_bank"", ""path_c_int32_abi_bank""], ""runtime_binding_status"": ""model_owned_physical_abi_banks_missing"", ""runtime_uses_direct_fusion_chain"": false, ""runtime_uses_fused_train_block"": false, ""schedule_blockers"": [""selected_model_schedule_not_default"", ""fused_train_block_runtime_not_bound"", ""production_1b_matrix_profile_missing""], ""schedule_contract_status"": ""registered_not_lowered"", ""schedule_name"": ""local_gb10_quarter_path_c_10_12:descriptor_generated_fwd_bwd"", ""schedule_status"": ""ready"", ""single_kernel_fused"": false, ""status"": ""off""}, ""path_counts"": {""path_c"": 160}}","{""fp8_path_c_route_status"": ""not_requested"", ""fused_train_block_runtime_available"": false, ""kernel_surface_available"": true, ""path"": ""path_c_warm"", ""path_c_fusion"": {""default_allowed"": false, ""direct_chain_runtime_binding_status"": ""direct_fusion_chain_logical_buffers_missing"", ""direct_chain_segment_count"": 5, ""direct_chain_status"": ""ready"", ""direct_chain_training_runtime_available"": false, ""direct_chain_training_runtime_status"": ""direct_fusion_chain_training_runtime_missing"", ""implementation_kind"": ""production"", ""missing_bank_buffers"": [""path_c_float32_abi_bank"", ""path_c_uint8_abi_bank"", ""path_c_int32_abi_bank""], ""missing_real_abi_inputs"": [], ""mode"": ""off"", ""production_fragments_complete"": true, ""production_schedule_id"": ""path_c_descriptor_chain_5785a4a0210e"", ""real_abi_contract_complete"": true, ""required_bank_buffers"": [""path_c_float32_abi_bank"", ""path_c_uint8_abi_bank"", ""path_c_int32_abi_bank""], ""runtime_binding_status"": ""model_owned_physical_abi_banks_missing"", ""runtime_uses_direct_fusion_chain"": false, ""runtime_uses_fused_train_block"": false, ""schedule_blockers"": [""selected_model_schedule_not_default"", ""fused_train_block_runtime_not_bound"", ""production_1b_matrix_profile_missing""], ""schedule_contract_status"": ""registered_not_lowered"", ""schedule_name"": ""local_gb10_quarter_path_c_10_12:descriptor_generated_fwd_bwd"", ""schedule_status"": ""ready"", ""single_kernel_fused"": false, ""status"": ""off""}, ""path_c_requested"": true, ""proof_source"": ""per-kernel runtime dispatch log plus Path C fusion planner metadata; fused schedule native compile is a separate compile receipt"", ""runtime_uses_fused_train_block"": false}",ok,818afbb,33134bee,d168ca5ca,0.32.0.dev20260514+d168ca5ca,/Volumes/external/sources/nanochat/.venv/bin/python scripts/m04_train_step.py --model-profile local_gb10_quarter --data-path data/parquet_samples/gb10/clang_semantic_4k_v10/val_00000.parquet --data-format parquet --token-key token_ids --steps 20 --batch-size 1 --seq-len 2048 --dtype bfloat16 --optimizer muon --optimizer-quant-scheme dynamic_int8_v1 --lr 1e-4 --grad-checkpoint --output reports/raw/20260521_full_path_c_bwd_cells/bf16_muon_path_c_warm.json --json --memory-limit-total-bytes 69793218560 --memory-limit-wired-ratio 0.99 --memory-limit-metal-ratio 0.99 --apply-memory-limit-plan,reports/raw/20260521_full_path_c_bwd_cells/bf16_muon_path_c_warm.json,0,0.0
bf16_muon_adamw_path_b,bf16,muon_adamw,path_b,ok,muon_adamw,muon_adamw,MuonAdamW,cppmega_mlx.training.optimizers.MuonAdamWMulti,cppmega_mlx.training.optimizers.make_muon,20,10.27978699997766,9.85520466696471,195.93137231286318,10.996507622791748,10.27978699997766,24.60838800482452,12.064496088773012,37.069980366155505,,"{""kernel_counts"": {""metal_kernel_fwd_v1"": 160}, ""op_kernel"": {""m2rnn"": ""metal_kernel_fwd_v1"", ""mamba3_mimo"": ""metal_kernel_fwd_v1""}, ""path_c_fusion"": {""default_allowed"": false, ""direct_chain_runtime_binding_status"": ""direct_fusion_chain_logical_buffers_missing"", ""direct_chain_segment_count"": 5, ""direct_chain_status"": ""ready"", ""direct_chain_training_runtime_available"": false, ""direct_chain_training_runtime_status"": ""direct_fusion_chain_training_runtime_missing"", ""implementation_kind"": ""production"", ""missing_bank_buffers"": [""path_c_float32_abi_bank"", ""path_c_uint8_abi_bank"", ""path_c_int32_abi_bank""], ""missing_real_abi_inputs"": [], ""mode"": ""off"", ""production_fragments_complete"": true, ""production_schedule_id"": ""path_c_descriptor_chain_5785a4a0210e"", ""real_abi_contract_complete"": true, ""required_bank_buffers"": [""path_c_float32_abi_bank"", ""path_c_uint8_abi_bank"", ""path_c_int32_abi_bank""], ""runtime_binding_status"": ""model_owned_physical_abi_banks_missing"", ""runtime_uses_direct_fusion_chain"": false, ""runtime_uses_fused_train_block"": false, ""schedule_blockers"": [""selected_model_schedule_not_default"", ""fused_train_block_runtime_not_bound"", ""production_1b_matrix_profile_missing""], ""schedule_contract_status"": ""registered_not_lowered"", ""schedule_name"": ""local_gb10_quarter_path_c_10_12:descriptor_generated_fwd_bwd"", ""schedule_status"": ""ready"", ""single_kernel_fused"": false, ""status"": ""off""}, ""path_counts"": {""path_b"": 160}}","{""fp8_path_c_route_status"": ""not_requested"", ""fused_train_block_runtime_available"": false, ""kernel_surface_available"": true, ""path"": ""path_b"", ""path_c_fusion"": {""default_allowed"": false, ""direct_chain_runtime_binding_status"": ""direct_fusion_chain_logical_buffers_missing"", ""direct_chain_segment_count"": 5, ""direct_chain_status"": ""ready"", ""direct_chain_training_runtime_available"": false, ""direct_chain_training_runtime_status"": ""direct_fusion_chain_training_runtime_missing"", ""implementation_kind"": ""production"", ""missing_bank_buffers"": [""path_c_float32_abi_bank"", ""path_c_uint8_abi_bank"", ""path_c_int32_abi_bank""], ""missing_real_abi_inputs"": [], ""mode"": ""off"", ""production_fragments_complete"": true, ""production_schedule_id"": ""path_c_descriptor_chain_5785a4a0210e"", ""real_abi_contract_complete"": true, ""required_bank_buffers"": [""path_c_float32_abi_bank"", ""path_c_uint8_abi_bank"", ""path_c_int32_abi_bank""], ""runtime_binding_status"": ""model_owned_physical_abi_banks_missing"", ""runtime_uses_direct_fusion_chain"": false, ""runtime_uses_fused_train_block"": false, ""schedule_blockers"": [""selected_model_schedule_not_default"", ""fused_train_block_runtime_not_bound"", ""production_1b_matrix_profile_missing""], ""schedule_contract_status"": ""registered_not_lowered"", ""schedule_name"": ""local_gb10_quarter_path_c_10_12:descriptor_generated_fwd_bwd"", ""schedule_status"": ""ready"", ""single_kernel_fused"": false, ""status"": ""off""}, ""path_c_requested"": false, ""proof_source"": ""per-kernel runtime dispatch log plus Path C fusion planner metadata; fused schedule native compile is a separate compile receipt"", ""runtime_uses_fused_train_block"": false}",ok,818afbb,33134bee,d168ca5ca,0.32.0.dev20260514+d168ca5ca,/Volumes/external/sources/nanochat/.venv/bin/python scripts/m04_train_step.py --model-profile local_gb10_quarter --data-path data/parquet_samples/gb10/clang_semantic_4k_v10/val_00000.parquet --data-format parquet --token-key token_ids --steps 20 --batch-size 1 --seq-len 2048 --dtype bfloat16 --optimizer muon_adamw --optimizer-quant-scheme dynamic_int8_v1 --lr 1e-4 --grad-checkpoint --output reports/raw/20260521_full_path_c_bwd_cells/bf16_muon_adamw_path_b.json --json --memory-limit-total-bytes 69793218560 --memory-limit-wired-ratio 0.99 --memory-limit-metal-ratio 0.99 --apply-memory-limit-plan,reports/raw/20260521_full_path_c_bwd_cells/bf16_muon_adamw_path_b.json,0,0.0
bf16_muon_adamw_path_c_cold,bf16,muon_adamw,path_c_cold,ok,muon_adamw,muon_adamw,MuonAdamW,cppmega_mlx.training.optimizers.MuonAdamWMulti,cppmega_mlx.training.optimizers.make_muon,20,33.92118366697105,8.981272667006124,218.79896858414887,9.013463802626479,33.92118366697105,28.721842031925917,12.06446697190404,0.0,False,"{""kernel_counts"": {""path_c_tilelang_dsl"": 120, ""path_c_tilelang_dsl_packed_post"": 40}, ""op_kernel"": {""m2rnn"": ""path_c_tilelang_dsl_packed_post"", ""mamba3_mimo"": ""path_c_tilelang_dsl""}, ""path_c_fusion"": {""default_allowed"": false, ""direct_chain_runtime_binding_status"": ""direct_fusion_chain_logical_buffers_missing"", ""direct_chain_segment_count"": 5, ""direct_chain_status"": ""ready"", ""direct_chain_training_runtime_available"": false, ""direct_chain_training_runtime_status"": ""direct_fusion_chain_training_runtime_missing"", ""implementation_kind"": ""production"", ""missing_bank_buffers"": [""path_c_float32_abi_bank"", ""path_c_uint8_abi_bank"", ""path_c_int32_abi_bank""], ""missing_real_abi_inputs"": [], ""mode"": ""off"", ""production_fragments_complete"": true, ""production_schedule_id"": ""path_c_descriptor_chain_5785a4a0210e"", ""real_abi_contract_complete"": true, ""required_bank_buffers"": [""path_c_float32_abi_bank"", ""path_c_uint8_abi_bank"", ""path_c_int32_abi_bank""], ""runtime_binding_status"": ""model_owned_physical_abi_banks_missing"", ""runtime_uses_direct_fusion_chain"": false, ""runtime_uses_fused_train_block"": false, ""schedule_blockers"": [""selected_model_schedule_not_default"", ""fused_train_block_runtime_not_bound"", ""production_1b_matrix_profile_missing""], ""schedule_contract_status"": ""registered_not_lowered"", ""schedule_name"": ""local_gb10_quarter_path_c_10_12:descriptor_generated_fwd_bwd"", ""schedule_status"": ""ready"", ""single_kernel_fused"": false, ""status"": ""off""}, ""path_counts"": {""path_c"": 160}}","{""fp8_path_c_route_status"": ""not_requested"", ""fused_train_block_runtime_available"": false, ""kernel_surface_available"": true, ""path"": ""path_c_cold"", ""path_c_fusion"": {""default_allowed"": false, ""direct_chain_runtime_binding_status"": ""direct_fusion_chain_logical_buffers_missing"", ""direct_chain_segment_count"": 5, ""direct_chain_status"": ""ready"", ""direct_chain_training_runtime_available"": false, ""direct_chain_training_runtime_status"": ""direct_fusion_chain_training_runtime_missing"", ""implementation_kind"": ""production"", ""missing_bank_buffers"": [""path_c_float32_abi_bank"", ""path_c_uint8_abi_bank"", ""path_c_int32_abi_bank""], ""missing_real_abi_inputs"": [], ""mode"": ""off"", ""production_fragments_complete"": true, ""production_schedule_id"": ""path_c_descriptor_chain_5785a4a0210e"", ""real_abi_contract_complete"": true, ""required_bank_buffers"": [""path_c_float32_abi_bank"", ""path_c_uint8_abi_bank"", ""path_c_int32_abi_bank""], ""runtime_binding_status"": ""model_owned_physical_abi_banks_missing"", ""runtime_uses_direct_fusion_chain"": false, ""runtime_uses_fused_train_block"": false, ""schedule_blockers"": [""selected_model_schedule_not_default"", ""fused_train_block_runtime_not_bound"", ""production_1b_matrix_profile_missing""], ""schedule_contract_status"": ""registered_not_lowered"", ""schedule_name"": ""local_gb10_quarter_path_c_10_12:descriptor_generated_fwd_bwd"", ""schedule_status"": ""ready"", ""single_kernel_fused"": false, ""status"": ""off""}, ""path_c_requested"": true, ""proof_source"": ""per-kernel runtime dispatch log plus Path C fusion planner metadata; fused schedule native compile is a separate compile receipt"", ""runtime_uses_fused_train_block"": false}",ok,818afbb,33134bee,d168ca5ca,0.32.0.dev20260514+d168ca5ca,/Volumes/external/sources/nanochat/.venv/bin/python scripts/m04_train_step.py --model-profile local_gb10_quarter --data-path data/parquet_samples/gb10/clang_semantic_4k_v10/val_00000.parquet --data-format parquet --token-key token_ids --steps 20 --batch-size 1 --seq-len 2048 --dtype bfloat16 --optimizer muon_adamw --optimizer-quant-scheme dynamic_int8_v1 --lr 1e-4 --grad-checkpoint --output reports/raw/20260521_full_path_c_bwd_cells/bf16_muon_adamw_path_c_cold.json --json --memory-limit-total-bytes 69793218560 --memory-limit-wired-ratio 0.99 --memory-limit-metal-ratio 0.99 --apply-memory-limit-plan,reports/raw/20260521_full_path_c_bwd_cells/bf16_muon_adamw_path_c_cold.json,0,0.0
bf16_muon_adamw_path_c_warm,bf16,muon_adamw,path_c_warm,ok,muon_adamw,muon_adamw,MuonAdamW,cppmega_mlx.training.optimizers.MuonAdamWMulti,cppmega_mlx.training.optimizers.make_muon,20,12.330895334016532,9.200923374970444,218.40743364528566,9.25819283794293,12.330895334016532,28.721842031925917,12.06446697190404,0.0,True,"{""kernel_counts"": {""path_c_tilelang_dsl"": 120, ""path_c_tilelang_dsl_packed_post"": 40}, ""op_kernel"": {""m2rnn"": ""path_c_tilelang_dsl_packed_post"", ""mamba3_mimo"": ""path_c_tilelang_dsl""}, ""path_c_fusion"": {""default_allowed"": false, ""direct_chain_runtime_binding_status"": ""direct_fusion_chain_logical_buffers_missing"", ""direct_chain_segment_count"": 5, ""direct_chain_status"": ""ready"", ""direct_chain_training_runtime_available"": false, ""direct_chain_training_runtime_status"": ""direct_fusion_chain_training_runtime_missing"", ""implementation_kind"": ""production"", ""missing_bank_buffers"": [""path_c_float32_abi_bank"", ""path_c_uint8_abi_bank"", ""path_c_int32_abi_bank""], ""missing_real_abi_inputs"": [], ""mode"": ""off"", ""production_fragments_complete"": true, ""production_schedule_id"": ""path_c_descriptor_chain_5785a4a0210e"", ""real_abi_contract_complete"": true, ""required_bank_buffers"": [""path_c_float32_abi_bank"", ""path_c_uint8_abi_bank"", ""path_c_int32_abi_bank""], ""runtime_binding_status"": ""model_owned_physical_abi_banks_missing"", ""runtime_uses_direct_fusion_chain"": false, ""runtime_uses_fused_train_block"": false, ""schedule_blockers"": [""selected_model_schedule_not_default"", ""fused_train_block_runtime_not_bound"", ""production_1b_matrix_profile_missing""], ""schedule_contract_status"": ""registered_not_lowered"", ""schedule_name"": ""local_gb10_quarter_path_c_10_12:descriptor_generated_fwd_bwd"", ""schedule_status"": ""ready"", ""single_kernel_fused"": false, ""status"": ""off""}, ""path_counts"": {""path_c"": 160}}","{""fp8_path_c_route_status"": ""not_requested"", ""fused_train_block_runtime_available"": false, ""kernel_surface_available"": true, ""path"": ""path_c_warm"", ""path_c_fusion"": {""default_allowed"": false, ""direct_chain_runtime_binding_status"": ""direct_fusion_chain_logical_buffers_missing"", ""direct_chain_segment_count"": 5, ""direct_chain_status"": ""ready"", ""direct_chain_training_runtime_available"": false, ""direct_chain_training_runtime_status"": ""direct_fusion_chain_training_runtime_missing"", ""implementation_kind"": ""production"", ""missing_bank_buffers"": [""path_c_float32_abi_bank"", ""path_c_uint8_abi_bank"", ""path_c_int32_abi_bank""], ""missing_real_abi_inputs"": [], ""mode"": ""off"", ""production_fragments_complete"": true, ""production_schedule_id"": ""path_c_descriptor_chain_5785a4a0210e"", ""real_abi_contract_complete"": true, ""required_bank_buffers"": [""path_c_float32_abi_bank"", ""path_c_uint8_abi_bank"", ""path_c_int32_abi_bank""], ""runtime_binding_status"": ""model_owned_physical_abi_banks_missing"", ""runtime_uses_direct_fusion_chain"": false, ""runtime_uses_fused_train_block"": false, ""schedule_blockers"": [""selected_model_schedule_not_default"", ""fused_train_block_runtime_not_bound"", ""production_1b_matrix_profile_missing""], ""schedule_contract_status"": ""registered_not_lowered"", ""schedule_name"": ""local_gb10_quarter_path_c_10_12:descriptor_generated_fwd_bwd"", ""schedule_status"": ""ready"", ""single_kernel_fused"": false, ""status"": ""off""}, ""path_c_requested"": true, ""proof_source"": ""per-kernel runtime dispatch log plus Path C fusion planner metadata; fused schedule native compile is a separate compile receipt"", ""runtime_uses_fused_train_block"": false}",ok,818afbb,33134bee,d168ca5ca,0.32.0.dev20260514+d168ca5ca,/Volumes/external/sources/nanochat/.venv/bin/python scripts/m04_train_step.py --model-profile local_gb10_quarter --data-path data/parquet_samples/gb10/clang_semantic_4k_v10/val_00000.parquet --data-format parquet --token-key token_ids --steps 20 --batch-size 1 --seq-len 2048 --dtype bfloat16 --optimizer muon_adamw --optimizer-quant-scheme dynamic_int8_v1 --lr 1e-4 --grad-checkpoint --output reports/raw/20260521_full_path_c_bwd_cells/bf16_muon_adamw_path_c_warm.json --json --memory-limit-total-bytes 69793218560 --memory-limit-wired-ratio 0.99 --memory-limit-metal-ratio 0.99 --apply-memory-limit-plan,reports/raw/20260521_full_path_c_bwd_cells/bf16_muon_adamw_path_c_warm.json,0,0.0
bf16_muon_int8_path_b,bf16,muon_int8,path_b,ok,int8,int8,MuonAdamWInt8,cppmega_mlx.training.optimizers.MuonAdamWMulti,cppmega_mlx.training.optimizers.make_muon(int8_state),20,16.29298775002826,13.808954250009265,155.62322719947412,13.638570978097912,16.29298775002826,17.67014712654054,5.6185909025371075,41.66986045893282,,"{""kernel_counts"": {""metal_kernel_fwd_v1"": 160}, ""op_kernel"": {""m2rnn"": ""metal_kernel_fwd_v1"", ""mamba3_mimo"": ""metal_kernel_fwd_v1""}, ""path_c_fusion"": {""default_allowed"": false, ""direct_chain_runtime_binding_status"": ""direct_fusion_chain_logical_buffers_missing"", ""direct_chain_segment_count"": 5, ""direct_chain_status"": ""ready"", ""direct_chain_training_runtime_available"": false, ""direct_chain_training_runtime_status"": ""direct_fusion_chain_training_runtime_missing"", ""implementation_kind"": ""production"", ""missing_bank_buffers"": [""path_c_float32_abi_bank"", ""path_c_uint8_abi_bank"", ""path_c_int32_abi_bank""], ""missing_real_abi_inputs"": [], ""mode"": ""off"", ""production_fragments_complete"": true, ""production_schedule_id"": ""path_c_descriptor_chain_5785a4a0210e"", ""real_abi_contract_complete"": true, ""required_bank_buffers"": [""path_c_float32_abi_bank"", ""path_c_uint8_abi_bank"", ""path_c_int32_abi_bank""], ""runtime_binding_status"": ""model_owned_physical_abi_banks_missing"", ""runtime_uses_direct_fusion_chain"": false, ""runtime_uses_fused_train_block"": false, ""schedule_blockers"": [""selected_model_schedule_not_default"", ""fused_train_block_runtime_not_bound"", ""production_1b_matrix_profile_missing""], ""schedule_contract_status"": ""registered_not_lowered"", ""schedule_name"": ""local_gb10_quarter_path_c_10_12:descriptor_generated_fwd_bwd"", ""schedule_status"": ""ready"", ""single_kernel_fused"": false, ""status"": ""off""}, ""path_counts"": {""path_b"": 160}}","{""fp8_path_c_route_status"": ""not_requested"", ""fused_train_block_runtime_available"": false, ""kernel_surface_available"": true, ""path"": ""path_b"", ""path_c_fusion"": {""default_allowed"": false, ""direct_chain_runtime_binding_status"": ""direct_fusion_chain_logical_buffers_missing"", ""direct_chain_segment_count"": 5, ""direct_chain_status"": ""ready"", ""direct_chain_training_runtime_available"": false, ""direct_chain_training_runtime_status"": ""direct_fusion_chain_training_runtime_missing"", ""implementation_kind"": ""production"", ""missing_bank_buffers"": [""path_c_float32_abi_bank"", ""path_c_uint8_abi_bank"", ""path_c_int32_abi_bank""], ""missing_real_abi_inputs"": [], ""mode"": ""off"", ""production_fragments_complete"": true, ""production_schedule_id"": ""path_c_descriptor_chain_5785a4a0210e"", ""real_abi_contract_complete"": true, ""required_bank_buffers"": [""path_c_float32_abi_bank"", ""path_c_uint8_abi_bank"", ""path_c_int32_abi_bank""], ""runtime_binding_status"": ""model_owned_physical_abi_banks_missing"", ""runtime_uses_direct_fusion_chain"": false, ""runtime_uses_fused_train_block"": false, ""schedule_blockers"": [""selected_model_schedule_not_default"", ""fused_train_block_runtime_not_bound"", ""production_1b_matrix_profile_missing""], ""schedule_contract_status"": ""registered_not_lowered"", ""schedule_name"": ""local_gb10_quarter_path_c_10_12:descriptor_generated_fwd_bwd"", ""schedule_status"": ""ready"", ""single_kernel_fused"": false, ""status"": ""off""}, ""path_c_requested"": false, ""proof_source"": ""per-kernel runtime dispatch log plus Path C fusion planner metadata; fused schedule native compile is a separate compile receipt"", ""runtime_uses_fused_train_block"": false}",ok,818afbb,33134bee,d168ca5ca,0.32.0.dev20260514+d168ca5ca,/Volumes/external/sources/nanochat/.venv/bin/python scripts/m04_train_step.py --model-profile local_gb10_quarter --data-path data/parquet_samples/gb10/clang_semantic_4k_v10/val_00000.parquet --data-format parquet --token-key token_ids --steps 20 --batch-size 1 --seq-len 2048 --dtype bfloat16 --optimizer int8 --optimizer-quant-scheme dynamic_int8_v1 --lr 1e-4 --grad-checkpoint --output reports/raw/20260521_full_path_c_bwd_cells/bf16_muon_int8_path_b.json --json --memory-limit-total-bytes 69793218560 --memory-limit-wired-ratio 0.99 --memory-limit-metal-ratio 0.99 --apply-memory-limit-plan,reports/raw/20260521_full_path_c_bwd_cells/bf16_muon_int8_path_b.json,0,0.0
bf16_muon_int8_path_c_cold,bf16,muon_int8,path_c_cold,ok,int8,int8,MuonAdamWInt8,cppmega_mlx.training.optimizers.MuonAdamWMulti,cppmega_mlx.training.optimizers.make_muon(int8_state),20,33.8814209580305,14.102376791997813,140.08225031106682,14.191056962838813,33.8814209580305,22.27581114694476,5.618436086922884,0.0,False,"{""kernel_counts"": {""path_c_tilelang_dsl"": 120, ""path_c_tilelang_dsl_packed_post"": 40}, ""op_kernel"": {""m2rnn"": ""path_c_tilelang_dsl_packed_post"", ""mamba3_mimo"": ""path_c_tilelang_dsl""}, ""path_c_fusion"": {""default_allowed"": false, ""direct_chain_runtime_binding_status"": ""direct_fusion_chain_logical_buffers_missing"", ""direct_chain_segment_count"": 5, ""direct_chain_status"": ""ready"", ""direct_chain_training_runtime_available"": false, ""direct_chain_training_runtime_status"": ""direct_fusion_chain_training_runtime_missing"", ""implementation_kind"": ""production"", ""missing_bank_buffers"": [""path_c_float32_abi_bank"", ""path_c_uint8_abi_bank"", ""path_c_int32_abi_bank""], ""missing_real_abi_inputs"": [], ""mode"": ""off"", ""production_fragments_complete"": true, ""production_schedule_id"": ""path_c_descriptor_chain_5785a4a0210e"", ""real_abi_contract_complete"": true, ""required_bank_buffers"": [""path_c_float32_abi_bank"", ""path_c_uint8_abi_bank"", ""path_c_int32_abi_bank""], ""runtime_binding_status"": ""model_owned_physical_abi_banks_missing"", ""runtime_uses_direct_fusion_chain"": false, ""runtime_uses_fused_train_block"": false, ""schedule_blockers"": [""selected_model_schedule_not_default"", ""fused_train_block_runtime_not_bound"", ""production_1b_matrix_profile_missing""], ""schedule_contract_status"": ""registered_not_lowered"", ""schedule_name"": ""local_gb10_quarter_path_c_10_12:descriptor_generated_fwd_bwd"", ""schedule_status"": ""ready"", ""single_kernel_fused"": false, ""status"": ""off""}, ""path_counts"": {""path_c"": 160}}","{""fp8_path_c_route_status"": ""not_requested"", ""fused_train_block_runtime_available"": false, ""kernel_surface_available"": true, ""path"": ""path_c_cold"", ""path_c_fusion"": {""default_allowed"": false, ""direct_chain_runtime_binding_status"": ""direct_fusion_chain_logical_buffers_missing"", ""direct_chain_segment_count"": 5, ""direct_chain_status"": ""ready"", ""direct_chain_training_runtime_available"": false, ""direct_chain_training_runtime_status"": ""direct_fusion_chain_training_runtime_missing"", ""implementation_kind"": ""production"", ""missing_bank_buffers"": [""path_c_float32_abi_bank"", ""path_c_uint8_abi_bank"", ""path_c_int32_abi_bank""], ""missing_real_abi_inputs"": [], ""mode"": ""off"", ""production_fragments_complete"": true, ""production_schedule_id"": ""path_c_descriptor_chain_5785a4a0210e"", ""real_abi_contract_complete"": true, ""required_bank_buffers"": [""path_c_float32_abi_bank"", ""path_c_uint8_abi_bank"", ""path_c_int32_abi_bank""], ""runtime_binding_status"": ""model_owned_physical_abi_banks_missing"", ""runtime_uses_direct_fusion_chain"": false, ""runtime_uses_fused_train_block"": false, ""schedule_blockers"": [""selected_model_schedule_not_default"", ""fused_train_block_runtime_not_bound"", ""production_1b_matrix_profile_missing""], ""schedule_contract_status"": ""registered_not_lowered"", ""schedule_name"": ""local_gb10_quarter_path_c_10_12:descriptor_generated_fwd_bwd"", ""schedule_status"": ""ready"", ""single_kernel_fused"": false, ""status"": ""off""}, ""path_c_requested"": true, ""proof_source"": ""per-kernel runtime dispatch log plus Path C fusion planner metadata; fused schedule native compile is a separate compile receipt"", ""runtime_uses_fused_train_block"": false}",ok,818afbb,33134bee,d168ca5ca,0.32.0.dev20260514+d168ca5ca,/Volumes/external/sources/nanochat/.venv/bin/python scripts/m04_train_step.py --model-profile local_gb10_quarter --data-path data/parquet_samples/gb10/clang_semantic_4k_v10/val_00000.parquet --data-format parquet --token-key token_ids --steps 20 --batch-size 1 --seq-len 2048 --dtype bfloat16 --optimizer int8 --optimizer-quant-scheme dynamic_int8_v1 --lr 1e-4 --grad-checkpoint --output reports/raw/20260521_full_path_c_bwd_cells/bf16_muon_int8_path_c_cold.json --json --memory-limit-total-bytes 69793218560 --memory-limit-wired-ratio 0.99 --memory-limit-metal-ratio 0.99 --apply-memory-limit-plan,reports/raw/20260521_full_path_c_bwd_cells/bf16_muon_int8_path_c_cold.json,0,0.0
bf16_muon_int8_path_c_warm,bf16,muon_int8,path_c_warm,ok,int8,int8,MuonAdamWInt8,cppmega_mlx.training.optimizers.MuonAdamWMulti,cppmega_mlx.training.optimizers.make_muon(int8_state),20,19.1786274589831,14.310463584028184,140.90563657430997,14.352734144746425,19.1786274589831,22.27581114694476,5.618436086922884,0.0,True,"{""kernel_counts"": {""path_c_tilelang_dsl"": 120, ""path_c_tilelang_dsl_packed_post"": 40}, ""op_kernel"": {""m2rnn"": ""path_c_tilelang_dsl_packed_post"", ""mamba3_mimo"": ""path_c_tilelang_dsl""}, ""path_c_fusion"": {""default_allowed"": false, ""direct_chain_runtime_binding_status"": ""direct_fusion_chain_logical_buffers_missing"", ""direct_chain_segment_count"": 5, ""direct_chain_status"": ""ready"", ""direct_chain_training_runtime_available"": false, ""direct_chain_training_runtime_status"": ""direct_fusion_chain_training_runtime_missing"", ""implementation_kind"": ""production"", ""missing_bank_buffers"": [""path_c_float32_abi_bank"", ""path_c_uint8_abi_bank"", ""path_c_int32_abi_bank""], ""missing_real_abi_inputs"": [], ""mode"": ""off"", ""production_fragments_complete"": true, ""production_schedule_id"": ""path_c_descriptor_chain_5785a4a0210e"", ""real_abi_contract_complete"": true, ""required_bank_buffers"": [""path_c_float32_abi_bank"", ""path_c_uint8_abi_bank"", ""path_c_int32_abi_bank""], ""runtime_binding_status"": ""model_owned_physical_abi_banks_missing"", ""runtime_uses_direct_fusion_chain"": false, ""runtime_uses_fused_train_block"": false, ""schedule_blockers"": [""selected_model_schedule_not_default"", ""fused_train_block_runtime_not_bound"", ""production_1b_matrix_profile_missing""], ""schedule_contract_status"": ""registered_not_lowered"", ""schedule_name"": ""local_gb10_quarter_path_c_10_12:descriptor_generated_fwd_bwd"", ""schedule_status"": ""ready"", ""single_kernel_fused"": false, ""status"": ""off""}, ""path_counts"": {""path_c"": 160}}","{""fp8_path_c_route_status"": ""not_requested"", ""fused_train_block_runtime_available"": false, ""kernel_surface_available"": true, ""path"": ""path_c_warm"", ""path_c_fusion"": {""default_allowed"": false, ""direct_chain_runtime_binding_status"": ""direct_fusion_chain_logical_buffers_missing"", ""direct_chain_segment_count"": 5, ""direct_chain_status"": ""ready"", ""direct_chain_training_runtime_available"": false, ""direct_chain_training_runtime_status"": ""direct_fusion_chain_training_runtime_missing"", ""implementation_kind"": ""production"", ""missing_bank_buffers"": [""path_c_float32_abi_bank"", ""path_c_uint8_abi_bank"", ""path_c_int32_abi_bank""], ""missing_real_abi_inputs"": [], ""mode"": ""off"", ""production_fragments_complete"": true, ""production_schedule_id"": ""path_c_descriptor_chain_5785a4a0210e"", ""real_abi_contract_complete"": true, ""required_bank_buffers"": [""path_c_float32_abi_bank"", ""path_c_uint8_abi_bank"", ""path_c_int32_abi_bank""], ""runtime_binding_status"": ""model_owned_physical_abi_banks_missing"", ""runtime_uses_direct_fusion_chain"": false, ""runtime_uses_fused_train_block"": false, ""schedule_blockers"": [""selected_model_schedule_not_default"", ""fused_train_block_runtime_not_bound"", ""production_1b_matrix_profile_missing""], ""schedule_contract_status"": ""registered_not_lowered"", ""schedule_name"": ""local_gb10_quarter_path_c_10_12:descriptor_generated_fwd_bwd"", ""schedule_status"": ""ready"", ""single_kernel_fused"": false, ""status"": ""off""}, ""path_c_requested"": true, ""proof_source"": ""per-kernel runtime dispatch log plus Path C fusion planner metadata; fused schedule native compile is a separate compile receipt"", ""runtime_uses_fused_train_block"": false}",ok,818afbb,33134bee,d168ca5ca,0.32.0.dev20260514+d168ca5ca,/Volumes/external/sources/nanochat/.venv/bin/python scripts/m04_train_step.py --model-profile local_gb10_quarter --data-path data/parquet_samples/gb10/clang_semantic_4k_v10/val_00000.parquet --data-format parquet --token-key token_ids --steps 20 --batch-size 1 --seq-len 2048 --dtype bfloat16 --optimizer int8 --optimizer-quant-scheme dynamic_int8_v1 --lr 1e-4 --grad-checkpoint --output reports/raw/20260521_full_path_c_bwd_cells/bf16_muon_int8_path_c_warm.json --json --memory-limit-total-bytes 69793218560 --memory-limit-wired-ratio 0.99 --memory-limit-metal-ratio 0.99 --apply-memory-limit-plan,reports/raw/20260521_full_path_c_bwd_cells/bf16_muon_int8_path_c_warm.json,0,0.0
fp8_adamw_path_b,fp8,adamw,path_b,ok,adamw,adamw,AdamW,cppmega_mlx.training.optimizers.AdamWFP32Moments,cppmega_mlx.training.optimizers.make_adamw,20,19.888989916013088,15.159268333984073,255.18747174866743,11.832353024268645,19.888989916013088,30.545890137553215,17.0942803658545,38.31428677495569,,"{""kernel_counts"": {""metal_kernel_fwd_v1"": 146, ""sparse_mla_fp8_reference_path_b"": 110}, ""op_kernel"": {""m2rnn"": ""metal_kernel_fwd_v1"", ""mamba3_mimo"": ""metal_kernel_fwd_v1"", ""sparse_mla"": ""sparse_mla_fp8_reference_path_b""}, ""path_c_fusion"": {""default_allowed"": false, ""direct_chain_runtime_binding_status"": ""direct_fusion_chain_logical_buffers_missing"", ""direct_chain_segment_count"": 5, ""direct_chain_status"": ""ready"", ""direct_chain_training_runtime_available"": false, ""direct_chain_training_runtime_status"": ""direct_fusion_chain_training_runtime_missing"", ""implementation_kind"": ""production"", ""missing_bank_buffers"": [""path_c_float32_abi_bank"", ""path_c_uint8_abi_bank"", ""path_c_int32_abi_bank""], ""missing_real_abi_inputs"": [], ""mode"": ""off"", ""production_fragments_complete"": true, ""production_schedule_id"": ""path_c_descriptor_chain_5785a4a0210e"", ""real_abi_contract_complete"": true, ""required_bank_buffers"": [""path_c_float32_abi_bank"", ""path_c_uint8_abi_bank"", ""path_c_int32_abi_bank""], ""runtime_binding_status"": ""model_owned_physical_abi_banks_missing"", ""runtime_uses_direct_fusion_chain"": false, ""runtime_uses_fused_train_block"": false, ""schedule_blockers"": [""selected_model_schedule_not_default"", ""fused_train_block_runtime_not_bound"", ""production_1b_matrix_profile_missing""], ""schedule_contract_status"": ""registered_not_lowered"", ""schedule_name"": ""local_gb10_quarter_path_c_10_12:descriptor_generated_fwd_bwd"", ""schedule_status"": ""ready"", ""single_kernel_fused"": false, ""status"": ""off""}, ""path_counts"": {""path_b"": 256}}","{""fp8_path_c_route_status"": ""not_requested"", ""fused_train_block_runtime_available"": false, ""kernel_surface_available"": true, ""path"": ""path_b"", ""path_c_fusion"": {""default_allowed"": false, ""direct_chain_runtime_binding_status"": ""direct_fusion_chain_logical_buffers_missing"", ""direct_chain_segment_count"": 5, ""direct_chain_status"": ""ready"", ""direct_chain_training_runtime_available"": false, ""direct_chain_training_runtime_status"": ""direct_fusion_chain_training_runtime_missing"", ""implementation_kind"": ""production"", ""missing_bank_buffers"": [""path_c_float32_abi_bank"", ""path_c_uint8_abi_bank"", ""path_c_int32_abi_bank""], ""missing_real_abi_inputs"": [], ""mode"": ""off"", ""production_fragments_complete"": true, ""production_schedule_id"": ""path_c_descriptor_chain_5785a4a0210e"", ""real_abi_contract_complete"": true, ""required_bank_buffers"": [""path_c_float32_abi_bank"", ""path_c_uint8_abi_bank"", ""path_c_int32_abi_bank""], ""runtime_binding_status"": ""model_owned_physical_abi_banks_missing"", ""runtime_uses_direct_fusion_chain"": false, ""runtime_uses_fused_train_block"": false, ""schedule_blockers"": [""selected_model_schedule_not_default"", ""fused_train_block_runtime_not_bound"", ""production_1b_matrix_profile_missing""], ""schedule_contract_status"": ""registered_not_lowered"", ""schedule_name"": ""local_gb10_quarter_path_c_10_12:descriptor_generated_fwd_bwd"", ""schedule_status"": ""ready"", ""single_kernel_fused"": false, ""status"": ""off""}, ""path_c_requested"": false, ""proof_source"": ""per-kernel runtime dispatch log plus Path C fusion planner metadata; fused schedule native compile is a separate compile receipt"", ""runtime_uses_fused_train_block"": false}",ok,818afbb,33134bee,d168ca5ca,0.32.0.dev20260514+d168ca5ca,/Volumes/external/sources/nanochat/.venv/bin/python scripts/m04_train_step.py --model-profile local_gb10_quarter --data-path data/parquet_samples/gb10/clang_semantic_4k_v10/val_00000.parquet --data-format parquet --token-key token_ids --steps 20 --batch-size 1 --seq-len 2048 --dtype fp8_path_b --optimizer adamw --optimizer-quant-scheme dynamic_int8_v1 --lr 1e-4 --grad-checkpoint --output reports/raw/20260521_full_path_c_bwd_cells/fp8_adamw_path_b.json --json --memory-limit-total-bytes 69793218560 --memory-limit-wired-ratio 0.99 --memory-limit-metal-ratio 0.99 --apply-memory-limit-plan,reports/raw/20260521_full_path_c_bwd_cells/fp8_adamw_path_b.json,0,0.0
fp8_adamw_path_c_cold,fp8,adamw,path_c_cold,ok,adamw,adamw,AdamW,cppmega_mlx.training.optimizers.AdamWFP32Moments,cppmega_mlx.training.optimizers.make_adamw,20,24.358116833027452,3.735636791039724,523.5129339436526,3.745073162212257,24.358116833027452,63.43617431167513,24.119093207642436,0.0,False,"{""kernel_counts"": {""path_c_tilelang_dsl_fwd_path_b_bwd"": 110, ""path_c_tilelang_dsl_packed_post"": 36, ""tilelang_fp8_prepared_path_c_fwd"": 110}, ""op_kernel"": {""m2rnn"": ""path_c_tilelang_dsl_packed_post"", ""mamba3_mimo"": ""path_c_tilelang_dsl_fwd_path_b_bwd"", ""sparse_mla"": ""tilelang_fp8_prepared_path_c_fwd""}, ""path_c_fusion"": {""default_allowed"": false, ""direct_chain_runtime_binding_status"": ""direct_fusion_chain_logical_buffers_missing"", ""direct_chain_segment_count"": 5, ""direct_chain_status"": ""ready"", ""direct_chain_training_runtime_available"": false, ""direct_chain_training_runtime_status"": ""direct_fusion_chain_training_runtime_missing"", ""implementation_kind"": ""production"", ""missing_bank_buffers"": [""path_c_float32_abi_bank"", ""path_c_uint8_abi_bank"", ""path_c_int32_abi_bank""], ""missing_real_abi_inputs"": [], ""mode"": ""off"", ""production_fragments_complete"": true, ""production_schedule_id"": ""path_c_descriptor_chain_5785a4a0210e"", ""real_abi_contract_complete"": true, ""required_bank_buffers"": [""path_c_float32_abi_bank"", ""path_c_uint8_abi_bank"", ""path_c_int32_abi_bank""], ""runtime_binding_status"": ""model_owned_physical_abi_banks_missing"", ""runtime_uses_direct_fusion_chain"": false, ""runtime_uses_fused_train_block"": false, ""schedule_blockers"": [""selected_model_schedule_not_default"", ""fused_train_block_runtime_not_bound"", ""production_1b_matrix_profile_missing""], ""schedule_contract_status"": ""registered_not_lowered"", ""schedule_name"": ""local_gb10_quarter_path_c_10_12:descriptor_generated_fwd_bwd"", ""schedule_status"": ""ready"", ""single_kernel_fused"": false, ""status"": ""off""}, ""path_counts"": {""path_c"": 256}}","{""fp8_path_c_route_status"": ""m04_path_c_split_training_route_available"", ""fused_train_block_runtime_available"": false, ""kernel_surface_available"": true, ""path"": ""path_c_cold"", ""path_c_fusion"": {""default_allowed"": false, ""direct_chain_runtime_binding_status"": ""direct_fusion_chain_logical_buffers_missing"", ""direct_chain_segment_count"": 5, ""direct_chain_status"": ""ready"", ""direct_chain_training_runtime_available"": false, ""direct_chain_training_runtime_status"": ""direct_fusion_chain_training_runtime_missing"", ""implementation_kind"": ""production"", ""missing_bank_buffers"": [""path_c_float32_abi_bank"", ""path_c_uint8_abi_bank"", ""path_c_int32_abi_bank""], ""missing_real_abi_inputs"": [], ""mode"": ""off"", ""production_fragments_complete"": true, ""production_schedule_id"": ""path_c_descriptor_chain_5785a4a0210e"", ""real_abi_contract_complete"": true, ""required_bank_buffers"": [""path_c_float32_abi_bank"", ""path_c_uint8_abi_bank"", ""path_c_int32_abi_bank""], ""runtime_binding_status"": ""model_owned_physical_abi_banks_missing"", ""runtime_uses_direct_fusion_chain"": false, ""runtime_uses_fused_train_block"": false, ""schedule_blockers"": [""selected_model_schedule_not_default"", ""fused_train_block_runtime_not_bound"", ""production_1b_matrix_profile_missing""], ""schedule_contract_status"": ""registered_not_lowered"", ""schedule_name"": ""local_gb10_quarter_path_c_10_12:descriptor_generated_fwd_bwd"", ""schedule_status"": ""ready"", ""single_kernel_fused"": false, ""status"": ""off""}, ""path_c_requested"": true, ""proof_source"": ""per-kernel runtime dispatch log plus Path C fusion planner metadata; fused schedule native compile is a separate compile receipt"", ""runtime_uses_fused_train_block"": false}",ok,818afbb,33134bee,d168ca5ca,0.32.0.dev20260514+d168ca5ca,/Volumes/external/sources/nanochat/.venv/bin/python scripts/m04_train_step.py --model-profile local_gb10_quarter --data-path data/parquet_samples/gb10/clang_semantic_4k_v10/val_00000.parquet --data-format parquet --token-key token_ids --steps 20 --batch-size 1 --seq-len 2048 --dtype fp8_path_c --optimizer adamw --optimizer-quant-scheme dynamic_int8_v1 --lr 1e-4 --grad-checkpoint --output reports/raw/20260521_full_path_c_bwd_cells/fp8_adamw_path_c_cold.json --json --memory-limit-total-bytes 69793218560 --memory-limit-wired-ratio 0.99 --memory-limit-metal-ratio 0.99 --apply-memory-limit-plan,reports/raw/20260521_full_path_c_bwd_cells/fp8_adamw_path_c_cold.json,0,0.0
fp8_adamw_path_c_warm,fp8,adamw,path_c_warm,ok,adamw,adamw,AdamW,cppmega_mlx.training.optimizers.AdamWFP32Moments,cppmega_mlx.training.optimizers.make_adamw,20,7.196702207962517,3.7082488750456832,538.3917874869991,3.7102167939485393,7.196702207962517,63.43617431167513,24.119093207642436,0.0,True,"{""kernel_counts"": {""path_c_tilelang_dsl_fwd_path_b_bwd"": 110, ""path_c_tilelang_dsl_packed_post"": 36, ""tilelang_fp8_prepared_path_c_fwd"": 110}, ""op_kernel"": {""m2rnn"": ""path_c_tilelang_dsl_packed_post"", ""mamba3_mimo"": ""path_c_tilelang_dsl_fwd_path_b_bwd"", ""sparse_mla"": ""tilelang_fp8_prepared_path_c_fwd""}, ""path_c_fusion"": {""default_allowed"": false, ""direct_chain_runtime_binding_status"": ""direct_fusion_chain_logical_buffers_missing"", ""direct_chain_segment_count"": 5, ""direct_chain_status"": ""ready"", ""direct_chain_training_runtime_available"": false, ""direct_chain_training_runtime_status"": ""direct_fusion_chain_training_runtime_missing"", ""implementation_kind"": ""production"", ""missing_bank_buffers"": [""path_c_float32_abi_bank"", ""path_c_uint8_abi_bank"", ""path_c_int32_abi_bank""], ""missing_real_abi_inputs"": [], ""mode"": ""off"", ""production_fragments_complete"": true, ""production_schedule_id"": ""path_c_descriptor_chain_5785a4a0210e"", ""real_abi_contract_complete"": true, ""required_bank_buffers"": [""path_c_float32_abi_bank"", ""path_c_uint8_abi_bank"", ""path_c_int32_abi_bank""], ""runtime_binding_status"": ""model_owned_physical_abi_banks_missing"", ""runtime_uses_direct_fusion_chain"": false, ""runtime_uses_fused_train_block"": false, ""schedule_blockers"": [""selected_model_schedule_not_default"", ""fused_train_block_runtime_not_bound"", ""production_1b_matrix_profile_missing""], ""schedule_contract_status"": ""registered_not_lowered"", ""schedule_name"": ""local_gb10_quarter_path_c_10_12:descriptor_generated_fwd_bwd"", ""schedule_status"": ""ready"", ""single_kernel_fused"": false, ""status"": ""off""}, ""path_counts"": {""path_c"": 256}}","{""fp8_path_c_route_status"": ""m04_path_c_split_training_route_available"", ""fused_train_block_runtime_available"": false, ""kernel_surface_available"": true, ""path"": ""path_c_warm"", ""path_c_fusion"": {""default_allowed"": false, ""direct_chain_runtime_binding_status"": ""direct_fusion_chain_logical_buffers_missing"", ""direct_chain_segment_count"": 5, ""direct_chain_status"": ""ready"", ""direct_chain_training_runtime_available"": false, ""direct_chain_training_runtime_status"": ""direct_fusion_chain_training_runtime_missing"", ""implementation_kind"": ""production"", ""missing_bank_buffers"": [""path_c_float32_abi_bank"", ""path_c_uint8_abi_bank"", ""path_c_int32_abi_bank""], ""missing_real_abi_inputs"": [], ""mode"": ""off"", ""production_fragments_complete"": true, ""production_schedule_id"": ""path_c_descriptor_chain_5785a4a0210e"", ""real_abi_contract_complete"": true, ""required_bank_buffers"": [""path_c_float32_abi_bank"", ""path_c_uint8_abi_bank"", ""path_c_int32_abi_bank""], ""runtime_binding_status"": ""model_owned_physical_abi_banks_missing"", ""runtime_uses_direct_fusion_chain"": false, ""runtime_uses_fused_train_block"": false, ""schedule_blockers"": [""selected_model_schedule_not_default"", ""fused_train_block_runtime_not_bound"", ""production_1b_matrix_profile_missing""], ""schedule_contract_status"": ""registered_not_lowered"", ""schedule_name"": ""local_gb10_quarter_path_c_10_12:descriptor_generated_fwd_bwd"", ""schedule_status"": ""ready"", ""single_kernel_fused"": false, ""status"": ""off""}, ""path_c_requested"": true, ""proof_source"": ""per-kernel runtime dispatch log plus Path C fusion planner metadata; fused schedule native compile is a separate compile receipt"", ""runtime_uses_fused_train_block"": false}",ok,818afbb,33134bee,d168ca5ca,0.32.0.dev20260514+d168ca5ca,/Volumes/external/sources/nanochat/.venv/bin/python scripts/m04_train_step.py --model-profile local_gb10_quarter --data-path data/parquet_samples/gb10/clang_semantic_4k_v10/val_00000.parquet --data-format parquet --token-key token_ids --steps 20 --batch-size 1 --seq-len 2048 --dtype fp8_path_c --optimizer adamw --optimizer-quant-scheme dynamic_int8_v1 --lr 1e-4 --grad-checkpoint --output reports/raw/20260521_full_path_c_bwd_cells/fp8_adamw_path_c_warm.json --json --memory-limit-total-bytes 69793218560 --memory-limit-wired-ratio 0.99 --memory-limit-metal-ratio 0.99 --apply-memory-limit-plan,reports/raw/20260521_full_path_c_bwd_cells/fp8_adamw_path_c_warm.json,0,0.0
fp8_adam8bit_path_b,fp8,adam8bit,path_b,ok,adam8bit,adam8bit,Adam8bit,cppmega_mlx.training.optimizers_quantized.Adam8bit,cppmega_mlx.training.optimizers_quantized.make_adam8bit,20,2.3340810000081547,2.1698288340121508,936.0158465764958,2.180957418841947,2.3340810000081547,21.915809830650687,6.899640591815114,35.64205696992576,,"{""kernel_counts"": {""metal_kernel_fwd_v1"": 146, ""sparse_mla_fp8_reference_path_b"": 110}, ""op_kernel"": {""m2rnn"": ""metal_kernel_fwd_v1"", ""mamba3_mimo"": ""metal_kernel_fwd_v1"", ""sparse_mla"": ""sparse_mla_fp8_reference_path_b""}, ""path_c_fusion"": {""default_allowed"": false, ""direct_chain_runtime_binding_status"": ""direct_fusion_chain_logical_buffers_missing"", ""direct_chain_segment_count"": 5, ""direct_chain_status"": ""ready"", ""direct_chain_training_runtime_available"": false, ""direct_chain_training_runtime_status"": ""direct_fusion_chain_training_runtime_missing"", ""implementation_kind"": ""production"", ""missing_bank_buffers"": [""path_c_float32_abi_bank"", ""path_c_uint8_abi_bank"", ""path_c_int32_abi_bank""], ""missing_real_abi_inputs"": [], ""mode"": ""off"", ""production_fragments_complete"": true, ""production_schedule_id"": ""path_c_descriptor_chain_5785a4a0210e"", ""real_abi_contract_complete"": true, ""required_bank_buffers"": [""path_c_float32_abi_bank"", ""path_c_uint8_abi_bank"", ""path_c_int32_abi_bank""], ""runtime_binding_status"": ""model_owned_physical_abi_banks_missing"", ""runtime_uses_direct_fusion_chain"": false, ""runtime_uses_fused_train_block"": false, ""schedule_blockers"": [""selected_model_schedule_not_default"", ""fused_train_block_runtime_not_bound"", ""production_1b_matrix_profile_missing""], ""schedule_contract_status"": ""registered_not_lowered"", ""schedule_name"": ""local_gb10_quarter_path_c_10_12:descriptor_generated_fwd_bwd"", ""schedule_status"": ""ready"", ""single_kernel_fused"": false, ""status"": ""off""}, ""path_counts"": {""path_b"": 256}}","{""fp8_path_c_route_status"": ""not_requested"", ""fused_train_block_runtime_available"": false, ""kernel_surface_available"": true, ""path"": ""path_b"", ""path_c_fusion"": {""default_allowed"": false, ""direct_chain_runtime_binding_status"": ""direct_fusion_chain_logical_buffers_missing"", ""direct_chain_segment_count"": 5, ""direct_chain_status"": ""ready"", ""direct_chain_training_runtime_available"": false, ""direct_chain_training_runtime_status"": ""direct_fusion_chain_training_runtime_missing"", ""implementation_kind"": ""production"", ""missing_bank_buffers"": [""path_c_float32_abi_bank"", ""path_c_uint8_abi_bank"", ""path_c_int32_abi_bank""], ""missing_real_abi_inputs"": [], ""mode"": ""off"", ""production_fragments_complete"": true, ""production_schedule_id"": ""path_c_descriptor_chain_5785a4a0210e"", ""real_abi_contract_complete"": true, ""required_bank_buffers"": [""path_c_float32_abi_bank"", ""path_c_uint8_abi_bank"", ""path_c_int32_abi_bank""], ""runtime_binding_status"": ""model_owned_physical_abi_banks_missing"", ""runtime_uses_direct_fusion_chain"": false, ""runtime_uses_fused_train_block"": false, ""schedule_blockers"": [""selected_model_schedule_not_default"", ""fused_train_block_runtime_not_bound"", ""production_1b_matrix_profile_missing""], ""schedule_contract_status"": ""registered_not_lowered"", ""schedule_name"": ""local_gb10_quarter_path_c_10_12:descriptor_generated_fwd_bwd"", ""schedule_status"": ""ready"", ""single_kernel_fused"": false, ""status"": ""off""}, ""path_c_requested"": false, ""proof_source"": ""per-kernel runtime dispatch log plus Path C fusion planner metadata; fused schedule native compile is a separate compile receipt"", ""runtime_uses_fused_train_block"": false}",ok,818afbb,33134bee,d168ca5ca,0.32.0.dev20260514+d168ca5ca,/Volumes/external/sources/nanochat/.venv/bin/python scripts/m04_train_step.py --model-profile local_gb10_quarter --data-path data/parquet_samples/gb10/clang_semantic_4k_v10/val_00000.parquet --data-format parquet --token-key token_ids --steps 20 --batch-size 1 --seq-len 2048 --dtype fp8_path_b --optimizer adam8bit --optimizer-quant-scheme dynamic_int8_v1 --lr 1e-4 --grad-checkpoint --output reports/raw/20260521_full_path_c_bwd_cells/fp8_adam8bit_path_b.json --json --memory-limit-total-bytes 69793218560 --memory-limit-wired-ratio 0.99 --memory-limit-metal-ratio 0.99 --apply-memory-limit-plan,reports/raw/20260521_full_path_c_bwd_cells/fp8_adam8bit_path_b.json,0,0.0
fp8_adam8bit_path_c_cold,fp8,adam8bit,path_c_cold,ok,adam8bit,adam8bit,Adam8bit,cppmega_mlx.training.optimizers_quantized.Adam8bit,cppmega_mlx.training.optimizers_quantized.make_adam8bit,20,22.44740195898339,2.8331073750159703,690.3056651858343,2.836001719106111,22.44740195898339,53.24132239166647,13.924241287633777,0.0,False,"{""kernel_counts"": {""path_c_tilelang_dsl_fwd_path_b_bwd"": 110, ""path_c_tilelang_dsl_packed_post"": 36, ""tilelang_fp8_prepared_path_c_fwd"": 110}, ""op_kernel"": {""m2rnn"": ""path_c_tilelang_dsl_packed_post"", ""mamba3_mimo"": ""path_c_tilelang_dsl_fwd_path_b_bwd"", ""sparse_mla"": ""tilelang_fp8_prepared_path_c_fwd""}, ""path_c_fusion"": {""default_allowed"": false, ""direct_chain_runtime_binding_status"": ""direct_fusion_chain_logical_buffers_missing"", ""direct_chain_segment_count"": 5, ""direct_chain_status"": ""ready"", ""direct_chain_training_runtime_available"": false, ""direct_chain_training_runtime_status"": ""direct_fusion_chain_training_runtime_missing"", ""implementation_kind"": ""production"", ""missing_bank_buffers"": [""path_c_float32_abi_bank"", ""path_c_uint8_abi_bank"", ""path_c_int32_abi_bank""], ""missing_real_abi_inputs"": [], ""mode"": ""off"", ""production_fragments_complete"": true, ""production_schedule_id"": ""path_c_descriptor_chain_5785a4a0210e"", ""real_abi_contract_complete"": true, ""required_bank_buffers"": [""path_c_float32_abi_bank"", ""path_c_uint8_abi_bank"", ""path_c_int32_abi_bank""], ""runtime_binding_status"": ""model_owned_physical_abi_banks_missing"", ""runtime_uses_direct_fusion_chain"": false, ""runtime_uses_fused_train_block"": false, ""schedule_blockers"": [""selected_model_schedule_not_default"", ""fused_train_block_runtime_not_bound"", ""production_1b_matrix_profile_missing""], ""schedule_contract_status"": ""registered_not_lowered"", ""schedule_name"": ""local_gb10_quarter_path_c_10_12:descriptor_generated_fwd_bwd"", ""schedule_status"": ""ready"", ""single_kernel_fused"": false, ""status"": ""off""}, ""path_counts"": {""path_c"": 256}}","{""fp8_path_c_route_status"": ""m04_path_c_split_training_route_available"", ""fused_train_block_runtime_available"": false, ""kernel_surface_available"": true, ""path"": ""path_c_cold"", ""path_c_fusion"": {""default_allowed"": false, ""direct_chain_runtime_binding_status"": ""direct_fusion_chain_logical_buffers_missing"", ""direct_chain_segment_count"": 5, ""direct_chain_status"": ""ready"", ""direct_chain_training_runtime_available"": false, ""direct_chain_training_runtime_status"": ""direct_fusion_chain_training_runtime_missing"", ""implementation_kind"": ""production"", ""missing_bank_buffers"": [""path_c_float32_abi_bank"", ""path_c_uint8_abi_bank"", ""path_c_int32_abi_bank""], ""missing_real_abi_inputs"": [], ""mode"": ""off"", ""production_fragments_complete"": true, ""production_schedule_id"": ""path_c_descriptor_chain_5785a4a0210e"", ""real_abi_contract_complete"": true, ""required_bank_buffers"": [""path_c_float32_abi_bank"", ""path_c_uint8_abi_bank"", ""path_c_int32_abi_bank""], ""runtime_binding_status"": ""model_owned_physical_abi_banks_missing"", ""runtime_uses_direct_fusion_chain"": false, ""runtime_uses_fused_train_block"": false, ""schedule_blockers"": [""selected_model_schedule_not_default"", ""fused_train_block_runtime_not_bound"", ""production_1b_matrix_profile_missing""], ""schedule_contract_status"": ""registered_not_lowered"", ""schedule_name"": ""local_gb10_quarter_path_c_10_12:descriptor_generated_fwd_bwd"", ""schedule_status"": ""ready"", ""single_kernel_fused"": false, ""status"": ""off""}, ""path_c_requested"": true, ""proof_source"": ""per-kernel runtime dispatch log plus Path C fusion planner metadata; fused schedule native compile is a separate compile receipt"", ""runtime_uses_fused_train_block"": false}",ok,818afbb,33134bee,d168ca5ca,0.32.0.dev20260514+d168ca5ca,/Volumes/external/sources/nanochat/.venv/bin/python scripts/m04_train_step.py --model-profile local_gb10_quarter --data-path data/parquet_samples/gb10/clang_semantic_4k_v10/val_00000.parquet --data-format parquet --token-key token_ids --steps 20 --batch-size 1 --seq-len 2048 --dtype fp8_path_c --optimizer adam8bit --optimizer-quant-scheme dynamic_int8_v1 --lr 1e-4 --grad-checkpoint --output reports/raw/20260521_full_path_c_bwd_cells/fp8_adam8bit_path_c_cold.json --json --memory-limit-total-bytes 69793218560 --memory-limit-wired-ratio 0.99 --memory-limit-metal-ratio 0.99 --apply-memory-limit-plan,reports/raw/20260521_full_path_c_bwd_cells/fp8_adam8bit_path_c_cold.json,0,0.0
fp8_adam8bit_path_c_warm,fp8,adam8bit,path_c_warm,ok,adam8bit,adam8bit,Adam8bit,cppmega_mlx.training.optimizers_quantized.Adam8bit,cppmega_mlx.training.optimizers_quantized.make_adam8bit,20,6.127371375041548,2.8249437500489876,705.7621034466042,2.8223422652073693,6.127371375041548,53.24132239166647,13.924241287633777,0.0,True,"{""kernel_counts"": {""path_c_tilelang_dsl_fwd_path_b_bwd"": 110, ""path_c_tilelang_dsl_packed_post"": 36, ""tilelang_fp8_prepared_path_c_fwd"": 110}, ""op_kernel"": {""m2rnn"": ""path_c_tilelang_dsl_packed_post"", ""mamba3_mimo"": ""path_c_tilelang_dsl_fwd_path_b_bwd"", ""sparse_mla"": ""tilelang_fp8_prepared_path_c_fwd""}, ""path_c_fusion"": {""default_allowed"": false, ""direct_chain_runtime_binding_status"": ""direct_fusion_chain_logical_buffers_missing"", ""direct_chain_segment_count"": 5, ""direct_chain_status"": ""ready"", ""direct_chain_training_runtime_available"": false, ""direct_chain_training_runtime_status"": ""direct_fusion_chain_training_runtime_missing"", ""implementation_kind"": ""production"", ""missing_bank_buffers"": [""path_c_float32_abi_bank"", ""path_c_uint8_abi_bank"", ""path_c_int32_abi_bank""], ""missing_real_abi_inputs"": [], ""mode"": ""off"", ""production_fragments_complete"": true, ""production_schedule_id"": ""path_c_descriptor_chain_5785a4a0210e"", ""real_abi_contract_complete"": true, ""required_bank_buffers"": [""path_c_float32_abi_bank"", ""path_c_uint8_abi_bank"", ""path_c_int32_abi_bank""], ""runtime_binding_status"": ""model_owned_physical_abi_banks_missing"", ""runtime_uses_direct_fusion_chain"": false, ""runtime_uses_fused_train_block"": false, ""schedule_blockers"": [""selected_model_schedule_not_default"", ""fused_train_block_runtime_not_bound"", ""production_1b_matrix_profile_missing""], ""schedule_contract_status"": ""registered_not_lowered"", ""schedule_name"": ""local_gb10_quarter_path_c_10_12:descriptor_generated_fwd_bwd"", ""schedule_status"": ""ready"", ""single_kernel_fused"": false, ""status"": ""off""}, ""path_counts"": {""path_c"": 256}}","{""fp8_path_c_route_status"": ""m04_path_c_split_training_route_available"", ""fused_train_block_runtime_available"": false, ""kernel_surface_available"": true, ""path"": ""path_c_warm"", ""path_c_fusion"": {""default_allowed"": false, ""direct_chain_runtime_binding_status"": ""direct_fusion_chain_logical_buffers_missing"", ""direct_chain_segment_count"": 5, ""direct_chain_status"": ""ready"", ""direct_chain_training_runtime_available"": false, ""direct_chain_training_runtime_status"": ""direct_fusion_chain_training_runtime_missing"", ""implementation_kind"": ""production"", ""missing_bank_buffers"": [""path_c_float32_abi_bank"", ""path_c_uint8_abi_bank"", ""path_c_int32_abi_bank""], ""missing_real_abi_inputs"": [], ""mode"": ""off"", ""production_fragments_complete"": true, ""production_schedule_id"": ""path_c_descriptor_chain_5785a4a0210e"", ""real_abi_contract_complete"": true, ""required_bank_buffers"": [""path_c_float32_abi_bank"", ""path_c_uint8_abi_bank"", ""path_c_int32_abi_bank""], ""runtime_binding_status"": ""model_owned_physical_abi_banks_missing"", ""runtime_uses_direct_fusion_chain"": false, ""runtime_uses_fused_train_block"": false, ""schedule_blockers"": [""selected_model_schedule_not_default"", ""fused_train_block_runtime_not_bound"", ""production_1b_matrix_profile_missing""], ""schedule_contract_status"": ""registered_not_lowered"", ""schedule_name"": ""local_gb10_quarter_path_c_10_12:descriptor_generated_fwd_bwd"", ""schedule_status"": ""ready"", ""single_kernel_fused"": false, ""status"": ""off""}, ""path_c_requested"": true, ""proof_source"": ""per-kernel runtime dispatch log plus Path C fusion planner metadata; fused schedule native compile is a separate compile receipt"", ""runtime_uses_fused_train_block"": false}",ok,818afbb,33134bee,d168ca5ca,0.32.0.dev20260514+d168ca5ca,/Volumes/external/sources/nanochat/.venv/bin/python scripts/m04_train_step.py --model-profile local_gb10_quarter --data-path data/parquet_samples/gb10/clang_semantic_4k_v10/val_00000.parquet --data-format parquet --token-key token_ids --steps 20 --batch-size 1 --seq-len 2048 --dtype fp8_path_c --optimizer adam8bit --optimizer-quant-scheme dynamic_int8_v1 --lr 1e-4 --grad-checkpoint --output reports/raw/20260521_full_path_c_bwd_cells/fp8_adam8bit_path_c_warm.json --json --memory-limit-total-bytes 69793218560 --memory-limit-wired-ratio 0.99 --memory-limit-metal-ratio 0.99 --apply-memory-limit-plan,reports/raw/20260521_full_path_c_bwd_cells/fp8_adam8bit_path_c_warm.json,0,0.0
fp8_lion_path_b,fp8,lion,path_b,ok,lion,lion,Lion,cppmega_mlx.training.optimizers.LionFP32Moments,cppmega_mlx.training.optimizers.make_lion,20,2.9684140000026673,2.7514309579855762,743.433272732155,2.7457722150567476,2.9684140000026673,34.481038147583604,10.256717120297253,47.07961065415293,,"{""kernel_counts"": {""metal_kernel_fwd_v1"": 146, ""sparse_mla_fp8_reference_path_b"": 110}, ""op_kernel"": {""m2rnn"": ""metal_kernel_fwd_v1"", ""mamba3_mimo"": ""metal_kernel_fwd_v1"", ""sparse_mla"": ""sparse_mla_fp8_reference_path_b""}, ""path_c_fusion"": {""default_allowed"": false, ""direct_chain_runtime_binding_status"": ""direct_fusion_chain_logical_buffers_missing"", ""direct_chain_segment_count"": 5, ""direct_chain_status"": ""ready"", ""direct_chain_training_runtime_available"": false, ""direct_chain_training_runtime_status"": ""direct_fusion_chain_training_runtime_missing"", ""implementation_kind"": ""production"", ""missing_bank_buffers"": [""path_c_float32_abi_bank"", ""path_c_uint8_abi_bank"", ""path_c_int32_abi_bank""], ""missing_real_abi_inputs"": [], ""mode"": ""off"", ""production_fragments_complete"": true, ""production_schedule_id"": ""path_c_descriptor_chain_5785a4a0210e"", ""real_abi_contract_complete"": true, ""required_bank_buffers"": [""path_c_float32_abi_bank"", ""path_c_uint8_abi_bank"", ""path_c_int32_abi_bank""], ""runtime_binding_status"": ""model_owned_physical_abi_banks_missing"", ""runtime_uses_direct_fusion_chain"": false, ""runtime_uses_fused_train_block"": false, ""schedule_blockers"": [""selected_model_schedule_not_default"", ""fused_train_block_runtime_not_bound"", ""production_1b_matrix_profile_missing""], ""schedule_contract_status"": ""registered_not_lowered"", ""schedule_name"": ""local_gb10_quarter_path_c_10_12:descriptor_generated_fwd_bwd"", ""schedule_status"": ""ready"", ""single_kernel_fused"": false, ""status"": ""off""}, ""path_counts"": {""path_b"": 256}}","{""fp8_path_c_route_status"": ""not_requested"", ""fused_train_block_runtime_available"": false, ""kernel_surface_available"": true, ""path"": ""path_b"", ""path_c_fusion"": {""default_allowed"": false, ""direct_chain_runtime_binding_status"": ""direct_fusion_chain_logical_buffers_missing"", ""direct_chain_segment_count"": 5, ""direct_chain_status"": ""ready"", ""direct_chain_training_runtime_available"": false, ""direct_chain_training_runtime_status"": ""direct_fusion_chain_training_runtime_missing"", ""implementation_kind"": ""production"", ""missing_bank_buffers"": [""path_c_float32_abi_bank"", ""path_c_uint8_abi_bank"", ""path_c_int32_abi_bank""], ""missing_real_abi_inputs"": [], ""mode"": ""off"", ""production_fragments_complete"": true, ""production_schedule_id"": ""path_c_descriptor_chain_5785a4a0210e"", ""real_abi_contract_complete"": true, ""required_bank_buffers"": [""path_c_float32_abi_bank"", ""path_c_uint8_abi_bank"", ""path_c_int32_abi_bank""], ""runtime_binding_status"": ""model_owned_physical_abi_banks_missing"", ""runtime_uses_direct_fusion_chain"": false, ""runtime_uses_fused_train_block"": false, ""schedule_blockers"": [""selected_model_schedule_not_default"", ""fused_train_block_runtime_not_bound"", ""production_1b_matrix_profile_missing""], ""schedule_contract_status"": ""registered_not_lowered"", ""schedule_name"": ""local_gb10_quarter_path_c_10_12:descriptor_generated_fwd_bwd"", ""schedule_status"": ""ready"", ""single_kernel_fused"": false, ""status"": ""off""}, ""path_c_requested"": false, ""proof_source"": ""per-kernel runtime dispatch log plus Path C fusion planner metadata; fused schedule native compile is a separate compile receipt"", ""runtime_uses_fused_train_block"": false}",ok,818afbb,33134bee,d168ca5ca,0.32.0.dev20260514+d168ca5ca,/Volumes/external/sources/nanochat/.venv/bin/python scripts/m04_train_step.py --model-profile local_gb10_quarter --data-path data/parquet_samples/gb10/clang_semantic_4k_v10/val_00000.parquet --data-format parquet --token-key token_ids --steps 20 --batch-size 1 --seq-len 2048 --dtype fp8_path_b --optimizer lion --optimizer-quant-scheme dynamic_int8_v1 --lr 1e-4 --grad-checkpoint --output reports/raw/20260521_full_path_c_bwd_cells/fp8_lion_path_b.json --json --memory-limit-total-bytes 69793218560 --memory-limit-wired-ratio 0.99 --memory-limit-metal-ratio 0.99 --apply-memory-limit-plan,reports/raw/20260521_full_path_c_bwd_cells/fp8_lion_path_b.json,0,0.0
fp8_lion_path_c_cold,fp8,lion,path_c_cold,ok,lion,lion,Lion,cppmega_mlx.training.optimizers.LionFP32Moments,cppmega_mlx.training.optimizers.make_lion,20,23.025010249984916,3.4582534169894643,567.5930507250521,3.4538148816301195,23.025010249984916,56.59849488828331,17.281413784250617,0.0,False,"{""kernel_counts"": {""path_c_tilelang_dsl_fwd_path_b_bwd"": 110, ""path_c_tilelang_dsl_packed_post"": 36, ""tilelang_fp8_prepared_path_c_fwd"": 110}, ""op_kernel"": {""m2rnn"": ""path_c_tilelang_dsl_packed_post"", ""mamba3_mimo"": ""path_c_tilelang_dsl_fwd_path_b_bwd"", ""sparse_mla"": ""tilelang_fp8_prepared_path_c_fwd""}, ""path_c_fusion"": {""default_allowed"": false, ""direct_chain_runtime_binding_status"": ""direct_fusion_chain_logical_buffers_missing"", ""direct_chain_segment_count"": 5, ""direct_chain_status"": ""ready"", ""direct_chain_training_runtime_available"": false, ""direct_chain_training_runtime_status"": ""direct_fusion_chain_training_runtime_missing"", ""implementation_kind"": ""production"", ""missing_bank_buffers"": [""path_c_float32_abi_bank"", ""path_c_uint8_abi_bank"", ""path_c_int32_abi_bank""], ""missing_real_abi_inputs"": [], ""mode"": ""off"", ""production_fragments_complete"": true, ""production_schedule_id"": ""path_c_descriptor_chain_5785a4a0210e"", ""real_abi_contract_complete"": true, ""required_bank_buffers"": [""path_c_float32_abi_bank"", ""path_c_uint8_abi_bank"", ""path_c_int32_abi_bank""], ""runtime_binding_status"": ""model_owned_physical_abi_banks_missing"", ""runtime_uses_direct_fusion_chain"": false, ""runtime_uses_fused_train_block"": false, ""schedule_blockers"": [""selected_model_schedule_not_default"", ""fused_train_block_runtime_not_bound"", ""production_1b_matrix_profile_missing""], ""schedule_contract_status"": ""registered_not_lowered"", ""schedule_name"": ""local_gb10_quarter_path_c_10_12:descriptor_generated_fwd_bwd"", ""schedule_status"": ""ready"", ""single_kernel_fused"": false, ""status"": ""off""}, ""path_counts"": {""path_c"": 256}}","{""fp8_path_c_route_status"": ""m04_path_c_split_training_route_available"", ""fused_train_block_runtime_available"": false, ""kernel_surface_available"": true, ""path"": ""path_c_cold"", ""path_c_fusion"": {""default_allowed"": false, ""direct_chain_runtime_binding_status"": ""direct_fusion_chain_logical_buffers_missing"", ""direct_chain_segment_count"": 5, ""direct_chain_status"": ""ready"", ""direct_chain_training_runtime_available"": false, ""direct_chain_training_runtime_status"": ""direct_fusion_chain_training_runtime_missing"", ""implementation_kind"": ""production"", ""missing_bank_buffers"": [""path_c_float32_abi_bank"", ""path_c_uint8_abi_bank"", ""path_c_int32_abi_bank""], ""missing_real_abi_inputs"": [], ""mode"": ""off"", ""production_fragments_complete"": true, ""production_schedule_id"": ""path_c_descriptor_chain_5785a4a0210e"", ""real_abi_contract_complete"": true, ""required_bank_buffers"": [""path_c_float32_abi_bank"", ""path_c_uint8_abi_bank"", ""path_c_int32_abi_bank""], ""runtime_binding_status"": ""model_owned_physical_abi_banks_missing"", ""runtime_uses_direct_fusion_chain"": false, ""runtime_uses_fused_train_block"": false, ""schedule_blockers"": [""selected_model_schedule_not_default"", ""fused_train_block_runtime_not_bound"", ""production_1b_matrix_profile_missing""], ""schedule_contract_status"": ""registered_not_lowered"", ""schedule_name"": ""local_gb10_quarter_path_c_10_12:descriptor_generated_fwd_bwd"", ""schedule_status"": ""ready"", ""single_kernel_fused"": false, ""status"": ""off""}, ""path_c_requested"": true, ""proof_source"": ""per-kernel runtime dispatch log plus Path C fusion planner metadata; fused schedule native compile is a separate compile receipt"", ""runtime_uses_fused_train_block"": false}",ok,818afbb,33134bee,d168ca5ca,0.32.0.dev20260514+d168ca5ca,/Volumes/external/sources/nanochat/.venv/bin/python scripts/m04_train_step.py --model-profile local_gb10_quarter --data-path data/parquet_samples/gb10/clang_semantic_4k_v10/val_00000.parquet --data-format parquet --token-key token_ids --steps 20 --batch-size 1 --seq-len 2048 --dtype fp8_path_c --optimizer lion --optimizer-quant-scheme dynamic_int8_v1 --lr 1e-4 --grad-checkpoint --output reports/raw/20260521_full_path_c_bwd_cells/fp8_lion_path_c_cold.json --json --memory-limit-total-bytes 69793218560 --memory-limit-wired-ratio 0.99 --memory-limit-metal-ratio 0.99 --apply-memory-limit-plan,reports/raw/20260521_full_path_c_bwd_cells/fp8_lion_path_c_cold.json,0,0.0
fp8_lion_path_c_warm,fp8,lion,path_c_warm,ok,lion,lion,Lion,cppmega_mlx.training.optimizers.LionFP32Moments,cppmega_mlx.training.optimizers.make_lion,20,6.8790733750211075,3.3994006250286475,586.6152900653866,3.401397723686195,6.8790733750211075,56.59849488828331,17.281413784250617,0.0,True,"{""kernel_counts"": {""path_c_tilelang_dsl_fwd_path_b_bwd"": 110, ""path_c_tilelang_dsl_packed_post"": 36, ""tilelang_fp8_prepared_path_c_fwd"": 110}, ""op_kernel"": {""m2rnn"": ""path_c_tilelang_dsl_packed_post"", ""mamba3_mimo"": ""path_c_tilelang_dsl_fwd_path_b_bwd"", ""sparse_mla"": ""tilelang_fp8_prepared_path_c_fwd""}, ""path_c_fusion"": {""default_allowed"": false, ""direct_chain_runtime_binding_status"": ""direct_fusion_chain_logical_buffers_missing"", ""direct_chain_segment_count"": 5, ""direct_chain_status"": ""ready"", ""direct_chain_training_runtime_available"": false, ""direct_chain_training_runtime_status"": ""direct_fusion_chain_training_runtime_missing"", ""implementation_kind"": ""production"", ""missing_bank_buffers"": [""path_c_float32_abi_bank"", ""path_c_uint8_abi_bank"", ""path_c_int32_abi_bank""], ""missing_real_abi_inputs"": [], ""mode"": ""off"", ""production_fragments_complete"": true, ""production_schedule_id"": ""path_c_descriptor_chain_5785a4a0210e"", ""real_abi_contract_complete"": true, ""required_bank_buffers"": [""path_c_float32_abi_bank"", ""path_c_uint8_abi_bank"", ""path_c_int32_abi_bank""], ""runtime_binding_status"": ""model_owned_physical_abi_banks_missing"", ""runtime_uses_direct_fusion_chain"": false, ""runtime_uses_fused_train_block"": false, ""schedule_blockers"": [""selected_model_schedule_not_default"", ""fused_train_block_runtime_not_bound"", ""production_1b_matrix_profile_missing""], ""schedule_contract_status"": ""registered_not_lowered"", ""schedule_name"": ""local_gb10_quarter_path_c_10_12:descriptor_generated_fwd_bwd"", ""schedule_status"": ""ready"", ""single_kernel_fused"": false, ""status"": ""off""}, ""path_counts"": {""path_c"": 256}}","{""fp8_path_c_route_status"": ""m04_path_c_split_training_route_available"", ""fused_train_block_runtime_available"": false, ""kernel_surface_available"": true, ""path"": ""path_c_warm"", ""path_c_fusion"": {""default_allowed"": false, ""direct_chain_runtime_binding_status"": ""direct_fusion_chain_logical_buffers_missing"", ""direct_chain_segment_count"": 5, ""direct_chain_status"": ""ready"", ""direct_chain_training_runtime_available"": false, ""direct_chain_training_runtime_status"": ""direct_fusion_chain_training_runtime_missing"", ""implementation_kind"": ""production"", ""missing_bank_buffers"": [""path_c_float32_abi_bank"", ""path_c_uint8_abi_bank"", ""path_c_int32_abi_bank""], ""missing_real_abi_inputs"": [], ""mode"": ""off"", ""production_fragments_complete"": true, ""production_schedule_id"": ""path_c_descriptor_chain_5785a4a0210e"", ""real_abi_contract_complete"": true, ""required_bank_buffers"": [""path_c_float32_abi_bank"", ""path_c_uint8_abi_bank"", ""path_c_int32_abi_bank""], ""runtime_binding_status"": ""model_owned_physical_abi_banks_missing"", ""runtime_uses_direct_fusion_chain"": false, ""runtime_uses_fused_train_block"": false, ""schedule_blockers"": [""selected_model_schedule_not_default"", ""fused_train_block_runtime_not_bound"", ""production_1b_matrix_profile_missing""], ""schedule_contract_status"": ""registered_not_lowered"", ""schedule_name"": ""local_gb10_quarter_path_c_10_12:descriptor_generated_fwd_bwd"", ""schedule_status"": ""ready"", ""single_kernel_fused"": false, ""status"": ""off""}, ""path_c_requested"": true, ""proof_source"": ""per-kernel runtime dispatch log plus Path C fusion planner metadata; fused schedule native compile is a separate compile receipt"", ""runtime_uses_fused_train_block"": false}",ok,818afbb,33134bee,d168ca5ca,0.32.0.dev20260514+d168ca5ca,/Volumes/external/sources/nanochat/.venv/bin/python scripts/m04_train_step.py --model-profile local_gb10_quarter --data-path data/parquet_samples/gb10/clang_semantic_4k_v10/val_00000.parquet --data-format parquet --token-key token_ids --steps 20 --batch-size 1 --seq-len 2048 --dtype fp8_path_c --optimizer lion --optimizer-quant-scheme dynamic_int8_v1 --lr 1e-4 --grad-checkpoint --output reports/raw/20260521_full_path_c_bwd_cells/fp8_lion_path_c_warm.json --json --memory-limit-total-bytes 69793218560 --memory-limit-wired-ratio 0.99 --memory-limit-metal-ratio 0.99 --apply-memory-limit-plan,reports/raw/20260521_full_path_c_bwd_cells/fp8_lion_path_c_warm.json,0,0.0
fp8_lion8bit_path_b,fp8,lion8bit,path_b,ok,lion8bit,lion8bit,Lion8bit,cppmega_mlx.training.optimizers_quantized.Lion8bit,cppmega_mlx.training.optimizers_quantized.make_lion8bit,20,2.2687220830121078,2.117545749992132,967.6638737151964,2.108539197465258,2.2687220830121078,20.145347505807877,5.1590905748307705,35.04576950799674,,"{""kernel_counts"": {""metal_kernel_fwd_v1"": 146, ""sparse_mla_fp8_reference_path_b"": 110}, ""op_kernel"": {""m2rnn"": ""metal_kernel_fwd_v1"", ""mamba3_mimo"": ""metal_kernel_fwd_v1"", ""sparse_mla"": ""sparse_mla_fp8_reference_path_b""}, ""path_c_fusion"": {""default_allowed"": false, ""direct_chain_runtime_binding_status"": ""direct_fusion_chain_logical_buffers_missing"", ""direct_chain_segment_count"": 5, ""direct_chain_status"": ""ready"", ""direct_chain_training_runtime_available"": false, ""direct_chain_training_runtime_status"": ""direct_fusion_chain_training_runtime_missing"", ""implementation_kind"": ""production"", ""missing_bank_buffers"": [""path_c_float32_abi_bank"", ""path_c_uint8_abi_bank"", ""path_c_int32_abi_bank""], ""missing_real_abi_inputs"": [], ""mode"": ""off"", ""production_fragments_complete"": true, ""production_schedule_id"": ""path_c_descriptor_chain_5785a4a0210e"", ""real_abi_contract_complete"": true, ""required_bank_buffers"": [""path_c_float32_abi_bank"", ""path_c_uint8_abi_bank"", ""path_c_int32_abi_bank""], ""runtime_binding_status"": ""model_owned_physical_abi_banks_missing"", ""runtime_uses_direct_fusion_chain"": false, ""runtime_uses_fused_train_block"": false, ""schedule_blockers"": [""selected_model_schedule_not_default"", ""fused_train_block_runtime_not_bound"", ""production_1b_matrix_profile_missing""], ""schedule_contract_status"": ""registered_not_lowered"", ""schedule_name"": ""local_gb10_quarter_path_c_10_12:descriptor_generated_fwd_bwd"", ""schedule_status"": ""ready"", ""single_kernel_fused"": false, ""status"": ""off""}, ""path_counts"": {""path_b"": 256}}","{""fp8_path_c_route_status"": ""not_requested"", ""fused_train_block_runtime_available"": false, ""kernel_surface_available"": true, ""path"": ""path_b"", ""path_c_fusion"": {""default_allowed"": false, ""direct_chain_runtime_binding_status"": ""direct_fusion_chain_logical_buffers_missing"", ""direct_chain_segment_count"": 5, ""direct_chain_status"": ""ready"", ""direct_chain_training_runtime_available"": false, ""direct_chain_training_runtime_status"": ""direct_fusion_chain_training_runtime_missing"", ""implementation_kind"": ""production"", ""missing_bank_buffers"": [""path_c_float32_abi_bank"", ""path_c_uint8_abi_bank"", ""path_c_int32_abi_bank""], ""missing_real_abi_inputs"": [], ""mode"": ""off"", ""production_fragments_complete"": true, ""production_schedule_id"": ""path_c_descriptor_chain_5785a4a0210e"", ""real_abi_contract_complete"": true, ""required_bank_buffers"": [""path_c_float32_abi_bank"", ""path_c_uint8_abi_bank"", ""path_c_int32_abi_bank""], ""runtime_binding_status"": ""model_owned_physical_abi_banks_missing"", ""runtime_uses_direct_fusion_chain"": false, ""runtime_uses_fused_train_block"": false, ""schedule_blockers"": [""selected_model_schedule_not_default"", ""fused_train_block_runtime_not_bound"", ""production_1b_matrix_profile_missing""], ""schedule_contract_status"": ""registered_not_lowered"", ""schedule_name"": ""local_gb10_quarter_path_c_10_12:descriptor_generated_fwd_bwd"", ""schedule_status"": ""ready"", ""single_kernel_fused"": false, ""status"": ""off""}, ""path_c_requested"": false, ""proof_source"": ""per-kernel runtime dispatch log plus Path C fusion planner metadata; fused schedule native compile is a separate compile receipt"", ""runtime_uses_fused_train_block"": false}",ok,818afbb,33134bee,d168ca5ca,0.32.0.dev20260514+d168ca5ca,/Volumes/external/sources/nanochat/.venv/bin/python scripts/m04_train_step.py --model-profile local_gb10_quarter --data-path data/parquet_samples/gb10/clang_semantic_4k_v10/val_00000.parquet --data-format parquet --token-key token_ids --steps 20 --batch-size 1 --seq-len 2048 --dtype fp8_path_b --optimizer lion8bit --optimizer-quant-scheme dynamic_int8_v1 --lr 1e-4 --grad-checkpoint --output reports/raw/20260521_full_path_c_bwd_cells/fp8_lion8bit_path_b.json --json --memory-limit-total-bytes 69793218560 --memory-limit-wired-ratio 0.99 --memory-limit-metal-ratio 0.99 --apply-memory-limit-plan,reports/raw/20260521_full_path_c_bwd_cells/fp8_lion8bit_path_b.json,0,0.0
fp8_lion8bit_path_c_cold,fp8,lion8bit,path_c_cold,ok,lion8bit,lion8bit,Lion8bit,cppmega_mlx.training.optimizers_quantized.Lion8bit,cppmega_mlx.training.optimizers_quantized.make_lion8bit,20,22.616630875039846,2.7836910829646513,702.0272703691642,2.7880874211520053,22.616630875039846,51.500851339660585,12.18377023562789,0.0,False,"{""kernel_counts"": {""path_c_tilelang_dsl_fwd_path_b_bwd"": 110, ""path_c_tilelang_dsl_packed_post"": 36, ""tilelang_fp8_prepared_path_c_fwd"": 110}, ""op_kernel"": {""m2rnn"": ""path_c_tilelang_dsl_packed_post"", ""mamba3_mimo"": ""path_c_tilelang_dsl_fwd_path_b_bwd"", ""sparse_mla"": ""tilelang_fp8_prepared_path_c_fwd""}, ""path_c_fusion"": {""default_allowed"": false, ""direct_chain_runtime_binding_status"": ""direct_fusion_chain_logical_buffers_missing"", ""direct_chain_segment_count"": 5, ""direct_chain_status"": ""ready"", ""direct_chain_training_runtime_available"": false, ""direct_chain_training_runtime_status"": ""direct_fusion_chain_training_runtime_missing"", ""implementation_kind"": ""production"", ""missing_bank_buffers"": [""path_c_float32_abi_bank"", ""path_c_uint8_abi_bank"", ""path_c_int32_abi_bank""], ""missing_real_abi_inputs"": [], ""mode"": ""off"", ""production_fragments_complete"": true, ""production_schedule_id"": ""path_c_descriptor_chain_5785a4a0210e"", ""real_abi_contract_complete"": true, ""required_bank_buffers"": [""path_c_float32_abi_bank"", ""path_c_uint8_abi_bank"", ""path_c_int32_abi_bank""], ""runtime_binding_status"": ""model_owned_physical_abi_banks_missing"", ""runtime_uses_direct_fusion_chain"": false, ""runtime_uses_fused_train_block"": false, ""schedule_blockers"": [""selected_model_schedule_not_default"", ""fused_train_block_runtime_not_bound"", ""production_1b_matrix_profile_missing""], ""schedule_contract_status"": ""registered_not_lowered"", ""schedule_name"": ""local_gb10_quarter_path_c_10_12:descriptor_generated_fwd_bwd"", ""schedule_status"": ""ready"", ""single_kernel_fused"": false, ""status"": ""off""}, ""path_counts"": {""path_c"": 256}}","{""fp8_path_c_route_status"": ""m04_path_c_split_training_route_available"", ""fused_train_block_runtime_available"": false, ""kernel_surface_available"": true, ""path"": ""path_c_cold"", ""path_c_fusion"": {""default_allowed"": false, ""direct_chain_runtime_binding_status"": ""direct_fusion_chain_logical_buffers_missing"", ""direct_chain_segment_count"": 5, ""direct_chain_status"": ""ready"", ""direct_chain_training_runtime_available"": false, ""direct_chain_training_runtime_status"": ""direct_fusion_chain_training_runtime_missing"", ""implementation_kind"": ""production"", ""missing_bank_buffers"": [""path_c_float32_abi_bank"", ""path_c_uint8_abi_bank"", ""path_c_int32_abi_bank""], ""missing_real_abi_inputs"": [], ""mode"": ""off"", ""production_fragments_complete"": true, ""production_schedule_id"": ""path_c_descriptor_chain_5785a4a0210e"", ""real_abi_contract_complete"": true, ""required_bank_buffers"": [""path_c_float32_abi_bank"", ""path_c_uint8_abi_bank"", ""path_c_int32_abi_bank""], ""runtime_binding_status"": ""model_owned_physical_abi_banks_missing"", ""runtime_uses_direct_fusion_chain"": false, ""runtime_uses_fused_train_block"": false, ""schedule_blockers"": [""selected_model_schedule_not_default"", ""fused_train_block_runtime_not_bound"", ""production_1b_matrix_profile_missing""], ""schedule_contract_status"": ""registered_not_lowered"", ""schedule_name"": ""local_gb10_quarter_path_c_10_12:descriptor_generated_fwd_bwd"", ""schedule_status"": ""ready"", ""single_kernel_fused"": false, ""status"": ""off""}, ""path_c_requested"": true, ""proof_source"": ""per-kernel runtime dispatch log plus Path C fusion planner metadata; fused schedule native compile is a separate compile receipt"", ""runtime_uses_fused_train_block"": false}",ok,818afbb,33134bee,d168ca5ca,0.32.0.dev20260514+d168ca5ca,/Volumes/external/sources/nanochat/.venv/bin/python scripts/m04_train_step.py --model-profile local_gb10_quarter --data-path data/parquet_samples/gb10/clang_semantic_4k_v10/val_00000.parquet --data-format parquet --token-key token_ids --steps 20 --batch-size 1 --seq-len 2048 --dtype fp8_path_c --optimizer lion8bit --optimizer-quant-scheme dynamic_int8_v1 --lr 1e-4 --grad-checkpoint --output reports/raw/20260521_full_path_c_bwd_cells/fp8_lion8bit_path_c_cold.json --json --memory-limit-total-bytes 69793218560 --memory-limit-wired-ratio 0.99 --memory-limit-metal-ratio 0.99 --apply-memory-limit-plan,reports/raw/20260521_full_path_c_bwd_cells/fp8_lion8bit_path_c_cold.json,0,0.0
fp8_lion8bit_path_c_warm,fp8,lion8bit,path_c_warm,ok,lion8bit,lion8bit,Lion8bit,cppmega_mlx.training.optimizers_quantized.Lion8bit,cppmega_mlx.training.optimizers_quantized.make_lion8bit,20,6.10864979098551,2.815978499944322,706.8903101811569,2.8178372195229473,6.10864979098551,51.500851339660585,12.18377023562789,0.0,True,"{""kernel_counts"": {""path_c_tilelang_dsl_fwd_path_b_bwd"": 110, ""path_c_tilelang_dsl_packed_post"": 36, ""tilelang_fp8_prepared_path_c_fwd"": 110}, ""op_kernel"": {""m2rnn"": ""path_c_tilelang_dsl_packed_post"", ""mamba3_mimo"": ""path_c_tilelang_dsl_fwd_path_b_bwd"", ""sparse_mla"": ""tilelang_fp8_prepared_path_c_fwd""}, ""path_c_fusion"": {""default_allowed"": false, ""direct_chain_runtime_binding_status"": ""direct_fusion_chain_logical_buffers_missing"", ""direct_chain_segment_count"": 5, ""direct_chain_status"": ""ready"", ""direct_chain_training_runtime_available"": false, ""direct_chain_training_runtime_status"": ""direct_fusion_chain_training_runtime_missing"", ""implementation_kind"": ""production"", ""missing_bank_buffers"": [""path_c_float32_abi_bank"", ""path_c_uint8_abi_bank"", ""path_c_int32_abi_bank""], ""missing_real_abi_inputs"": [], ""mode"": ""off"", ""production_fragments_complete"": true, ""production_schedule_id"": ""path_c_descriptor_chain_5785a4a0210e"", ""real_abi_contract_complete"": true, ""required_bank_buffers"": [""path_c_float32_abi_bank"", ""path_c_uint8_abi_bank"", ""path_c_int32_abi_bank""], ""runtime_binding_status"": ""model_owned_physical_abi_banks_missing"", ""runtime_uses_direct_fusion_chain"": false, ""runtime_uses_fused_train_block"": false, ""schedule_blockers"": [""selected_model_schedule_not_default"", ""fused_train_block_runtime_not_bound"", ""production_1b_matrix_profile_missing""], ""schedule_contract_status"": ""registered_not_lowered"", ""schedule_name"": ""local_gb10_quarter_path_c_10_12:descriptor_generated_fwd_bwd"", ""schedule_status"": ""ready"", ""single_kernel_fused"": false, ""status"": ""off""}, ""path_counts"": {""path_c"": 256}}","{""fp8_path_c_route_status"": ""m04_path_c_split_training_route_available"", ""fused_train_block_runtime_available"": false, ""kernel_surface_available"": true, ""path"": ""path_c_warm"", ""path_c_fusion"": {""default_allowed"": false, ""direct_chain_runtime_binding_status"": ""direct_fusion_chain_logical_buffers_missing"", ""direct_chain_segment_count"": 5, ""direct_chain_status"": ""ready"", ""direct_chain_training_runtime_available"": false, ""direct_chain_training_runtime_status"": ""direct_fusion_chain_training_runtime_missing"", ""implementation_kind"": ""production"", ""missing_bank_buffers"": [""path_c_float32_abi_bank"", ""path_c_uint8_abi_bank"", ""path_c_int32_abi_bank""], ""missing_real_abi_inputs"": [], ""mode"": ""off"", ""production_fragments_complete"": true, ""production_schedule_id"": ""path_c_descriptor_chain_5785a4a0210e"", ""real_abi_contract_complete"": true, ""required_bank_buffers"": [""path_c_float32_abi_bank"", ""path_c_uint8_abi_bank"", ""path_c_int32_abi_bank""], ""runtime_binding_status"": ""model_owned_physical_abi_banks_missing"", ""runtime_uses_direct_fusion_chain"": false, ""runtime_uses_fused_train_block"": false, ""schedule_blockers"": [""selected_model_schedule_not_default"", ""fused_train_block_runtime_not_bound"", ""production_1b_matrix_profile_missing""], ""schedule_contract_status"": ""registered_not_lowered"", ""schedule_name"": ""local_gb10_quarter_path_c_10_12:descriptor_generated_fwd_bwd"", ""schedule_status"": ""ready"", ""single_kernel_fused"": false, ""status"": ""off""}, ""path_c_requested"": true, ""proof_source"": ""per-kernel runtime dispatch log plus Path C fusion planner metadata; fused schedule native compile is a separate compile receipt"", ""runtime_uses_fused_train_block"": false}",ok,818afbb,33134bee,d168ca5ca,0.32.0.dev20260514+d168ca5ca,/Volumes/external/sources/nanochat/.venv/bin/python scripts/m04_train_step.py --model-profile local_gb10_quarter --data-path data/parquet_samples/gb10/clang_semantic_4k_v10/val_00000.parquet --data-format parquet --token-key token_ids --steps 20 --batch-size 1 --seq-len 2048 --dtype fp8_path_c --optimizer lion8bit --optimizer-quant-scheme dynamic_int8_v1 --lr 1e-4 --grad-checkpoint --output reports/raw/20260521_full_path_c_bwd_cells/fp8_lion8bit_path_c_warm.json --json --memory-limit-total-bytes 69793218560 --memory-limit-wired-ratio 0.99 --memory-limit-metal-ratio 0.99 --apply-memory-limit-plan,reports/raw/20260521_full_path_c_bwd_cells/fp8_lion8bit_path_c_warm.json,0,0.0
fp8_muon_path_b,fp8,muon,path_b,ok,muon,muon_adamw,MuonAdamW,cppmega_mlx.training.optimizers.MuonAdamWMulti,cppmega_mlx.training.optimizers.make_muon,20,8.279323625029065,8.05333858402446,253.63005010800035,8.06030322805868,8.279323625029065,25.5255385953933,12.064495138823986,40.25627351459116,,"{""kernel_counts"": {""metal_kernel_fwd_v1"": 146, ""sparse_mla_fp8_reference_path_b"": 110}, ""op_kernel"": {""m2rnn"": ""metal_kernel_fwd_v1"", ""mamba3_mimo"": ""metal_kernel_fwd_v1"", ""sparse_mla"": ""sparse_mla_fp8_reference_path_b""}, ""path_c_fusion"": {""default_allowed"": false, ""direct_chain_runtime_binding_status"": ""direct_fusion_chain_logical_buffers_missing"", ""direct_chain_segment_count"": 5, ""direct_chain_status"": ""ready"", ""direct_chain_training_runtime_available"": false, ""direct_chain_training_runtime_status"": ""direct_fusion_chain_training_runtime_missing"", ""implementation_kind"": ""production"", ""missing_bank_buffers"": [""path_c_float32_abi_bank"", ""path_c_uint8_abi_bank"", ""path_c_int32_abi_bank""], ""missing_real_abi_inputs"": [], ""mode"": ""off"", ""production_fragments_complete"": true, ""production_schedule_id"": ""path_c_descriptor_chain_5785a4a0210e"", ""real_abi_contract_complete"": true, ""required_bank_buffers"": [""path_c_float32_abi_bank"", ""path_c_uint8_abi_bank"", ""path_c_int32_abi_bank""], ""runtime_binding_status"": ""model_owned_physical_abi_banks_missing"", ""runtime_uses_direct_fusion_chain"": false, ""runtime_uses_fused_train_block"": false, ""schedule_blockers"": [""selected_model_schedule_not_default"", ""fused_train_block_runtime_not_bound"", ""production_1b_matrix_profile_missing""], ""schedule_contract_status"": ""registered_not_lowered"", ""schedule_name"": ""local_gb10_quarter_path_c_10_12:descriptor_generated_fwd_bwd"", ""schedule_status"": ""ready"", ""single_kernel_fused"": false, ""status"": ""off""}, ""path_counts"": {""path_b"": 256}}","{""fp8_path_c_route_status"": ""not_requested"", ""fused_train_block_runtime_available"": false, ""kernel_surface_available"": true, ""path"": ""path_b"", ""path_c_fusion"": {""default_allowed"": false, ""direct_chain_runtime_binding_status"": ""direct_fusion_chain_logical_buffers_missing"", ""direct_chain_segment_count"": 5, ""direct_chain_status"": ""ready"", ""direct_chain_training_runtime_available"": false, ""direct_chain_training_runtime_status"": ""direct_fusion_chain_training_runtime_missing"", ""implementation_kind"": ""production"", ""missing_bank_buffers"": [""path_c_float32_abi_bank"", ""path_c_uint8_abi_bank"", ""path_c_int32_abi_bank""], ""missing_real_abi_inputs"": [], ""mode"": ""off"", ""production_fragments_complete"": true, ""production_schedule_id"": ""path_c_descriptor_chain_5785a4a0210e"", ""real_abi_contract_complete"": true, ""required_bank_buffers"": [""path_c_float32_abi_bank"", ""path_c_uint8_abi_bank"", ""path_c_int32_abi_bank""], ""runtime_binding_status"": ""model_owned_physical_abi_banks_missing"", ""runtime_uses_direct_fusion_chain"": false, ""runtime_uses_fused_train_block"": false, ""schedule_blockers"": [""selected_model_schedule_not_default"", ""fused_train_block_runtime_not_bound"", ""production_1b_matrix_profile_missing""], ""schedule_contract_status"": ""registered_not_lowered"", ""schedule_name"": ""local_gb10_quarter_path_c_10_12:descriptor_generated_fwd_bwd"", ""schedule_status"": ""ready"", ""single_kernel_fused"": false, ""status"": ""off""}, ""path_c_requested"": false, ""proof_source"": ""per-kernel runtime dispatch log plus Path C fusion planner metadata; fused schedule native compile is a separate compile receipt"", ""runtime_uses_fused_train_block"": false}",ok,818afbb,33134bee,d168ca5ca,0.32.0.dev20260514+d168ca5ca,/Volumes/external/sources/nanochat/.venv/bin/python scripts/m04_train_step.py --model-profile local_gb10_quarter --data-path data/parquet_samples/gb10/clang_semantic_4k_v10/val_00000.parquet --data-format parquet --token-key token_ids --steps 20 --batch-size 1 --seq-len 2048 --dtype fp8_path_b --optimizer muon --optimizer-quant-scheme dynamic_int8_v1 --lr 1e-4 --grad-checkpoint --output reports/raw/20260521_full_path_c_bwd_cells/fp8_muon_path_b.json --json --memory-limit-total-bytes 69793218560 --memory-limit-wired-ratio 0.99 --memory-limit-metal-ratio 0.99 --apply-memory-limit-plan,reports/raw/20260521_full_path_c_bwd_cells/fp8_muon_path_b.json,0,0.0
fp8_muon_path_c_cold,fp8,muon,path_c_cold,ok,muon,muon_adamw,MuonAdamW,cppmega_mlx.training.optimizers.MuonAdamWMulti,cppmega_mlx.training.optimizers.make_muon,20,29.1034694169648,8.791853165952489,224.69446487750307,8.792280528467687,29.1034694169648,58.40638917405158,19.089308070018888,0.0,False,"{""kernel_counts"": {""path_c_tilelang_dsl_fwd_path_b_bwd"": 110, ""path_c_tilelang_dsl_packed_post"": 36, ""tilelang_fp8_prepared_path_c_fwd"": 110}, ""op_kernel"": {""m2rnn"": ""path_c_tilelang_dsl_packed_post"", ""mamba3_mimo"": ""path_c_tilelang_dsl_fwd_path_b_bwd"", ""sparse_mla"": ""tilelang_fp8_prepared_path_c_fwd""}, ""path_c_fusion"": {""default_allowed"": false, ""direct_chain_runtime_binding_status"": ""direct_fusion_chain_logical_buffers_missing"", ""direct_chain_segment_count"": 5, ""direct_chain_status"": ""ready"", ""direct_chain_training_runtime_available"": false, ""direct_chain_training_runtime_status"": ""direct_fusion_chain_training_runtime_missing"", ""implementation_kind"": ""production"", ""missing_bank_buffers"": [""path_c_float32_abi_bank"", ""path_c_uint8_abi_bank"", ""path_c_int32_abi_bank""], ""missing_real_abi_inputs"": [], ""mode"": ""off"", ""production_fragments_complete"": true, ""production_schedule_id"": ""path_c_descriptor_chain_5785a4a0210e"", ""real_abi_contract_complete"": true, ""required_bank_buffers"": [""path_c_float32_abi_bank"", ""path_c_uint8_abi_bank"", ""path_c_int32_abi_bank""], ""runtime_binding_status"": ""model_owned_physical_abi_banks_missing"", ""runtime_uses_direct_fusion_chain"": false, ""runtime_uses_fused_train_block"": false, ""schedule_blockers"": [""selected_model_schedule_not_default"", ""fused_train_block_runtime_not_bound"", ""production_1b_matrix_profile_missing""], ""schedule_contract_status"": ""registered_not_lowered"", ""schedule_name"": ""local_gb10_quarter_path_c_10_12:descriptor_generated_fwd_bwd"", ""schedule_status"": ""ready"", ""single_kernel_fused"": false, ""status"": ""off""}, ""path_counts"": {""path_c"": 256}}","{""fp8_path_c_route_status"": ""m04_path_c_split_training_route_available"", ""fused_train_block_runtime_available"": false, ""kernel_surface_available"": true, ""path"": ""path_c_cold"", ""path_c_fusion"": {""default_allowed"": false, ""direct_chain_runtime_binding_status"": ""direct_fusion_chain_logical_buffers_missing"", ""direct_chain_segment_count"": 5, ""direct_chain_status"": ""ready"", ""direct_chain_training_runtime_available"": false, ""direct_chain_training_runtime_status"": ""direct_fusion_chain_training_runtime_missing"", ""implementation_kind"": ""production"", ""missing_bank_buffers"": [""path_c_float32_abi_bank"", ""path_c_uint8_abi_bank"", ""path_c_int32_abi_bank""], ""missing_real_abi_inputs"": [], ""mode"": ""off"", ""production_fragments_complete"": true, ""production_schedule_id"": ""path_c_descriptor_chain_5785a4a0210e"", ""real_abi_contract_complete"": true, ""required_bank_buffers"": [""path_c_float32_abi_bank"", ""path_c_uint8_abi_bank"", ""path_c_int32_abi_bank""], ""runtime_binding_status"": ""model_owned_physical_abi_banks_missing"", ""runtime_uses_direct_fusion_chain"": false, ""runtime_uses_fused_train_block"": false, ""schedule_blockers"": [""selected_model_schedule_not_default"", ""fused_train_block_runtime_not_bound"", ""production_1b_matrix_profile_missing""], ""schedule_contract_status"": ""registered_not_lowered"", ""schedule_name"": ""local_gb10_quarter_path_c_10_12:descriptor_generated_fwd_bwd"", ""schedule_status"": ""ready"", ""single_kernel_fused"": false, ""status"": ""off""}, ""path_c_requested"": true, ""proof_source"": ""per-kernel runtime dispatch log plus Path C fusion planner metadata; fused schedule native compile is a separate compile receipt"", ""runtime_uses_fused_train_block"": false}",ok,818afbb,33134bee,d168ca5ca,0.32.0.dev20260514+d168ca5ca,/Volumes/external/sources/nanochat/.venv/bin/python scripts/m04_train_step.py --model-profile local_gb10_quarter --data-path data/parquet_samples/gb10/clang_semantic_4k_v10/val_00000.parquet --data-format parquet --token-key token_ids --steps 20 --batch-size 1 --seq-len 2048 --dtype fp8_path_c --optimizer muon --optimizer-quant-scheme dynamic_int8_v1 --lr 1e-4 --grad-checkpoint --output reports/raw/20260521_full_path_c_bwd_cells/fp8_muon_path_c_cold.json --json --memory-limit-total-bytes 69793218560 --memory-limit-wired-ratio 0.99 --memory-limit-metal-ratio 0.99 --apply-memory-limit-plan,reports/raw/20260521_full_path_c_bwd_cells/fp8_muon_path_c_cold.json,0,0.0
fp8_muon_path_c_warm,fp8,muon,path_c_warm,ok,muon,muon_adamw,MuonAdamW,cppmega_mlx.training.optimizers.MuonAdamWMulti,cppmega_mlx.training.optimizers.make_muon,20,12.570867250033189,8.79244774999097,229.2283891983171,8.795963934150917,12.570867250033189,58.40638917405158,19.089308070018888,0.0,True,"{""kernel_counts"": {""path_c_tilelang_dsl_fwd_path_b_bwd"": 110, ""path_c_tilelang_dsl_packed_post"": 36, ""tilelang_fp8_prepared_path_c_fwd"": 110}, ""op_kernel"": {""m2rnn"": ""path_c_tilelang_dsl_packed_post"", ""mamba3_mimo"": ""path_c_tilelang_dsl_fwd_path_b_bwd"", ""sparse_mla"": ""tilelang_fp8_prepared_path_c_fwd""}, ""path_c_fusion"": {""default_allowed"": false, ""direct_chain_runtime_binding_status"": ""direct_fusion_chain_logical_buffers_missing"", ""direct_chain_segment_count"": 5, ""direct_chain_status"": ""ready"", ""direct_chain_training_runtime_available"": false, ""direct_chain_training_runtime_status"": ""direct_fusion_chain_training_runtime_missing"", ""implementation_kind"": ""production"", ""missing_bank_buffers"": [""path_c_float32_abi_bank"", ""path_c_uint8_abi_bank"", ""path_c_int32_abi_bank""], ""missing_real_abi_inputs"": [], ""mode"": ""off"", ""production_fragments_complete"": true, ""production_schedule_id"": ""path_c_descriptor_chain_5785a4a0210e"", ""real_abi_contract_complete"": true, ""required_bank_buffers"": [""path_c_float32_abi_bank"", ""path_c_uint8_abi_bank"", ""path_c_int32_abi_bank""], ""runtime_binding_status"": ""model_owned_physical_abi_banks_missing"", ""runtime_uses_direct_fusion_chain"": false, ""runtime_uses_fused_train_block"": false, ""schedule_blockers"": [""selected_model_schedule_not_default"", ""fused_train_block_runtime_not_bound"", ""production_1b_matrix_profile_missing""], ""schedule_contract_status"": ""registered_not_lowered"", ""schedule_name"": ""local_gb10_quarter_path_c_10_12:descriptor_generated_fwd_bwd"", ""schedule_status"": ""ready"", ""single_kernel_fused"": false, ""status"": ""off""}, ""path_counts"": {""path_c"": 256}}","{""fp8_path_c_route_status"": ""m04_path_c_split_training_route_available"", ""fused_train_block_runtime_available"": false, ""kernel_surface_available"": true, ""path"": ""path_c_warm"", ""path_c_fusion"": {""default_allowed"": false, ""direct_chain_runtime_binding_status"": ""direct_fusion_chain_logical_buffers_missing"", ""direct_chain_segment_count"": 5, ""direct_chain_status"": ""ready"", ""direct_chain_training_runtime_available"": false, ""direct_chain_training_runtime_status"": ""direct_fusion_chain_training_runtime_missing"", ""implementation_kind"": ""production"", ""missing_bank_buffers"": [""path_c_float32_abi_bank"", ""path_c_uint8_abi_bank"", ""path_c_int32_abi_bank""], ""missing_real_abi_inputs"": [], ""mode"": ""off"", ""production_fragments_complete"": true, ""production_schedule_id"": ""path_c_descriptor_chain_5785a4a0210e"", ""real_abi_contract_complete"": true, ""required_bank_buffers"": [""path_c_float32_abi_bank"", ""path_c_uint8_abi_bank"", ""path_c_int32_abi_bank""], ""runtime_binding_status"": ""model_owned_physical_abi_banks_missing"", ""runtime_uses_direct_fusion_chain"": false, ""runtime_uses_fused_train_block"": false, ""schedule_blockers"": [""selected_model_schedule_not_default"", ""fused_train_block_runtime_not_bound"", ""production_1b_matrix_profile_missing""], ""schedule_contract_status"": ""registered_not_lowered"", ""schedule_name"": ""local_gb10_quarter_path_c_10_12:descriptor_generated_fwd_bwd"", ""schedule_status"": ""ready"", ""single_kernel_fused"": false, ""status"": ""off""}, ""path_c_requested"": true, ""proof_source"": ""per-kernel runtime dispatch log plus Path C fusion planner metadata; fused schedule native compile is a separate compile receipt"", ""runtime_uses_fused_train_block"": false}",ok,818afbb,33134bee,d168ca5ca,0.32.0.dev20260514+d168ca5ca,/Volumes/external/sources/nanochat/.venv/bin/python scripts/m04_train_step.py --model-profile local_gb10_quarter --data-path data/parquet_samples/gb10/clang_semantic_4k_v10/val_00000.parquet --data-format parquet --token-key token_ids --steps 20 --batch-size 1 --seq-len 2048 --dtype fp8_path_c --optimizer muon --optimizer-quant-scheme dynamic_int8_v1 --lr 1e-4 --grad-checkpoint --output reports/raw/20260521_full_path_c_bwd_cells/fp8_muon_path_c_warm.json --json --memory-limit-total-bytes 69793218560 --memory-limit-wired-ratio 0.99 --memory-limit-metal-ratio 0.99 --apply-memory-limit-plan,reports/raw/20260521_full_path_c_bwd_cells/fp8_muon_path_c_warm.json,0,0.0
fp8_muon_adamw_path_b,fp8,muon_adamw,path_b,ok,muon_adamw,muon_adamw,MuonAdamW,cppmega_mlx.training.optimizers.MuonAdamWMulti,cppmega_mlx.training.optimizers.make_muon,20,8.241018624976277,8.070486291020643,253.25637203862348,8.074671894734676,8.241018624976277,25.5255385953933,12.064495138823986,40.25627351459116,,"{""kernel_counts"": {""metal_kernel_fwd_v1"": 146, ""sparse_mla_fp8_reference_path_b"": 110}, ""op_kernel"": {""m2rnn"": ""metal_kernel_fwd_v1"", ""mamba3_mimo"": ""metal_kernel_fwd_v1"", ""sparse_mla"": ""sparse_mla_fp8_reference_path_b""}, ""path_c_fusion"": {""default_allowed"": false, ""direct_chain_runtime_binding_status"": ""direct_fusion_chain_logical_buffers_missing"", ""direct_chain_segment_count"": 5, ""direct_chain_status"": ""ready"", ""direct_chain_training_runtime_available"": false, ""direct_chain_training_runtime_status"": ""direct_fusion_chain_training_runtime_missing"", ""implementation_kind"": ""production"", ""missing_bank_buffers"": [""path_c_float32_abi_bank"", ""path_c_uint8_abi_bank"", ""path_c_int32_abi_bank""], ""missing_real_abi_inputs"": [], ""mode"": ""off"", ""production_fragments_complete"": true, ""production_schedule_id"": ""path_c_descriptor_chain_5785a4a0210e"", ""real_abi_contract_complete"": true, ""required_bank_buffers"": [""path_c_float32_abi_bank"", ""path_c_uint8_abi_bank"", ""path_c_int32_abi_bank""], ""runtime_binding_status"": ""model_owned_physical_abi_banks_missing"", ""runtime_uses_direct_fusion_chain"": false, ""runtime_uses_fused_train_block"": false, ""schedule_blockers"": [""selected_model_schedule_not_default"", ""fused_train_block_runtime_not_bound"", ""production_1b_matrix_profile_missing""], ""schedule_contract_status"": ""registered_not_lowered"", ""schedule_name"": ""local_gb10_quarter_path_c_10_12:descriptor_generated_fwd_bwd"", ""schedule_status"": ""ready"", ""single_kernel_fused"": false, ""status"": ""off""}, ""path_counts"": {""path_b"": 256}}","{""fp8_path_c_route_status"": ""not_requested"", ""fused_train_block_runtime_available"": false, ""kernel_surface_available"": true, ""path"": ""path_b"", ""path_c_fusion"": {""default_allowed"": false, ""direct_chain_runtime_binding_status"": ""direct_fusion_chain_logical_buffers_missing"", ""direct_chain_segment_count"": 5, ""direct_chain_status"": ""ready"", ""direct_chain_training_runtime_available"": false, ""direct_chain_training_runtime_status"": ""direct_fusion_chain_training_runtime_missing"", ""implementation_kind"": ""production"", ""missing_bank_buffers"": [""path_c_float32_abi_bank"", ""path_c_uint8_abi_bank"", ""path_c_int32_abi_bank""], ""missing_real_abi_inputs"": [], ""mode"": ""off"", ""production_fragments_complete"": true, ""production_schedule_id"": ""path_c_descriptor_chain_5785a4a0210e"", ""real_abi_contract_complete"": true, ""required_bank_buffers"": [""path_c_float32_abi_bank"", ""path_c_uint8_abi_bank"", ""path_c_int32_abi_bank""], ""runtime_binding_status"": ""model_owned_physical_abi_banks_missing"", ""runtime_uses_direct_fusion_chain"": false, ""runtime_uses_fused_train_block"": false, ""schedule_blockers"": [""selected_model_schedule_not_default"", ""fused_train_block_runtime_not_bound"", ""production_1b_matrix_profile_missing""], ""schedule_contract_status"": ""registered_not_lowered"", ""schedule_name"": ""local_gb10_quarter_path_c_10_12:descriptor_generated_fwd_bwd"", ""schedule_status"": ""ready"", ""single_kernel_fused"": false, ""status"": ""off""}, ""path_c_requested"": false, ""proof_source"": ""per-kernel runtime dispatch log plus Path C fusion planner metadata; fused schedule native compile is a separate compile receipt"", ""runtime_uses_fused_train_block"": false}",ok,818afbb,33134bee,d168ca5ca,0.32.0.dev20260514+d168ca5ca,/Volumes/external/sources/nanochat/.venv/bin/python scripts/m04_train_step.py --model-profile local_gb10_quarter --data-path data/parquet_samples/gb10/clang_semantic_4k_v10/val_00000.parquet --data-format parquet --token-key token_ids --steps 20 --batch-size 1 --seq-len 2048 --dtype fp8_path_b --optimizer muon_adamw --optimizer-quant-scheme dynamic_int8_v1 --lr 1e-4 --grad-checkpoint --output reports/raw/20260521_full_path_c_bwd_cells/fp8_muon_adamw_path_b.json --json --memory-limit-total-bytes 69793218560 --memory-limit-wired-ratio 0.99 --memory-limit-metal-ratio 0.99 --apply-memory-limit-plan,reports/raw/20260521_full_path_c_bwd_cells/fp8_muon_adamw_path_b.json,0,0.0
fp8_muon_adamw_path_c_cold,fp8,muon_adamw,path_c_cold,ok,muon_adamw,muon_adamw,MuonAdamW,cppmega_mlx.training.optimizers.MuonAdamWMulti,cppmega_mlx.training.optimizers.make_muon,20,28.393893375003245,8.74423058400862,225.93208518591283,8.746845149211463,28.393893375003245,58.40638917405158,19.089308070018888,0.0,False,"{""kernel_counts"": {""path_c_tilelang_dsl_fwd_path_b_bwd"": 110, ""path_c_tilelang_dsl_packed_post"": 36, ""tilelang_fp8_prepared_path_c_fwd"": 110}, ""op_kernel"": {""m2rnn"": ""path_c_tilelang_dsl_packed_post"", ""mamba3_mimo"": ""path_c_tilelang_dsl_fwd_path_b_bwd"", ""sparse_mla"": ""tilelang_fp8_prepared_path_c_fwd""}, ""path_c_fusion"": {""default_allowed"": false, ""direct_chain_runtime_binding_status"": ""direct_fusion_chain_logical_buffers_missing"", ""direct_chain_segment_count"": 5, ""direct_chain_status"": ""ready"", ""direct_chain_training_runtime_available"": false, ""direct_chain_training_runtime_status"": ""direct_fusion_chain_training_runtime_missing"", ""implementation_kind"": ""production"", ""missing_bank_buffers"": [""path_c_float32_abi_bank"", ""path_c_uint8_abi_bank"", ""path_c_int32_abi_bank""], ""missing_real_abi_inputs"": [], ""mode"": ""off"", ""production_fragments_complete"": true, ""production_schedule_id"": ""path_c_descriptor_chain_5785a4a0210e"", ""real_abi_contract_complete"": true, ""required_bank_buffers"": [""path_c_float32_abi_bank"", ""path_c_uint8_abi_bank"", ""path_c_int32_abi_bank""], ""runtime_binding_status"": ""model_owned_physical_abi_banks_missing"", ""runtime_uses_direct_fusion_chain"": false, ""runtime_uses_fused_train_block"": false, ""schedule_blockers"": [""selected_model_schedule_not_default"", ""fused_train_block_runtime_not_bound"", ""production_1b_matrix_profile_missing""], ""schedule_contract_status"": ""registered_not_lowered"", ""schedule_name"": ""local_gb10_quarter_path_c_10_12:descriptor_generated_fwd_bwd"", ""schedule_status"": ""ready"", ""single_kernel_fused"": false, ""status"": ""off""}, ""path_counts"": {""path_c"": 256}}","{""fp8_path_c_route_status"": ""m04_path_c_split_training_route_available"", ""fused_train_block_runtime_available"": false, ""kernel_surface_available"": true, ""path"": ""path_c_cold"", ""path_c_fusion"": {""default_allowed"": false, ""direct_chain_runtime_binding_status"": ""direct_fusion_chain_logical_buffers_missing"", ""direct_chain_segment_count"": 5, ""direct_chain_status"": ""ready"", ""direct_chain_training_runtime_available"": false, ""direct_chain_training_runtime_status"": ""direct_fusion_chain_training_runtime_missing"", ""implementation_kind"": ""production"", ""missing_bank_buffers"": [""path_c_float32_abi_bank"", ""path_c_uint8_abi_bank"", ""path_c_int32_abi_bank""], ""missing_real_abi_inputs"": [], ""mode"": ""off"", ""production_fragments_complete"": true, ""production_schedule_id"": ""path_c_descriptor_chain_5785a4a0210e"", ""real_abi_contract_complete"": true, ""required_bank_buffers"": [""path_c_float32_abi_bank"", ""path_c_uint8_abi_bank"", ""path_c_int32_abi_bank""], ""runtime_binding_status"": ""model_owned_physical_abi_banks_missing"", ""runtime_uses_direct_fusion_chain"": false, ""runtime_uses_fused_train_block"": false, ""schedule_blockers"": [""selected_model_schedule_not_default"", ""fused_train_block_runtime_not_bound"", ""production_1b_matrix_profile_missing""], ""schedule_contract_status"": ""registered_not_lowered"", ""schedule_name"": ""local_gb10_quarter_path_c_10_12:descriptor_generated_fwd_bwd"", ""schedule_status"": ""ready"", ""single_kernel_fused"": false, ""status"": ""off""}, ""path_c_requested"": true, ""proof_source"": ""per-kernel runtime dispatch log plus Path C fusion planner metadata; fused schedule native compile is a separate compile receipt"", ""runtime_uses_fused_train_block"": false}",ok,818afbb,33134bee,d168ca5ca,0.32.0.dev20260514+d168ca5ca,/Volumes/external/sources/nanochat/.venv/bin/python scripts/m04_train_step.py --model-profile local_gb10_quarter --data-path data/parquet_samples/gb10/clang_semantic_4k_v10/val_00000.parquet --data-format parquet --token-key token_ids --steps 20 --batch-size 1 --seq-len 2048 --dtype fp8_path_c --optimizer muon_adamw --optimizer-quant-scheme dynamic_int8_v1 --lr 1e-4 --grad-checkpoint --output reports/raw/20260521_full_path_c_bwd_cells/fp8_muon_adamw_path_c_cold.json --json --memory-limit-total-bytes 69793218560 --memory-limit-wired-ratio 0.99 --memory-limit-metal-ratio 0.99 --apply-memory-limit-plan,reports/raw/20260521_full_path_c_bwd_cells/fp8_muon_adamw_path_c_cold.json,0,0.0
fp8_muon_adamw_path_c_warm,fp8,muon_adamw,path_c_warm,ok,muon_adamw,muon_adamw,MuonAdamW,cppmega_mlx.training.optimizers.MuonAdamWMulti,cppmega_mlx.training.optimizers.make_muon,20,11.828897667001002,8.751352833991405,230.49384450495228,8.766220013148422,11.828897667001002,58.40638917405158,19.089308070018888,0.0,True,"{""kernel_counts"": {""path_c_tilelang_dsl_fwd_path_b_bwd"": 110, ""path_c_tilelang_dsl_packed_post"": 36, ""tilelang_fp8_prepared_path_c_fwd"": 110}, ""op_kernel"": {""m2rnn"": ""path_c_tilelang_dsl_packed_post"", ""mamba3_mimo"": ""path_c_tilelang_dsl_fwd_path_b_bwd"", ""sparse_mla"": ""tilelang_fp8_prepared_path_c_fwd""}, ""path_c_fusion"": {""default_allowed"": false, ""direct_chain_runtime_binding_status"": ""direct_fusion_chain_logical_buffers_missing"", ""direct_chain_segment_count"": 5, ""direct_chain_status"": ""ready"", ""direct_chain_training_runtime_available"": false, ""direct_chain_training_runtime_status"": ""direct_fusion_chain_training_runtime_missing"", ""implementation_kind"": ""production"", ""missing_bank_buffers"": [""path_c_float32_abi_bank"", ""path_c_uint8_abi_bank"", ""path_c_int32_abi_bank""], ""missing_real_abi_inputs"": [], ""mode"": ""off"", ""production_fragments_complete"": true, ""production_schedule_id"": ""path_c_descriptor_chain_5785a4a0210e"", ""real_abi_contract_complete"": true, ""required_bank_buffers"": [""path_c_float32_abi_bank"", ""path_c_uint8_abi_bank"", ""path_c_int32_abi_bank""], ""runtime_binding_status"": ""model_owned_physical_abi_banks_missing"", ""runtime_uses_direct_fusion_chain"": false, ""runtime_uses_fused_train_block"": false, ""schedule_blockers"": [""selected_model_schedule_not_default"", ""fused_train_block_runtime_not_bound"", ""production_1b_matrix_profile_missing""], ""schedule_contract_status"": ""registered_not_lowered"", ""schedule_name"": ""local_gb10_quarter_path_c_10_12:descriptor_generated_fwd_bwd"", ""schedule_status"": ""ready"", ""single_kernel_fused"": false, ""status"": ""off""}, ""path_counts"": {""path_c"": 256}}","{""fp8_path_c_route_status"": ""m04_path_c_split_training_route_available"", ""fused_train_block_runtime_available"": false, ""kernel_surface_available"": true, ""path"": ""path_c_warm"", ""path_c_fusion"": {""default_allowed"": false, ""direct_chain_runtime_binding_status"": ""direct_fusion_chain_logical_buffers_missing"", ""direct_chain_segment_count"": 5, ""direct_chain_status"": ""ready"", ""direct_chain_training_runtime_available"": false, ""direct_chain_training_runtime_status"": ""direct_fusion_chain_training_runtime_missing"", ""implementation_kind"": ""production"", ""missing_bank_buffers"": [""path_c_float32_abi_bank"", ""path_c_uint8_abi_bank"", ""path_c_int32_abi_bank""], ""missing_real_abi_inputs"": [], ""mode"": ""off"", ""production_fragments_complete"": true, ""production_schedule_id"": ""path_c_descriptor_chain_5785a4a0210e"", ""real_abi_contract_complete"": true, ""required_bank_buffers"": [""path_c_float32_abi_bank"", ""path_c_uint8_abi_bank"", ""path_c_int32_abi_bank""], ""runtime_binding_status"": ""model_owned_physical_abi_banks_missing"", ""runtime_uses_direct_fusion_chain"": false, ""runtime_uses_fused_train_block"": false, ""schedule_blockers"": [""selected_model_schedule_not_default"", ""fused_train_block_runtime_not_bound"", ""production_1b_matrix_profile_missing""], ""schedule_contract_status"": ""registered_not_lowered"", ""schedule_name"": ""local_gb10_quarter_path_c_10_12:descriptor_generated_fwd_bwd"", ""schedule_status"": ""ready"", ""single_kernel_fused"": false, ""status"": ""off""}, ""path_c_requested"": true, ""proof_source"": ""per-kernel runtime dispatch log plus Path C fusion planner metadata; fused schedule native compile is a separate compile receipt"", ""runtime_uses_fused_train_block"": false}",ok,818afbb,33134bee,d168ca5ca,0.32.0.dev20260514+d168ca5ca,/Volumes/external/sources/nanochat/.venv/bin/python scripts/m04_train_step.py --model-profile local_gb10_quarter --data-path data/parquet_samples/gb10/clang_semantic_4k_v10/val_00000.parquet --data-format parquet --token-key token_ids --steps 20 --batch-size 1 --seq-len 2048 --dtype fp8_path_c --optimizer muon_adamw --optimizer-quant-scheme dynamic_int8_v1 --lr 1e-4 --grad-checkpoint --output reports/raw/20260521_full_path_c_bwd_cells/fp8_muon_adamw_path_c_warm.json --json --memory-limit-total-bytes 69793218560 --memory-limit-wired-ratio 0.99 --memory-limit-metal-ratio 0.99 --apply-memory-limit-plan,reports/raw/20260521_full_path_c_bwd_cells/fp8_muon_adamw_path_c_warm.json,0,0.0
fp8_muon_int8_path_b,fp8,muon_int8,path_b,ok,int8,int8,MuonAdamWInt8,cppmega_mlx.training.optimizers.MuonAdamWMulti,cppmega_mlx.training.optimizers.make_muon(int8_state),20,10.156189667002764,9.824422333040275,207.67052902460878,9.841828601008991,10.156189667002764,19.066426634788513,5.618587166070938,45.363109149970114,,"{""kernel_counts"": {""metal_kernel_fwd_v1"": 146, ""sparse_mla_fp8_reference_path_b"": 110}, ""op_kernel"": {""m2rnn"": ""metal_kernel_fwd_v1"", ""mamba3_mimo"": ""metal_kernel_fwd_v1"", ""sparse_mla"": ""sparse_mla_fp8_reference_path_b""}, ""path_c_fusion"": {""default_allowed"": false, ""direct_chain_runtime_binding_status"": ""direct_fusion_chain_logical_buffers_missing"", ""direct_chain_segment_count"": 5, ""direct_chain_status"": ""ready"", ""direct_chain_training_runtime_available"": false, ""direct_chain_training_runtime_status"": ""direct_fusion_chain_training_runtime_missing"", ""implementation_kind"": ""production"", ""missing_bank_buffers"": [""path_c_float32_abi_bank"", ""path_c_uint8_abi_bank"", ""path_c_int32_abi_bank""], ""missing_real_abi_inputs"": [], ""mode"": ""off"", ""production_fragments_complete"": true, ""production_schedule_id"": ""path_c_descriptor_chain_5785a4a0210e"", ""real_abi_contract_complete"": true, ""required_bank_buffers"": [""path_c_float32_abi_bank"", ""path_c_uint8_abi_bank"", ""path_c_int32_abi_bank""], ""runtime_binding_status"": ""model_owned_physical_abi_banks_missing"", ""runtime_uses_direct_fusion_chain"": false, ""runtime_uses_fused_train_block"": false, ""schedule_blockers"": [""selected_model_schedule_not_default"", ""fused_train_block_runtime_not_bound"", ""production_1b_matrix_profile_missing""], ""schedule_contract_status"": ""registered_not_lowered"", ""schedule_name"": ""local_gb10_quarter_path_c_10_12:descriptor_generated_fwd_bwd"", ""schedule_status"": ""ready"", ""single_kernel_fused"": false, ""status"": ""off""}, ""path_counts"": {""path_b"": 256}}","{""fp8_path_c_route_status"": ""not_requested"", ""fused_train_block_runtime_available"": false, ""kernel_surface_available"": true, ""path"": ""path_b"", ""path_c_fusion"": {""default_allowed"": false, ""direct_chain_runtime_binding_status"": ""direct_fusion_chain_logical_buffers_missing"", ""direct_chain_segment_count"": 5, ""direct_chain_status"": ""ready"", ""direct_chain_training_runtime_available"": false, ""direct_chain_training_runtime_status"": ""direct_fusion_chain_training_runtime_missing"", ""implementation_kind"": ""production"", ""missing_bank_buffers"": [""path_c_float32_abi_bank"", ""path_c_uint8_abi_bank"", ""path_c_int32_abi_bank""], ""missing_real_abi_inputs"": [], ""mode"": ""off"", ""production_fragments_complete"": true, ""production_schedule_id"": ""path_c_descriptor_chain_5785a4a0210e"", ""real_abi_contract_complete"": true, ""required_bank_buffers"": [""path_c_float32_abi_bank"", ""path_c_uint8_abi_bank"", ""path_c_int32_abi_bank""], ""runtime_binding_status"": ""model_owned_physical_abi_banks_missing"", ""runtime_uses_direct_fusion_chain"": false, ""runtime_uses_fused_train_block"": false, ""schedule_blockers"": [""selected_model_schedule_not_default"", ""fused_train_block_runtime_not_bound"", ""production_1b_matrix_profile_missing""], ""schedule_contract_status"": ""registered_not_lowered"", ""schedule_name"": ""local_gb10_quarter_path_c_10_12:descriptor_generated_fwd_bwd"", ""schedule_status"": ""ready"", ""single_kernel_fused"": false, ""status"": ""off""}, ""path_c_requested"": false, ""proof_source"": ""per-kernel runtime dispatch log plus Path C fusion planner metadata; fused schedule native compile is a separate compile receipt"", ""runtime_uses_fused_train_block"": false}",ok,818afbb,33134bee,d168ca5ca,0.32.0.dev20260514+d168ca5ca,/Volumes/external/sources/nanochat/.venv/bin/python scripts/m04_train_step.py --model-profile local_gb10_quarter --data-path data/parquet_samples/gb10/clang_semantic_4k_v10/val_00000.parquet --data-format parquet --token-key token_ids --steps 20 --batch-size 1 --seq-len 2048 --dtype fp8_path_b --optimizer int8 --optimizer-quant-scheme dynamic_int8_v1 --lr 1e-4 --grad-checkpoint --output reports/raw/20260521_full_path_c_bwd_cells/fp8_muon_int8_path_b.json --json --memory-limit-total-bytes 69793218560 --memory-limit-wired-ratio 0.99 --memory-limit-metal-ratio 0.99 --apply-memory-limit-plan,reports/raw/20260521_full_path_c_bwd_cells/fp8_muon_int8_path_b.json,0,0.0
fp8_muon_int8_path_c_cold,fp8,muon_int8,path_c_cold,ok,int8,int8,MuonAdamWInt8,cppmega_mlx.training.optimizers.MuonAdamWMulti,cppmega_mlx.training.optimizers.make_muon(int8_state),20,32.378437375009526,12.884634290996473,154.0782499832273,12.885867548214982,32.378437375009526,51.96035828907043,12.643277185037732,0.0,False,"{""kernel_counts"": {""path_c_tilelang_dsl_fwd_path_b_bwd"": 110, ""path_c_tilelang_dsl_packed_post"": 36, ""tilelang_fp8_prepared_path_c_fwd"": 110}, ""op_kernel"": {""m2rnn"": ""path_c_tilelang_dsl_packed_post"", ""mamba3_mimo"": ""path_c_tilelang_dsl_fwd_path_b_bwd"", ""sparse_mla"": ""tilelang_fp8_prepared_path_c_fwd""}, ""path_c_fusion"": {""default_allowed"": false, ""direct_chain_runtime_binding_status"": ""direct_fusion_chain_logical_buffers_missing"", ""direct_chain_segment_count"": 5, ""direct_chain_status"": ""ready"", ""direct_chain_training_runtime_available"": false, ""direct_chain_training_runtime_status"": ""direct_fusion_chain_training_runtime_missing"", ""implementation_kind"": ""production"", ""missing_bank_buffers"": [""path_c_float32_abi_bank"", ""path_c_uint8_abi_bank"", ""path_c_int32_abi_bank""], ""missing_real_abi_inputs"": [], ""mode"": ""off"", ""production_fragments_complete"": true, ""production_schedule_id"": ""path_c_descriptor_chain_5785a4a0210e"", ""real_abi_contract_complete"": true, ""required_bank_buffers"": [""path_c_float32_abi_bank"", ""path_c_uint8_abi_bank"", ""path_c_int32_abi_bank""], ""runtime_binding_status"": ""model_owned_physical_abi_banks_missing"", ""runtime_uses_direct_fusion_chain"": false, ""runtime_uses_fused_train_block"": false, ""schedule_blockers"": [""selected_model_schedule_not_default"", ""fused_train_block_runtime_not_bound"", ""production_1b_matrix_profile_missing""], ""schedule_contract_status"": ""registered_not_lowered"", ""schedule_name"": ""local_gb10_quarter_path_c_10_12:descriptor_generated_fwd_bwd"", ""schedule_status"": ""ready"", ""single_kernel_fused"": false, ""status"": ""off""}, ""path_counts"": {""path_c"": 256}}","{""fp8_path_c_route_status"": ""m04_path_c_split_training_route_available"", ""fused_train_block_runtime_available"": false, ""kernel_surface_available"": true, ""path"": ""path_c_cold"", ""path_c_fusion"": {""default_allowed"": false, ""direct_chain_runtime_binding_status"": ""direct_fusion_chain_logical_buffers_missing"", ""direct_chain_segment_count"": 5, ""direct_chain_status"": ""ready"", ""direct_chain_training_runtime_available"": false, ""direct_chain_training_runtime_status"": ""direct_fusion_chain_training_runtime_missing"", ""implementation_kind"": ""production"", ""missing_bank_buffers"": [""path_c_float32_abi_bank"", ""path_c_uint8_abi_bank"", ""path_c_int32_abi_bank""], ""missing_real_abi_inputs"": [], ""mode"": ""off"", ""production_fragments_complete"": true, ""production_schedule_id"": ""path_c_descriptor_chain_5785a4a0210e"", ""real_abi_contract_complete"": true, ""required_bank_buffers"": [""path_c_float32_abi_bank"", ""path_c_uint8_abi_bank"", ""path_c_int32_abi_bank""], ""runtime_binding_status"": ""model_owned_physical_abi_banks_missing"", ""runtime_uses_direct_fusion_chain"": false, ""runtime_uses_fused_train_block"": false, ""schedule_blockers"": [""selected_model_schedule_not_default"", ""fused_train_block_runtime_not_bound"", ""production_1b_matrix_profile_missing""], ""schedule_contract_status"": ""registered_not_lowered"", ""schedule_name"": ""local_gb10_quarter_path_c_10_12:descriptor_generated_fwd_bwd"", ""schedule_status"": ""ready"", ""single_kernel_fused"": false, ""status"": ""off""}, ""path_c_requested"": true, ""proof_source"": ""per-kernel runtime dispatch log plus Path C fusion planner metadata; fused schedule native compile is a separate compile receipt"", ""runtime_uses_fused_train_block"": false}",ok,818afbb,33134bee,d168ca5ca,0.32.0.dev20260514+d168ca5ca,/Volumes/external/sources/nanochat/.venv/bin/python scripts/m04_train_step.py --model-profile local_gb10_quarter --data-path data/parquet_samples/gb10/clang_semantic_4k_v10/val_00000.parquet --data-format parquet --token-key token_ids --steps 20 --batch-size 1 --seq-len 2048 --dtype fp8_path_c --optimizer int8 --optimizer-quant-scheme dynamic_int8_v1 --lr 1e-4 --grad-checkpoint --output reports/raw/20260521_full_path_c_bwd_cells/fp8_muon_int8_path_c_cold.json --json --memory-limit-total-bytes 69793218560 --memory-limit-wired-ratio 0.99 --memory-limit-metal-ratio 0.99 --apply-memory-limit-plan,reports/raw/20260521_full_path_c_bwd_cells/fp8_muon_int8_path_c_cold.json,0,0.0
fp8_muon_int8_path_c_warm,fp8,muon_int8,path_c_warm,ok,int8,int8,MuonAdamWInt8,cppmega_mlx.training.optimizers.MuonAdamWMulti,cppmega_mlx.training.optimizers.make_muon(int8_state),20,16.248999209026806,13.158025833021384,154.2761885091067,13.143912914628777,16.248999209026806,51.96035828907043,12.643277185037732,0.0,True,"{""kernel_counts"": {""path_c_tilelang_dsl_fwd_path_b_bwd"": 110, ""path_c_tilelang_dsl_packed_post"": 36, ""tilelang_fp8_prepared_path_c_fwd"": 110}, ""op_kernel"": {""m2rnn"": ""path_c_tilelang_dsl_packed_post"", ""mamba3_mimo"": ""path_c_tilelang_dsl_fwd_path_b_bwd"", ""sparse_mla"": ""tilelang_fp8_prepared_path_c_fwd""}, ""path_c_fusion"": {""default_allowed"": false, ""direct_chain_runtime_binding_status"": ""direct_fusion_chain_logical_buffers_missing"", ""direct_chain_segment_count"": 5, ""direct_chain_status"": ""ready"", ""direct_chain_training_runtime_available"": false, ""direct_chain_training_runtime_status"": ""direct_fusion_chain_training_runtime_missing"", ""implementation_kind"": ""production"", ""missing_bank_buffers"": [""path_c_float32_abi_bank"", ""path_c_uint8_abi_bank"", ""path_c_int32_abi_bank""], ""missing_real_abi_inputs"": [], ""mode"": ""off"", ""production_fragments_complete"": true, ""production_schedule_id"": ""path_c_descriptor_chain_5785a4a0210e"", ""real_abi_contract_complete"": true, ""required_bank_buffers"": [""path_c_float32_abi_bank"", ""path_c_uint8_abi_bank"", ""path_c_int32_abi_bank""], ""runtime_binding_status"": ""model_owned_physical_abi_banks_missing"", ""runtime_uses_direct_fusion_chain"": false, ""runtime_uses_fused_train_block"": false, ""schedule_blockers"": [""selected_model_schedule_not_default"", ""fused_train_block_runtime_not_bound"", ""production_1b_matrix_profile_missing""], ""schedule_contract_status"": ""registered_not_lowered"", ""schedule_name"": ""local_gb10_quarter_path_c_10_12:descriptor_generated_fwd_bwd"", ""schedule_status"": ""ready"", ""single_kernel_fused"": false, ""status"": ""off""}, ""path_counts"": {""path_c"": 256}}","{""fp8_path_c_route_status"": ""m04_path_c_split_training_route_available"", ""fused_train_block_runtime_available"": false, ""kernel_surface_available"": true, ""path"": ""path_c_warm"", ""path_c_fusion"": {""default_allowed"": false, ""direct_chain_runtime_binding_status"": ""direct_fusion_chain_logical_buffers_missing"", ""direct_chain_segment_count"": 5, ""direct_chain_status"": ""ready"", ""direct_chain_training_runtime_available"": false, ""direct_chain_training_runtime_status"": ""direct_fusion_chain_training_runtime_missing"", ""implementation_kind"": ""production"", ""missing_bank_buffers"": [""path_c_float32_abi_bank"", ""path_c_uint8_abi_bank"", ""path_c_int32_abi_bank""], ""missing_real_abi_inputs"": [], ""mode"": ""off"", ""production_fragments_complete"": true, ""production_schedule_id"": ""path_c_descriptor_chain_5785a4a0210e"", ""real_abi_contract_complete"": true, ""required_bank_buffers"": [""path_c_float32_abi_bank"", ""path_c_uint8_abi_bank"", ""path_c_int32_abi_bank""], ""runtime_binding_status"": ""model_owned_physical_abi_banks_missing"", ""runtime_uses_direct_fusion_chain"": false, ""runtime_uses_fused_train_block"": false, ""schedule_blockers"": [""selected_model_schedule_not_default"", ""fused_train_block_runtime_not_bound"", ""production_1b_matrix_profile_missing""], ""schedule_contract_status"": ""registered_not_lowered"", ""schedule_name"": ""local_gb10_quarter_path_c_10_12:descriptor_generated_fwd_bwd"", ""schedule_status"": ""ready"", ""single_kernel_fused"": false, ""status"": ""off""}, ""path_c_requested"": true, ""proof_source"": ""per-kernel runtime dispatch log plus Path C fusion planner metadata; fused schedule native compile is a separate compile receipt"", ""runtime_uses_fused_train_block"": false}",ok,818afbb,33134bee,d168ca5ca,0.32.0.dev20260514+d168ca5ca,/Volumes/external/sources/nanochat/.venv/bin/python scripts/m04_train_step.py --model-profile local_gb10_quarter --data-path data/parquet_samples/gb10/clang_semantic_4k_v10/val_00000.parquet --data-format parquet --token-key token_ids --steps 20 --batch-size 1 --seq-len 2048 --dtype fp8_path_c --optimizer int8 --optimizer-quant-scheme dynamic_int8_v1 --lr 1e-4 --grad-checkpoint --output reports/raw/20260521_full_path_c_bwd_cells/fp8_muon_int8_path_c_warm.json --json --memory-limit-total-bytes 69793218560 --memory-limit-wired-ratio 0.99 --memory-limit-metal-ratio 0.99 --apply-memory-limit-plan,reports/raw/20260521_full_path_c_bwd_cells/fp8_muon_int8_path_c_warm.json,0,0.0
