case_id,dtype,optimizer,path,status,cli_optimizer,optimizer_key,optimizer_name,optimizer_class,optimizer_source,steps_completed,first_step_sec,median_step_sec,tok_sec,step_sec,compile_time_s,peak_memory_gb,active_memory_gb,cache_memory_gb,cache_hit,selected_schedule,proof_result,pass_fail_reason,cppmega_sha,tilelang_sha,mlx_sha,mlx_version,command,receipt_path,returncode,duration_s
bf16_adamw_path_b,bf16,adamw,path_b,ok,adamw,adamw,AdamW,cppmega_mlx.training.optimizers.AdamWFP32Moments,cppmega_mlx.training.optimizers.make_adamw,20,11.13875012495555,9.82046179100871,250.50321962723078,9.100456984532924,11.13875012495555,29.14189649373293,17.09050202742219,33.937971871346235,,"{""kernel_counts"": {""metal_kernel_fwd_v1"": 160}, ""op_kernel"": {""m2rnn"": ""metal_kernel_fwd_v1"", ""mamba3_mimo"": ""metal_kernel_fwd_v1""}, ""path_c_fusion"": {""default_allowed"": false, ""implementation_kind"": ""production"", ""missing_real_abi_inputs"": [], ""mode"": ""off"", ""production_fragments_complete"": true, ""production_schedule_id"": ""path_c_descriptor_chain_c44eddb18abd"", ""real_abi_contract_complete"": true, ""schedule_blockers"": [""selected_model_schedule_not_default"", ""production_schedule_not_compile_verified"", ""production_1b_matrix_profile_missing""], ""schedule_contract_status"": ""untrusted_production_schedule"", ""schedule_name"": ""local_gb10_quarter_path_c_10_12:descriptor_generated_fwd_bwd"", ""schedule_status"": ""descriptor_codegen_production_untrusted"", ""single_kernel_fused"": false, ""status"": ""off""}, ""path_counts"": {""path_b"": 160}}","{""fp8_path_c_route_status"": ""not_requested"", ""kernel_surface_available"": true, ""path"": ""path_b"", ""path_c_fusion"": {""default_allowed"": false, ""implementation_kind"": ""production"", ""missing_real_abi_inputs"": [], ""mode"": ""off"", ""production_fragments_complete"": true, ""production_schedule_id"": ""path_c_descriptor_chain_c44eddb18abd"", ""real_abi_contract_complete"": true, ""schedule_blockers"": [""selected_model_schedule_not_default"", ""production_schedule_not_compile_verified"", ""production_1b_matrix_profile_missing""], ""schedule_contract_status"": ""untrusted_production_schedule"", ""schedule_name"": ""local_gb10_quarter_path_c_10_12:descriptor_generated_fwd_bwd"", ""schedule_status"": ""descriptor_codegen_production_untrusted"", ""single_kernel_fused"": false, ""status"": ""off""}, ""path_c_requested"": false, ""proof_source"": ""per-kernel runtime dispatch log plus Path C fusion planner metadata; fused schedule native compile is a separate compile receipt"", ""runtime_uses_fused_train_block"": false}",ok,f222b75,7f0e39f6,d168ca5ca,0.32.0.dev20260514+d168ca5ca,/Volumes/external/sources/nanochat/.venv/bin/python scripts/m04_train_step.py --model-profile local_gb10_quarter --data-path data/parquet_samples/gb10/clang_semantic_4k_v10/val_00000.parquet --data-format parquet --token-key token_ids --steps 20 --batch-size 1 --seq-len 2048 --dtype bfloat16 --optimizer adamw --optimizer-quant-scheme dynamic_int8_v1 --lr 1e-4 --grad-checkpoint --output /Users/dave/sources/cppmega.mlx/reports/raw/cppmega_1b_path_matrix_20260520_full_path_c_bwd_cells/bf16_adamw_path_b.json --json,/Users/dave/sources/cppmega.mlx/reports/raw/cppmega_1b_path_matrix_20260520_full_path_c_bwd_cells/bf16_adamw_path_b.json,0,244.12252470798558
bf16_adamw_path_c_cold,bf16,adamw,path_c_cold,ok,adamw,adamw,AdamW,cppmega_mlx.training.optimizers.AdamWFP32Moments,cppmega_mlx.training.optimizers.make_adamw,20,23.64653604105115,3.340058875037357,586.6825659435914,3.339534837694373,23.64653604105115,33.747842989861965,17.090467929840088,0.0,False,"{""kernel_counts"": {""path_c_tilelang_dsl"": 120, ""path_c_tilelang_dsl_packed_post"": 40}, ""op_kernel"": {""m2rnn"": ""path_c_tilelang_dsl_packed_post"", ""mamba3_mimo"": ""path_c_tilelang_dsl""}, ""path_c_fusion"": {""default_allowed"": false, ""implementation_kind"": ""production"", ""missing_real_abi_inputs"": [], ""mode"": ""off"", ""production_fragments_complete"": true, ""production_schedule_id"": ""path_c_descriptor_chain_c44eddb18abd"", ""real_abi_contract_complete"": true, ""schedule_blockers"": [""selected_model_schedule_not_default"", ""production_schedule_not_compile_verified"", ""production_1b_matrix_profile_missing""], ""schedule_contract_status"": ""untrusted_production_schedule"", ""schedule_name"": ""local_gb10_quarter_path_c_10_12:descriptor_generated_fwd_bwd"", ""schedule_status"": ""descriptor_codegen_production_untrusted"", ""single_kernel_fused"": false, ""status"": ""off""}, ""path_counts"": {""path_c"": 160}}","{""fp8_path_c_route_status"": ""not_requested"", ""kernel_surface_available"": true, ""path"": ""path_c_cold"", ""path_c_fusion"": {""default_allowed"": false, ""implementation_kind"": ""production"", ""missing_real_abi_inputs"": [], ""mode"": ""off"", ""production_fragments_complete"": true, ""production_schedule_id"": ""path_c_descriptor_chain_c44eddb18abd"", ""real_abi_contract_complete"": true, ""schedule_blockers"": [""selected_model_schedule_not_default"", ""production_schedule_not_compile_verified"", ""production_1b_matrix_profile_missing""], ""schedule_contract_status"": ""untrusted_production_schedule"", ""schedule_name"": ""local_gb10_quarter_path_c_10_12:descriptor_generated_fwd_bwd"", ""schedule_status"": ""descriptor_codegen_production_untrusted"", ""single_kernel_fused"": false, ""status"": ""off""}, ""path_c_requested"": true, ""proof_source"": ""per-kernel runtime dispatch log plus Path C fusion planner metadata; fused schedule native compile is a separate compile receipt"", ""runtime_uses_fused_train_block"": false}",ok,f222b75,7f0e39f6,d168ca5ca,0.32.0.dev20260514+d168ca5ca,/Volumes/external/sources/nanochat/.venv/bin/python scripts/m04_train_step.py --model-profile local_gb10_quarter --data-path data/parquet_samples/gb10/clang_semantic_4k_v10/val_00000.parquet --data-format parquet --token-key token_ids --steps 20 --batch-size 1 --seq-len 2048 --dtype bfloat16 --optimizer adamw --optimizer-quant-scheme dynamic_int8_v1 --lr 1e-4 --grad-checkpoint --output /Users/dave/sources/cppmega.mlx/reports/raw/cppmega_1b_path_matrix_20260520_full_path_c_bwd_cells/bf16_adamw_path_c_cold.json --json,/Users/dave/sources/cppmega.mlx/reports/raw/cppmega_1b_path_matrix_20260520_full_path_c_bwd_cells/bf16_adamw_path_c_cold.json,0,143.01120566698955
bf16_adamw_path_c_warm,bf16,adamw,path_c_warm,ok,adamw,adamw,AdamW,cppmega_mlx.training.optimizers.AdamWFP32Moments,cppmega_mlx.training.optimizers.make_adamw,20,12.028962291020434,3.414237666002009,577.993400378903,3.4149886139447947,12.028962291020434,33.747842989861965,17.090467929840088,0.0,True,"{""kernel_counts"": {""path_c_tilelang_dsl"": 120, ""path_c_tilelang_dsl_packed_post"": 40}, ""op_kernel"": {""m2rnn"": ""path_c_tilelang_dsl_packed_post"", ""mamba3_mimo"": ""path_c_tilelang_dsl""}, ""path_c_fusion"": {""default_allowed"": false, ""implementation_kind"": ""production"", ""missing_real_abi_inputs"": [], ""mode"": ""off"", ""production_fragments_complete"": true, ""production_schedule_id"": ""path_c_descriptor_chain_c44eddb18abd"", ""real_abi_contract_complete"": true, ""schedule_blockers"": [""selected_model_schedule_not_default"", ""production_schedule_not_compile_verified"", ""production_1b_matrix_profile_missing""], ""schedule_contract_status"": ""untrusted_production_schedule"", ""schedule_name"": ""local_gb10_quarter_path_c_10_12:descriptor_generated_fwd_bwd"", ""schedule_status"": ""descriptor_codegen_production_untrusted"", ""single_kernel_fused"": false, ""status"": ""off""}, ""path_counts"": {""path_c"": 160}}","{""fp8_path_c_route_status"": ""not_requested"", ""kernel_surface_available"": true, ""path"": ""path_c_warm"", ""path_c_fusion"": {""default_allowed"": false, ""implementation_kind"": ""production"", ""missing_real_abi_inputs"": [], ""mode"": ""off"", ""production_fragments_complete"": true, ""production_schedule_id"": ""path_c_descriptor_chain_c44eddb18abd"", ""real_abi_contract_complete"": true, ""schedule_blockers"": [""selected_model_schedule_not_default"", ""production_schedule_not_compile_verified"", ""production_1b_matrix_profile_missing""], ""schedule_contract_status"": ""untrusted_production_schedule"", ""schedule_name"": ""local_gb10_quarter_path_c_10_12:descriptor_generated_fwd_bwd"", ""schedule_status"": ""descriptor_codegen_production_untrusted"", ""single_kernel_fused"": false, ""status"": ""off""}, ""path_c_requested"": true, ""proof_source"": ""per-kernel runtime dispatch log plus Path C fusion planner metadata; fused schedule native compile is a separate compile receipt"", ""runtime_uses_fused_train_block"": false}",ok,f222b75,7f0e39f6,d168ca5ca,0.32.0.dev20260514+d168ca5ca,/Volumes/external/sources/nanochat/.venv/bin/python scripts/m04_train_step.py --model-profile local_gb10_quarter --data-path data/parquet_samples/gb10/clang_semantic_4k_v10/val_00000.parquet --data-format parquet --token-key token_ids --steps 20 --batch-size 1 --seq-len 2048 --dtype bfloat16 --optimizer adamw --optimizer-quant-scheme dynamic_int8_v1 --lr 1e-4 --grad-checkpoint --output /Users/dave/sources/cppmega.mlx/reports/raw/cppmega_1b_path_matrix_20260520_full_path_c_bwd_cells/bf16_adamw_path_c_warm.json --json,/Users/dave/sources/cppmega.mlx/reports/raw/cppmega_1b_path_matrix_20260520_full_path_c_bwd_cells/bf16_adamw_path_c_warm.json,0,131.68300550000276
bf16_adam8bit_path_b,bf16,adam8bit,path_b,ok,adam8bit,adam8bit,Adam8bit,cppmega_mlx.training.optimizers_quantized.Adam8bit,cppmega_mlx.training.optimizers_quantized.make_adam8bit,20,2.1877384170074947,2.0254076249548234,1010.3352901071072,2.019186780833958,2.1877384170074947,21.04449677094817,6.897970430552959,31.872863112017512,,"{""kernel_counts"": {""metal_kernel_fwd_v1"": 160}, ""op_kernel"": {""m2rnn"": ""metal_kernel_fwd_v1"", ""mamba3_mimo"": ""metal_kernel_fwd_v1""}, ""path_c_fusion"": {""default_allowed"": false, ""implementation_kind"": ""production"", ""missing_real_abi_inputs"": [], ""mode"": ""off"", ""production_fragments_complete"": true, ""production_schedule_id"": ""path_c_descriptor_chain_c44eddb18abd"", ""real_abi_contract_complete"": true, ""schedule_blockers"": [""selected_model_schedule_not_default"", ""production_schedule_not_compile_verified"", ""production_1b_matrix_profile_missing""], ""schedule_contract_status"": ""untrusted_production_schedule"", ""schedule_name"": ""local_gb10_quarter_path_c_10_12:descriptor_generated_fwd_bwd"", ""schedule_status"": ""descriptor_codegen_production_untrusted"", ""single_kernel_fused"": false, ""status"": ""off""}, ""path_counts"": {""path_b"": 160}}","{""fp8_path_c_route_status"": ""not_requested"", ""kernel_surface_available"": true, ""path"": ""path_b"", ""path_c_fusion"": {""default_allowed"": false, ""implementation_kind"": ""production"", ""missing_real_abi_inputs"": [], ""mode"": ""off"", ""production_fragments_complete"": true, ""production_schedule_id"": ""path_c_descriptor_chain_c44eddb18abd"", ""real_abi_contract_complete"": true, ""schedule_blockers"": [""selected_model_schedule_not_default"", ""production_schedule_not_compile_verified"", ""production_1b_matrix_profile_missing""], ""schedule_contract_status"": ""untrusted_production_schedule"", ""schedule_name"": ""local_gb10_quarter_path_c_10_12:descriptor_generated_fwd_bwd"", ""schedule_status"": ""descriptor_codegen_production_untrusted"", ""single_kernel_fused"": false, ""status"": ""off""}, ""path_c_requested"": false, ""proof_source"": ""per-kernel runtime dispatch log plus Path C fusion planner metadata; fused schedule native compile is a separate compile receipt"", ""runtime_uses_fused_train_block"": false}",ok,f222b75,7f0e39f6,d168ca5ca,0.32.0.dev20260514+d168ca5ca,/Volumes/external/sources/nanochat/.venv/bin/python scripts/m04_train_step.py --model-profile local_gb10_quarter --data-path data/parquet_samples/gb10/clang_semantic_4k_v10/val_00000.parquet --data-format parquet --token-key token_ids --steps 20 --batch-size 1 --seq-len 2048 --dtype bfloat16 --optimizer adam8bit --optimizer-quant-scheme dynamic_int8_v1 --lr 1e-4 --grad-checkpoint --output /Users/dave/sources/cppmega.mlx/reports/raw/cppmega_1b_path_matrix_20260520_full_path_c_bwd_cells/bf16_adam8bit_path_b.json --json,/Users/dave/sources/cppmega.mlx/reports/raw/cppmega_1b_path_matrix_20260520_full_path_c_bwd_cells/bf16_adam8bit_path_b.json,0,101.58863512502285
bf16_adam8bit_path_c_cold,bf16,adam8bit,path_c_cold,ok,adam8bit,adam8bit,Adam8bit,cppmega_mlx.training.optimizers_quantized.Adam8bit,cppmega_mlx.training.optimizers_quantized.make_adam8bit,20,22.33793625002727,2.2970182499848306,850.9619616917505,2.2976416470391037,22.33793625002727,23.55523758381605,6.897862523794174,0.0,False,"{""kernel_counts"": {""path_c_tilelang_dsl"": 120, ""path_c_tilelang_dsl_packed_post"": 40}, ""op_kernel"": {""m2rnn"": ""path_c_tilelang_dsl_packed_post"", ""mamba3_mimo"": ""path_c_tilelang_dsl""}, ""path_c_fusion"": {""default_allowed"": false, ""implementation_kind"": ""production"", ""missing_real_abi_inputs"": [], ""mode"": ""off"", ""production_fragments_complete"": true, ""production_schedule_id"": ""path_c_descriptor_chain_c44eddb18abd"", ""real_abi_contract_complete"": true, ""schedule_blockers"": [""selected_model_schedule_not_default"", ""production_schedule_not_compile_verified"", ""production_1b_matrix_profile_missing""], ""schedule_contract_status"": ""untrusted_production_schedule"", ""schedule_name"": ""local_gb10_quarter_path_c_10_12:descriptor_generated_fwd_bwd"", ""schedule_status"": ""descriptor_codegen_production_untrusted"", ""single_kernel_fused"": false, ""status"": ""off""}, ""path_counts"": {""path_c"": 160}}","{""fp8_path_c_route_status"": ""not_requested"", ""kernel_surface_available"": true, ""path"": ""path_c_cold"", ""path_c_fusion"": {""default_allowed"": false, ""implementation_kind"": ""production"", ""missing_real_abi_inputs"": [], ""mode"": ""off"", ""production_fragments_complete"": true, ""production_schedule_id"": ""path_c_descriptor_chain_c44eddb18abd"", ""real_abi_contract_complete"": true, ""schedule_blockers"": [""selected_model_schedule_not_default"", ""production_schedule_not_compile_verified"", ""production_1b_matrix_profile_missing""], ""schedule_contract_status"": ""untrusted_production_schedule"", ""schedule_name"": ""local_gb10_quarter_path_c_10_12:descriptor_generated_fwd_bwd"", ""schedule_status"": ""descriptor_codegen_production_untrusted"", ""single_kernel_fused"": false, ""status"": ""off""}, ""path_c_requested"": true, ""proof_source"": ""per-kernel runtime dispatch log plus Path C fusion planner metadata; fused schedule native compile is a separate compile receipt"", ""runtime_uses_fused_train_block"": false}",ok,f222b75,7f0e39f6,d168ca5ca,0.32.0.dev20260514+d168ca5ca,/Volumes/external/sources/nanochat/.venv/bin/python scripts/m04_train_step.py --model-profile local_gb10_quarter --data-path data/parquet_samples/gb10/clang_semantic_4k_v10/val_00000.parquet --data-format parquet --token-key token_ids --steps 20 --batch-size 1 --seq-len 2048 --dtype bfloat16 --optimizer adam8bit --optimizer-quant-scheme dynamic_int8_v1 --lr 1e-4 --grad-checkpoint --output /Users/dave/sources/cppmega.mlx/reports/raw/cppmega_1b_path_matrix_20260520_full_path_c_bwd_cells/bf16_adam8bit_path_c_cold.json --json,/Users/dave/sources/cppmega.mlx/reports/raw/cppmega_1b_path_matrix_20260520_full_path_c_bwd_cells/bf16_adam8bit_path_c_cold.json,0,121.81428016698919
bf16_adam8bit_path_c_warm,bf16,adam8bit,path_c_warm,ok,adam8bit,adam8bit,Adam8bit,cppmega_mlx.training.optimizers_quantized.Adam8bit,cppmega_mlx.training.optimizers_quantized.make_adam8bit,20,11.258742709003855,2.338465874956455,838.9460649181437,2.3435990020455058,11.258742709003855,23.55523758381605,6.897862523794174,0.0,True,"{""kernel_counts"": {""path_c_tilelang_dsl"": 120, ""path_c_tilelang_dsl_packed_post"": 40}, ""op_kernel"": {""m2rnn"": ""path_c_tilelang_dsl_packed_post"", ""mamba3_mimo"": ""path_c_tilelang_dsl""}, ""path_c_fusion"": {""default_allowed"": false, ""implementation_kind"": ""production"", ""missing_real_abi_inputs"": [], ""mode"": ""off"", ""production_fragments_complete"": true, ""production_schedule_id"": ""path_c_descriptor_chain_c44eddb18abd"", ""real_abi_contract_complete"": true, ""schedule_blockers"": [""selected_model_schedule_not_default"", ""production_schedule_not_compile_verified"", ""production_1b_matrix_profile_missing""], ""schedule_contract_status"": ""untrusted_production_schedule"", ""schedule_name"": ""local_gb10_quarter_path_c_10_12:descriptor_generated_fwd_bwd"", ""schedule_status"": ""descriptor_codegen_production_untrusted"", ""single_kernel_fused"": false, ""status"": ""off""}, ""path_counts"": {""path_c"": 160}}","{""fp8_path_c_route_status"": ""not_requested"", ""kernel_surface_available"": true, ""path"": ""path_c_warm"", ""path_c_fusion"": {""default_allowed"": false, ""implementation_kind"": ""production"", ""missing_real_abi_inputs"": [], ""mode"": ""off"", ""production_fragments_complete"": true, ""production_schedule_id"": ""path_c_descriptor_chain_c44eddb18abd"", ""real_abi_contract_complete"": true, ""schedule_blockers"": [""selected_model_schedule_not_default"", ""production_schedule_not_compile_verified"", ""production_1b_matrix_profile_missing""], ""schedule_contract_status"": ""untrusted_production_schedule"", ""schedule_name"": ""local_gb10_quarter_path_c_10_12:descriptor_generated_fwd_bwd"", ""schedule_status"": ""descriptor_codegen_production_untrusted"", ""single_kernel_fused"": false, ""status"": ""off""}, ""path_c_requested"": true, ""proof_source"": ""per-kernel runtime dispatch log plus Path C fusion planner metadata; fused schedule native compile is a separate compile receipt"", ""runtime_uses_fused_train_block"": false}",ok,f222b75,7f0e39f6,d168ca5ca,0.32.0.dev20260514+d168ca5ca,/Volumes/external/sources/nanochat/.venv/bin/python scripts/m04_train_step.py --model-profile local_gb10_quarter --data-path data/parquet_samples/gb10/clang_semantic_4k_v10/val_00000.parquet --data-format parquet --token-key token_ids --steps 20 --batch-size 1 --seq-len 2048 --dtype bfloat16 --optimizer adam8bit --optimizer-quant-scheme dynamic_int8_v1 --lr 1e-4 --grad-checkpoint --output /Users/dave/sources/cppmega.mlx/reports/raw/cppmega_1b_path_matrix_20260520_full_path_c_bwd_cells/bf16_adam8bit_path_c_warm.json --json,/Users/dave/sources/cppmega.mlx/reports/raw/cppmega_1b_path_matrix_20260520_full_path_c_bwd_cells/bf16_adam8bit_path_c_warm.json,0,111.74301899998682
bf16_lion_path_b,bf16,lion,path_b,ok,lion,lion,Lion,cppmega_mlx.training.optimizers.LionFP32Moments,cppmega_mlx.training.optimizers.make_lion,20,3.847174625028856,2.509594917006325,722.5220562613459,2.9461568684782833,3.847174625028856,33.51373475044966,10.25442279689014,41.90622697211802,,"{""kernel_counts"": {""metal_kernel_fwd_v1"": 160}, ""op_kernel"": {""m2rnn"": ""metal_kernel_fwd_v1"", ""mamba3_mimo"": ""metal_kernel_fwd_v1""}, ""path_c_fusion"": {""default_allowed"": false, ""implementation_kind"": ""production"", ""missing_real_abi_inputs"": [], ""mode"": ""off"", ""production_fragments_complete"": true, ""production_schedule_id"": ""path_c_descriptor_chain_c44eddb18abd"", ""real_abi_contract_complete"": true, ""schedule_blockers"": [""selected_model_schedule_not_default"", ""production_schedule_not_compile_verified"", ""production_1b_matrix_profile_missing""], ""schedule_contract_status"": ""untrusted_production_schedule"", ""schedule_name"": ""local_gb10_quarter_path_c_10_12:descriptor_generated_fwd_bwd"", ""schedule_status"": ""descriptor_codegen_production_untrusted"", ""single_kernel_fused"": false, ""status"": ""off""}, ""path_counts"": {""path_b"": 160}}","{""fp8_path_c_route_status"": ""not_requested"", ""kernel_surface_available"": true, ""path"": ""path_b"", ""path_c_fusion"": {""default_allowed"": false, ""implementation_kind"": ""production"", ""missing_real_abi_inputs"": [], ""mode"": ""off"", ""production_fragments_complete"": true, ""production_schedule_id"": ""path_c_descriptor_chain_c44eddb18abd"", ""real_abi_contract_complete"": true, ""schedule_blockers"": [""selected_model_schedule_not_default"", ""production_schedule_not_compile_verified"", ""production_1b_matrix_profile_missing""], ""schedule_contract_status"": ""untrusted_production_schedule"", ""schedule_name"": ""local_gb10_quarter_path_c_10_12:descriptor_generated_fwd_bwd"", ""schedule_status"": ""descriptor_codegen_production_untrusted"", ""single_kernel_fused"": false, ""status"": ""off""}, ""path_c_requested"": false, ""proof_source"": ""per-kernel runtime dispatch log plus Path C fusion planner metadata; fused schedule native compile is a separate compile receipt"", ""runtime_uses_fused_train_block"": false}",ok,f222b75,7f0e39f6,d168ca5ca,0.32.0.dev20260514+d168ca5ca,/Volumes/external/sources/nanochat/.venv/bin/python scripts/m04_train_step.py --model-profile local_gb10_quarter --data-path data/parquet_samples/gb10/clang_semantic_4k_v10/val_00000.parquet --data-format parquet --token-key token_ids --steps 20 --batch-size 1 --seq-len 2048 --dtype bfloat16 --optimizer lion --optimizer-quant-scheme dynamic_int8_v1 --lr 1e-4 --grad-checkpoint --output /Users/dave/sources/cppmega.mlx/reports/raw/cppmega_1b_path_matrix_20260520_full_path_c_bwd_cells/bf16_lion_path_b.json --json,/Users/dave/sources/cppmega.mlx/reports/raw/cppmega_1b_path_matrix_20260520_full_path_c_bwd_cells/bf16_lion_path_b.json,0,121.2862515830202
bf16_lion_path_c_cold,bf16,lion,path_c_cold,ok,lion,lion,Lion,cppmega_mlx.training.optimizers.LionFP32Moments,cppmega_mlx.training.optimizers.make_lion,20,23.67161874996964,3.0278811249881983,646.3170366826922,3.029258787316442,23.67161874996964,26.911674186587334,10.254299126565456,0.0,False,"{""kernel_counts"": {""path_c_tilelang_dsl"": 120, ""path_c_tilelang_dsl_packed_post"": 40}, ""op_kernel"": {""m2rnn"": ""path_c_tilelang_dsl_packed_post"", ""mamba3_mimo"": ""path_c_tilelang_dsl""}, ""path_c_fusion"": {""default_allowed"": false, ""implementation_kind"": ""production"", ""missing_real_abi_inputs"": [], ""mode"": ""off"", ""production_fragments_complete"": true, ""production_schedule_id"": ""path_c_descriptor_chain_c44eddb18abd"", ""real_abi_contract_complete"": true, ""schedule_blockers"": [""selected_model_schedule_not_default"", ""production_schedule_not_compile_verified"", ""production_1b_matrix_profile_missing""], ""schedule_contract_status"": ""untrusted_production_schedule"", ""schedule_name"": ""local_gb10_quarter_path_c_10_12:descriptor_generated_fwd_bwd"", ""schedule_status"": ""descriptor_codegen_production_untrusted"", ""single_kernel_fused"": false, ""status"": ""off""}, ""path_counts"": {""path_c"": 160}}","{""fp8_path_c_route_status"": ""not_requested"", ""kernel_surface_available"": true, ""path"": ""path_c_cold"", ""path_c_fusion"": {""default_allowed"": false, ""implementation_kind"": ""production"", ""missing_real_abi_inputs"": [], ""mode"": ""off"", ""production_fragments_complete"": true, ""production_schedule_id"": ""path_c_descriptor_chain_c44eddb18abd"", ""real_abi_contract_complete"": true, ""schedule_blockers"": [""selected_model_schedule_not_default"", ""production_schedule_not_compile_verified"", ""production_1b_matrix_profile_missing""], ""schedule_contract_status"": ""untrusted_production_schedule"", ""schedule_name"": ""local_gb10_quarter_path_c_10_12:descriptor_generated_fwd_bwd"", ""schedule_status"": ""descriptor_codegen_production_untrusted"", ""single_kernel_fused"": false, ""status"": ""off""}, ""path_c_requested"": true, ""proof_source"": ""per-kernel runtime dispatch log plus Path C fusion planner metadata; fused schedule native compile is a separate compile receipt"", ""runtime_uses_fused_train_block"": false}",ok,f222b75,7f0e39f6,d168ca5ca,0.32.0.dev20260514+d168ca5ca,/Volumes/external/sources/nanochat/.venv/bin/python scripts/m04_train_step.py --model-profile local_gb10_quarter --data-path data/parquet_samples/gb10/clang_semantic_4k_v10/val_00000.parquet --data-format parquet --token-key token_ids --steps 20 --batch-size 1 --seq-len 2048 --dtype bfloat16 --optimizer lion --optimizer-quant-scheme dynamic_int8_v1 --lr 1e-4 --grad-checkpoint --output /Users/dave/sources/cppmega.mlx/reports/raw/cppmega_1b_path_matrix_20260520_full_path_c_bwd_cells/bf16_lion_path_c_cold.json --json,/Users/dave/sources/cppmega.mlx/reports/raw/cppmega_1b_path_matrix_20260520_full_path_c_bwd_cells/bf16_lion_path_c_cold.json,0,138.79143333400134
bf16_lion_path_c_warm,bf16,lion,path_c_warm,ok,lion,lion,Lion,cppmega_mlx.training.optimizers.LionFP32Moments,cppmega_mlx.training.optimizers.make_lion,20,11.5871716249967,3.0894961250014603,638.7212864755709,3.08738755257984,11.5871716249967,26.911674186587334,10.254299126565456,0.0,True,"{""kernel_counts"": {""path_c_tilelang_dsl"": 120, ""path_c_tilelang_dsl_packed_post"": 40}, ""op_kernel"": {""m2rnn"": ""path_c_tilelang_dsl_packed_post"", ""mamba3_mimo"": ""path_c_tilelang_dsl""}, ""path_c_fusion"": {""default_allowed"": false, ""implementation_kind"": ""production"", ""missing_real_abi_inputs"": [], ""mode"": ""off"", ""production_fragments_complete"": true, ""production_schedule_id"": ""path_c_descriptor_chain_c44eddb18abd"", ""real_abi_contract_complete"": true, ""schedule_blockers"": [""selected_model_schedule_not_default"", ""production_schedule_not_compile_verified"", ""production_1b_matrix_profile_missing""], ""schedule_contract_status"": ""untrusted_production_schedule"", ""schedule_name"": ""local_gb10_quarter_path_c_10_12:descriptor_generated_fwd_bwd"", ""schedule_status"": ""descriptor_codegen_production_untrusted"", ""single_kernel_fused"": false, ""status"": ""off""}, ""path_counts"": {""path_c"": 160}}","{""fp8_path_c_route_status"": ""not_requested"", ""kernel_surface_available"": true, ""path"": ""path_c_warm"", ""path_c_fusion"": {""default_allowed"": false, ""implementation_kind"": ""production"", ""missing_real_abi_inputs"": [], ""mode"": ""off"", ""production_fragments_complete"": true, ""production_schedule_id"": ""path_c_descriptor_chain_c44eddb18abd"", ""real_abi_contract_complete"": true, ""schedule_blockers"": [""selected_model_schedule_not_default"", ""production_schedule_not_compile_verified"", ""production_1b_matrix_profile_missing""], ""schedule_contract_status"": ""untrusted_production_schedule"", ""schedule_name"": ""local_gb10_quarter_path_c_10_12:descriptor_generated_fwd_bwd"", ""schedule_status"": ""descriptor_codegen_production_untrusted"", ""single_kernel_fused"": false, ""status"": ""off""}, ""path_c_requested"": true, ""proof_source"": ""per-kernel runtime dispatch log plus Path C fusion planner metadata; fused schedule native compile is a separate compile receipt"", ""runtime_uses_fused_train_block"": false}",ok,f222b75,7f0e39f6,d168ca5ca,0.32.0.dev20260514+d168ca5ca,/Volumes/external/sources/nanochat/.venv/bin/python scripts/m04_train_step.py --model-profile local_gb10_quarter --data-path data/parquet_samples/gb10/clang_semantic_4k_v10/val_00000.parquet --data-format parquet --token-key token_ids --steps 20 --batch-size 1 --seq-len 2048 --dtype bfloat16 --optimizer lion --optimizer-quant-scheme dynamic_int8_v1 --lr 1e-4 --grad-checkpoint --output /Users/dave/sources/cppmega.mlx/reports/raw/cppmega_1b_path_matrix_20260520_full_path_c_bwd_cells/bf16_lion_path_c_warm.json --json,/Users/dave/sources/cppmega.mlx/reports/raw/cppmega_1b_path_matrix_20260520_full_path_c_bwd_cells/bf16_lion_path_c_warm.json,0,125.66117320902413
bf16_lion8bit_path_b,bf16,lion8bit,path_b,ok,lion8bit,lion8bit,Lion8bit,cppmega_mlx.training.optimizers_quantized.Lion8bit,cppmega_mlx.training.optimizers_quantized.make_lion8bit,20,2.162604500015732,2.0201207919744775,1011.6812583873232,2.016853381634543,2.162604500015732,19.268485032022,5.15789339877665,31.26641882956028,,"{""kernel_counts"": {""metal_kernel_fwd_v1"": 160}, ""op_kernel"": {""m2rnn"": ""metal_kernel_fwd_v1"", ""mamba3_mimo"": ""metal_kernel_fwd_v1""}, ""path_c_fusion"": {""default_allowed"": false, ""implementation_kind"": ""production"", ""missing_real_abi_inputs"": [], ""mode"": ""off"", ""production_fragments_complete"": true, ""production_schedule_id"": ""path_c_descriptor_chain_c44eddb18abd"", ""real_abi_contract_complete"": true, ""schedule_blockers"": [""selected_model_schedule_not_default"", ""production_schedule_not_compile_verified"", ""production_1b_matrix_profile_missing""], ""schedule_contract_status"": ""untrusted_production_schedule"", ""schedule_name"": ""local_gb10_quarter_path_c_10_12:descriptor_generated_fwd_bwd"", ""schedule_status"": ""descriptor_codegen_production_untrusted"", ""single_kernel_fused"": false, ""status"": ""off""}, ""path_counts"": {""path_b"": 160}}","{""fp8_path_c_route_status"": ""not_requested"", ""kernel_surface_available"": true, ""path"": ""path_b"", ""path_c_fusion"": {""default_allowed"": false, ""implementation_kind"": ""production"", ""missing_real_abi_inputs"": [], ""mode"": ""off"", ""production_fragments_complete"": true, ""production_schedule_id"": ""path_c_descriptor_chain_c44eddb18abd"", ""real_abi_contract_complete"": true, ""schedule_blockers"": [""selected_model_schedule_not_default"", ""production_schedule_not_compile_verified"", ""production_1b_matrix_profile_missing""], ""schedule_contract_status"": ""untrusted_production_schedule"", ""schedule_name"": ""local_gb10_quarter_path_c_10_12:descriptor_generated_fwd_bwd"", ""schedule_status"": ""descriptor_codegen_production_untrusted"", ""single_kernel_fused"": false, ""status"": ""off""}, ""path_c_requested"": false, ""proof_source"": ""per-kernel runtime dispatch log plus Path C fusion planner metadata; fused schedule native compile is a separate compile receipt"", ""runtime_uses_fused_train_block"": false}",ok,f222b75,7f0e39f6,d168ca5ca,0.32.0.dev20260514+d168ca5ca,/Volumes/external/sources/nanochat/.venv/bin/python scripts/m04_train_step.py --model-profile local_gb10_quarter --data-path data/parquet_samples/gb10/clang_semantic_4k_v10/val_00000.parquet --data-format parquet --token-key token_ids --steps 20 --batch-size 1 --seq-len 2048 --dtype bfloat16 --optimizer lion8bit --optimizer-quant-scheme dynamic_int8_v1 --lr 1e-4 --grad-checkpoint --output /Users/dave/sources/cppmega.mlx/reports/raw/cppmega_1b_path_matrix_20260520_full_path_c_bwd_cells/bf16_lion8bit_path_b.json --json,/Users/dave/sources/cppmega.mlx/reports/raw/cppmega_1b_path_matrix_20260520_full_path_c_bwd_cells/bf16_lion8bit_path_b.json,0,102.42990533297416
bf16_lion8bit_path_c_cold,bf16,lion8bit,path_c_cold,ok,lion8bit,lion8bit,Lion8bit,cppmega_mlx.training.optimizers_quantized.Lion8bit,cppmega_mlx.training.optimizers_quantized.make_lion8bit,20,22.278583666018676,2.24601620802423,871.1233535150981,2.2442611798944294,22.278583666018676,21.81515389494598,5.157778834924102,0.0,False,"{""kernel_counts"": {""path_c_tilelang_dsl"": 120, ""path_c_tilelang_dsl_packed_post"": 40}, ""op_kernel"": {""m2rnn"": ""path_c_tilelang_dsl_packed_post"", ""mamba3_mimo"": ""path_c_tilelang_dsl""}, ""path_c_fusion"": {""default_allowed"": false, ""implementation_kind"": ""production"", ""missing_real_abi_inputs"": [], ""mode"": ""off"", ""production_fragments_complete"": true, ""production_schedule_id"": ""path_c_descriptor_chain_c44eddb18abd"", ""real_abi_contract_complete"": true, ""schedule_blockers"": [""selected_model_schedule_not_default"", ""production_schedule_not_compile_verified"", ""production_1b_matrix_profile_missing""], ""schedule_contract_status"": ""untrusted_production_schedule"", ""schedule_name"": ""local_gb10_quarter_path_c_10_12:descriptor_generated_fwd_bwd"", ""schedule_status"": ""descriptor_codegen_production_untrusted"", ""single_kernel_fused"": false, ""status"": ""off""}, ""path_counts"": {""path_c"": 160}}","{""fp8_path_c_route_status"": ""not_requested"", ""kernel_surface_available"": true, ""path"": ""path_c_cold"", ""path_c_fusion"": {""default_allowed"": false, ""implementation_kind"": ""production"", ""missing_real_abi_inputs"": [], ""mode"": ""off"", ""production_fragments_complete"": true, ""production_schedule_id"": ""path_c_descriptor_chain_c44eddb18abd"", ""real_abi_contract_complete"": true, ""schedule_blockers"": [""selected_model_schedule_not_default"", ""production_schedule_not_compile_verified"", ""production_1b_matrix_profile_missing""], ""schedule_contract_status"": ""untrusted_production_schedule"", ""schedule_name"": ""local_gb10_quarter_path_c_10_12:descriptor_generated_fwd_bwd"", ""schedule_status"": ""descriptor_codegen_production_untrusted"", ""single_kernel_fused"": false, ""status"": ""off""}, ""path_c_requested"": true, ""proof_source"": ""per-kernel runtime dispatch log plus Path C fusion planner metadata; fused schedule native compile is a separate compile receipt"", ""runtime_uses_fused_train_block"": false}",ok,f222b75,7f0e39f6,d168ca5ca,0.32.0.dev20260514+d168ca5ca,/Volumes/external/sources/nanochat/.venv/bin/python scripts/m04_train_step.py --model-profile local_gb10_quarter --data-path data/parquet_samples/gb10/clang_semantic_4k_v10/val_00000.parquet --data-format parquet --token-key token_ids --steps 20 --batch-size 1 --seq-len 2048 --dtype bfloat16 --optimizer lion8bit --optimizer-quant-scheme dynamic_int8_v1 --lr 1e-4 --grad-checkpoint --output /Users/dave/sources/cppmega.mlx/reports/raw/cppmega_1b_path_matrix_20260520_full_path_c_bwd_cells/bf16_lion8bit_path_c_cold.json --json,/Users/dave/sources/cppmega.mlx/reports/raw/cppmega_1b_path_matrix_20260520_full_path_c_bwd_cells/bf16_lion8bit_path_c_cold.json,0,120.94015249999939
bf16_lion8bit_path_c_warm,bf16,lion8bit,path_c_warm,ok,lion8bit,lion8bit,Lion8bit,cppmega_mlx.training.optimizers_quantized.Lion8bit,cppmega_mlx.training.optimizers_quantized.make_lion8bit,20,10.829207249975298,2.277862583985552,862.9571483032099,2.2784882148415293,10.829207249975298,21.81515389494598,5.157778834924102,0.0,True,"{""kernel_counts"": {""path_c_tilelang_dsl"": 120, ""path_c_tilelang_dsl_packed_post"": 40}, ""op_kernel"": {""m2rnn"": ""path_c_tilelang_dsl_packed_post"", ""mamba3_mimo"": ""path_c_tilelang_dsl""}, ""path_c_fusion"": {""default_allowed"": false, ""implementation_kind"": ""production"", ""missing_real_abi_inputs"": [], ""mode"": ""off"", ""production_fragments_complete"": true, ""production_schedule_id"": ""path_c_descriptor_chain_c44eddb18abd"", ""real_abi_contract_complete"": true, ""schedule_blockers"": [""selected_model_schedule_not_default"", ""production_schedule_not_compile_verified"", ""production_1b_matrix_profile_missing""], ""schedule_contract_status"": ""untrusted_production_schedule"", ""schedule_name"": ""local_gb10_quarter_path_c_10_12:descriptor_generated_fwd_bwd"", ""schedule_status"": ""descriptor_codegen_production_untrusted"", ""single_kernel_fused"": false, ""status"": ""off""}, ""path_counts"": {""path_c"": 160}}","{""fp8_path_c_route_status"": ""not_requested"", ""kernel_surface_available"": true, ""path"": ""path_c_warm"", ""path_c_fusion"": {""default_allowed"": false, ""implementation_kind"": ""production"", ""missing_real_abi_inputs"": [], ""mode"": ""off"", ""production_fragments_complete"": true, ""production_schedule_id"": ""path_c_descriptor_chain_c44eddb18abd"", ""real_abi_contract_complete"": true, ""schedule_blockers"": [""selected_model_schedule_not_default"", ""production_schedule_not_compile_verified"", ""production_1b_matrix_profile_missing""], ""schedule_contract_status"": ""untrusted_production_schedule"", ""schedule_name"": ""local_gb10_quarter_path_c_10_12:descriptor_generated_fwd_bwd"", ""schedule_status"": ""descriptor_codegen_production_untrusted"", ""single_kernel_fused"": false, ""status"": ""off""}, ""path_c_requested"": true, ""proof_source"": ""per-kernel runtime dispatch log plus Path C fusion planner metadata; fused schedule native compile is a separate compile receipt"", ""runtime_uses_fused_train_block"": false}",ok,f222b75,7f0e39f6,d168ca5ca,0.32.0.dev20260514+d168ca5ca,/Volumes/external/sources/nanochat/.venv/bin/python scripts/m04_train_step.py --model-profile local_gb10_quarter --data-path data/parquet_samples/gb10/clang_semantic_4k_v10/val_00000.parquet --data-format parquet --token-key token_ids --steps 20 --batch-size 1 --seq-len 2048 --dtype bfloat16 --optimizer lion8bit --optimizer-quant-scheme dynamic_int8_v1 --lr 1e-4 --grad-checkpoint --output /Users/dave/sources/cppmega.mlx/reports/raw/cppmega_1b_path_matrix_20260520_full_path_c_bwd_cells/bf16_lion8bit_path_c_warm.json --json,/Users/dave/sources/cppmega.mlx/reports/raw/cppmega_1b_path_matrix_20260520_full_path_c_bwd_cells/bf16_lion8bit_path_c_warm.json,0,110.61751799995545
bf16_muon_path_b,bf16,muon,path_b,ok,muon,muon_adamw,MuonAdamW,cppmega_mlx.training.optimizers.MuonAdamWMulti,cppmega_mlx.training.optimizers.make_muon,20,8.268406249990221,7.821493667026516,257.5428065373827,7.9576936755176195,8.268406249990221,24.590936809778214,12.06071763113141,37.00550176948309,,"{""kernel_counts"": {""metal_kernel_fwd_v1"": 160}, ""op_kernel"": {""m2rnn"": ""metal_kernel_fwd_v1"", ""mamba3_mimo"": ""metal_kernel_fwd_v1""}, ""path_c_fusion"": {""default_allowed"": false, ""implementation_kind"": ""production"", ""missing_real_abi_inputs"": [], ""mode"": ""off"", ""production_fragments_complete"": true, ""production_schedule_id"": ""path_c_descriptor_chain_c44eddb18abd"", ""real_abi_contract_complete"": true, ""schedule_blockers"": [""selected_model_schedule_not_default"", ""production_schedule_not_compile_verified"", ""production_1b_matrix_profile_missing""], ""schedule_contract_status"": ""untrusted_production_schedule"", ""schedule_name"": ""local_gb10_quarter_path_c_10_12:descriptor_generated_fwd_bwd"", ""schedule_status"": ""descriptor_codegen_production_untrusted"", ""single_kernel_fused"": false, ""status"": ""off""}, ""path_counts"": {""path_b"": 160}}","{""fp8_path_c_route_status"": ""not_requested"", ""kernel_surface_available"": true, ""path"": ""path_b"", ""path_c_fusion"": {""default_allowed"": false, ""implementation_kind"": ""production"", ""missing_real_abi_inputs"": [], ""mode"": ""off"", ""production_fragments_complete"": true, ""production_schedule_id"": ""path_c_descriptor_chain_c44eddb18abd"", ""real_abi_contract_complete"": true, ""schedule_blockers"": [""selected_model_schedule_not_default"", ""production_schedule_not_compile_verified"", ""production_1b_matrix_profile_missing""], ""schedule_contract_status"": ""untrusted_production_schedule"", ""schedule_name"": ""local_gb10_quarter_path_c_10_12:descriptor_generated_fwd_bwd"", ""schedule_status"": ""descriptor_codegen_production_untrusted"", ""single_kernel_fused"": false, ""status"": ""off""}, ""path_c_requested"": false, ""proof_source"": ""per-kernel runtime dispatch log plus Path C fusion planner metadata; fused schedule native compile is a separate compile receipt"", ""runtime_uses_fused_train_block"": false}",ok,f222b75,7f0e39f6,d168ca5ca,0.32.0.dev20260514+d168ca5ca,/Volumes/external/sources/nanochat/.venv/bin/python scripts/m04_train_step.py --model-profile local_gb10_quarter --data-path data/parquet_samples/gb10/clang_semantic_4k_v10/val_00000.parquet --data-format parquet --token-key token_ids --steps 20 --batch-size 1 --seq-len 2048 --dtype bfloat16 --optimizer muon --optimizer-quant-scheme dynamic_int8_v1 --lr 1e-4 --grad-checkpoint --output /Users/dave/sources/cppmega.mlx/reports/raw/cppmega_1b_path_matrix_20260520_full_path_c_bwd_cells/bf16_muon_path_b.json --json,/Users/dave/sources/cppmega.mlx/reports/raw/cppmega_1b_path_matrix_20260520_full_path_c_bwd_cells/bf16_muon_path_b.json,0,221.49170995905297
bf16_muon_path_c_cold,bf16,muon,path_c_cold,ok,muon,muon_adamw,MuonAdamW,cppmega_mlx.training.optimizers.MuonAdamWMulti,cppmega_mlx.training.optimizers.make_muon,20,28.680546375049744,8.19567804201506,240.76754283233248,8.198425618478245,28.680546375049744,28.718057852238417,12.06068279221654,0.0,False,"{""kernel_counts"": {""path_c_tilelang_dsl"": 120, ""path_c_tilelang_dsl_packed_post"": 40}, ""op_kernel"": {""m2rnn"": ""path_c_tilelang_dsl_packed_post"", ""mamba3_mimo"": ""path_c_tilelang_dsl""}, ""path_c_fusion"": {""default_allowed"": false, ""implementation_kind"": ""production"", ""missing_real_abi_inputs"": [], ""mode"": ""off"", ""production_fragments_complete"": true, ""production_schedule_id"": ""path_c_descriptor_chain_c44eddb18abd"", ""real_abi_contract_complete"": true, ""schedule_blockers"": [""selected_model_schedule_not_default"", ""production_schedule_not_compile_verified"", ""production_1b_matrix_profile_missing""], ""schedule_contract_status"": ""untrusted_production_schedule"", ""schedule_name"": ""local_gb10_quarter_path_c_10_12:descriptor_generated_fwd_bwd"", ""schedule_status"": ""descriptor_codegen_production_untrusted"", ""single_kernel_fused"": false, ""status"": ""off""}, ""path_counts"": {""path_c"": 160}}","{""fp8_path_c_route_status"": ""not_requested"", ""kernel_surface_available"": true, ""path"": ""path_c_cold"", ""path_c_fusion"": {""default_allowed"": false, ""implementation_kind"": ""production"", ""missing_real_abi_inputs"": [], ""mode"": ""off"", ""production_fragments_complete"": true, ""production_schedule_id"": ""path_c_descriptor_chain_c44eddb18abd"", ""real_abi_contract_complete"": true, ""schedule_blockers"": [""selected_model_schedule_not_default"", ""production_schedule_not_compile_verified"", ""production_1b_matrix_profile_missing""], ""schedule_contract_status"": ""untrusted_production_schedule"", ""schedule_name"": ""local_gb10_quarter_path_c_10_12:descriptor_generated_fwd_bwd"", ""schedule_status"": ""descriptor_codegen_production_untrusted"", ""single_kernel_fused"": false, ""status"": ""off""}, ""path_c_requested"": true, ""proof_source"": ""per-kernel runtime dispatch log plus Path C fusion planner metadata; fused schedule native compile is a separate compile receipt"", ""runtime_uses_fused_train_block"": false}",ok,f222b75,7f0e39f6,d168ca5ca,0.32.0.dev20260514+d168ca5ca,/Volumes/external/sources/nanochat/.venv/bin/python scripts/m04_train_step.py --model-profile local_gb10_quarter --data-path data/parquet_samples/gb10/clang_semantic_4k_v10/val_00000.parquet --data-format parquet --token-key token_ids --steps 20 --batch-size 1 --seq-len 2048 --dtype bfloat16 --optimizer muon --optimizer-quant-scheme dynamic_int8_v1 --lr 1e-4 --grad-checkpoint --output /Users/dave/sources/cppmega.mlx/reports/raw/cppmega_1b_path_matrix_20260520_full_path_c_bwd_cells/bf16_muon_path_c_cold.json --json,/Users/dave/sources/cppmega.mlx/reports/raw/cppmega_1b_path_matrix_20260520_full_path_c_bwd_cells/bf16_muon_path_c_cold.json,0,242.10253379197093
bf16_muon_path_c_warm,bf16,muon,path_c_warm,ok,muon,muon_adamw,MuonAdamW,cppmega_mlx.training.optimizers.MuonAdamWMulti,cppmega_mlx.training.optimizers.make_muon,20,16.951170125044882,8.256906791997608,241.59206515657144,8.255702568003663,16.951170125044882,28.718057852238417,12.06068279221654,0.0,True,"{""kernel_counts"": {""path_c_tilelang_dsl"": 120, ""path_c_tilelang_dsl_packed_post"": 40}, ""op_kernel"": {""m2rnn"": ""path_c_tilelang_dsl_packed_post"", ""mamba3_mimo"": ""path_c_tilelang_dsl""}, ""path_c_fusion"": {""default_allowed"": false, ""implementation_kind"": ""production"", ""missing_real_abi_inputs"": [], ""mode"": ""off"", ""production_fragments_complete"": true, ""production_schedule_id"": ""path_c_descriptor_chain_c44eddb18abd"", ""real_abi_contract_complete"": true, ""schedule_blockers"": [""selected_model_schedule_not_default"", ""production_schedule_not_compile_verified"", ""production_1b_matrix_profile_missing""], ""schedule_contract_status"": ""untrusted_production_schedule"", ""schedule_name"": ""local_gb10_quarter_path_c_10_12:descriptor_generated_fwd_bwd"", ""schedule_status"": ""descriptor_codegen_production_untrusted"", ""single_kernel_fused"": false, ""status"": ""off""}, ""path_counts"": {""path_c"": 160}}","{""fp8_path_c_route_status"": ""not_requested"", ""kernel_surface_available"": true, ""path"": ""path_c_warm"", ""path_c_fusion"": {""default_allowed"": false, ""implementation_kind"": ""production"", ""missing_real_abi_inputs"": [], ""mode"": ""off"", ""production_fragments_complete"": true, ""production_schedule_id"": ""path_c_descriptor_chain_c44eddb18abd"", ""real_abi_contract_complete"": true, ""schedule_blockers"": [""selected_model_schedule_not_default"", ""production_schedule_not_compile_verified"", ""production_1b_matrix_profile_missing""], ""schedule_contract_status"": ""untrusted_production_schedule"", ""schedule_name"": ""local_gb10_quarter_path_c_10_12:descriptor_generated_fwd_bwd"", ""schedule_status"": ""descriptor_codegen_production_untrusted"", ""single_kernel_fused"": false, ""status"": ""off""}, ""path_c_requested"": true, ""proof_source"": ""per-kernel runtime dispatch log plus Path C fusion planner metadata; fused schedule native compile is a separate compile receipt"", ""runtime_uses_fused_train_block"": false}",ok,f222b75,7f0e39f6,d168ca5ca,0.32.0.dev20260514+d168ca5ca,/Volumes/external/sources/nanochat/.venv/bin/python scripts/m04_train_step.py --model-profile local_gb10_quarter --data-path data/parquet_samples/gb10/clang_semantic_4k_v10/val_00000.parquet --data-format parquet --token-key token_ids --steps 20 --batch-size 1 --seq-len 2048 --dtype bfloat16 --optimizer muon --optimizer-quant-scheme dynamic_int8_v1 --lr 1e-4 --grad-checkpoint --output /Users/dave/sources/cppmega.mlx/reports/raw/cppmega_1b_path_matrix_20260520_full_path_c_bwd_cells/bf16_muon_path_c_warm.json --json,/Users/dave/sources/cppmega.mlx/reports/raw/cppmega_1b_path_matrix_20260520_full_path_c_bwd_cells/bf16_muon_path_c_warm.json,0,231.88417475001188
bf16_muon_adamw_path_b,bf16,muon_adamw,path_b,ok,muon_adamw,muon_adamw,MuonAdamW,cppmega_mlx.training.optimizers.MuonAdamWMulti,cppmega_mlx.training.optimizers.make_muon,20,8.95428741700016,7.81929787498666,256.58422591012487,7.961462931992412,8.95428741700016,24.590936809778214,12.06071763113141,37.00550176948309,,"{""kernel_counts"": {""metal_kernel_fwd_v1"": 160}, ""op_kernel"": {""m2rnn"": ""metal_kernel_fwd_v1"", ""mamba3_mimo"": ""metal_kernel_fwd_v1""}, ""path_c_fusion"": {""default_allowed"": false, ""implementation_kind"": ""production"", ""missing_real_abi_inputs"": [], ""mode"": ""off"", ""production_fragments_complete"": true, ""production_schedule_id"": ""path_c_descriptor_chain_c44eddb18abd"", ""real_abi_contract_complete"": true, ""schedule_blockers"": [""selected_model_schedule_not_default"", ""production_schedule_not_compile_verified"", ""production_1b_matrix_profile_missing""], ""schedule_contract_status"": ""untrusted_production_schedule"", ""schedule_name"": ""local_gb10_quarter_path_c_10_12:descriptor_generated_fwd_bwd"", ""schedule_status"": ""descriptor_codegen_production_untrusted"", ""single_kernel_fused"": false, ""status"": ""off""}, ""path_counts"": {""path_b"": 160}}","{""fp8_path_c_route_status"": ""not_requested"", ""kernel_surface_available"": true, ""path"": ""path_b"", ""path_c_fusion"": {""default_allowed"": false, ""implementation_kind"": ""production"", ""missing_real_abi_inputs"": [], ""mode"": ""off"", ""production_fragments_complete"": true, ""production_schedule_id"": ""path_c_descriptor_chain_c44eddb18abd"", ""real_abi_contract_complete"": true, ""schedule_blockers"": [""selected_model_schedule_not_default"", ""production_schedule_not_compile_verified"", ""production_1b_matrix_profile_missing""], ""schedule_contract_status"": ""untrusted_production_schedule"", ""schedule_name"": ""local_gb10_quarter_path_c_10_12:descriptor_generated_fwd_bwd"", ""schedule_status"": ""descriptor_codegen_production_untrusted"", ""single_kernel_fused"": false, ""status"": ""off""}, ""path_c_requested"": false, ""proof_source"": ""per-kernel runtime dispatch log plus Path C fusion planner metadata; fused schedule native compile is a separate compile receipt"", ""runtime_uses_fused_train_block"": false}",ok,f222b75,7f0e39f6,d168ca5ca,0.32.0.dev20260514+d168ca5ca,/Volumes/external/sources/nanochat/.venv/bin/python scripts/m04_train_step.py --model-profile local_gb10_quarter --data-path data/parquet_samples/gb10/clang_semantic_4k_v10/val_00000.parquet --data-format parquet --token-key token_ids --steps 20 --batch-size 1 --seq-len 2048 --dtype bfloat16 --optimizer muon_adamw --optimizer-quant-scheme dynamic_int8_v1 --lr 1e-4 --grad-checkpoint --output /Users/dave/sources/cppmega.mlx/reports/raw/cppmega_1b_path_matrix_20260520_full_path_c_bwd_cells/bf16_muon_adamw_path_b.json --json,/Users/dave/sources/cppmega.mlx/reports/raw/cppmega_1b_path_matrix_20260520_full_path_c_bwd_cells/bf16_muon_adamw_path_b.json,0,223.5120698750252
bf16_muon_adamw_path_c_cold,bf16,muon_adamw,path_c_cold,ok,muon_adamw,muon_adamw,MuonAdamW,cppmega_mlx.training.optimizers.MuonAdamWMulti,cppmega_mlx.training.optimizers.make_muon,20,28.98723583400715,8.192984875000548,240.84682108359647,8.194397359688178,28.98723583400715,28.718057852238417,12.06068279221654,0.0,False,"{""kernel_counts"": {""path_c_tilelang_dsl"": 120, ""path_c_tilelang_dsl_packed_post"": 40}, ""op_kernel"": {""m2rnn"": ""path_c_tilelang_dsl_packed_post"", ""mamba3_mimo"": ""path_c_tilelang_dsl""}, ""path_c_fusion"": {""default_allowed"": false, ""implementation_kind"": ""production"", ""missing_real_abi_inputs"": [], ""mode"": ""off"", ""production_fragments_complete"": true, ""production_schedule_id"": ""path_c_descriptor_chain_c44eddb18abd"", ""real_abi_contract_complete"": true, ""schedule_blockers"": [""selected_model_schedule_not_default"", ""production_schedule_not_compile_verified"", ""production_1b_matrix_profile_missing""], ""schedule_contract_status"": ""untrusted_production_schedule"", ""schedule_name"": ""local_gb10_quarter_path_c_10_12:descriptor_generated_fwd_bwd"", ""schedule_status"": ""descriptor_codegen_production_untrusted"", ""single_kernel_fused"": false, ""status"": ""off""}, ""path_counts"": {""path_c"": 160}}","{""fp8_path_c_route_status"": ""not_requested"", ""kernel_surface_available"": true, ""path"": ""path_c_cold"", ""path_c_fusion"": {""default_allowed"": false, ""implementation_kind"": ""production"", ""missing_real_abi_inputs"": [], ""mode"": ""off"", ""production_fragments_complete"": true, ""production_schedule_id"": ""path_c_descriptor_chain_c44eddb18abd"", ""real_abi_contract_complete"": true, ""schedule_blockers"": [""selected_model_schedule_not_default"", ""production_schedule_not_compile_verified"", ""production_1b_matrix_profile_missing""], ""schedule_contract_status"": ""untrusted_production_schedule"", ""schedule_name"": ""local_gb10_quarter_path_c_10_12:descriptor_generated_fwd_bwd"", ""schedule_status"": ""descriptor_codegen_production_untrusted"", ""single_kernel_fused"": false, ""status"": ""off""}, ""path_c_requested"": true, ""proof_source"": ""per-kernel runtime dispatch log plus Path C fusion planner metadata; fused schedule native compile is a separate compile receipt"", ""runtime_uses_fused_train_block"": false}",ok,f222b75,7f0e39f6,d168ca5ca,0.32.0.dev20260514+d168ca5ca,/Volumes/external/sources/nanochat/.venv/bin/python scripts/m04_train_step.py --model-profile local_gb10_quarter --data-path data/parquet_samples/gb10/clang_semantic_4k_v10/val_00000.parquet --data-format parquet --token-key token_ids --steps 20 --batch-size 1 --seq-len 2048 --dtype bfloat16 --optimizer muon_adamw --optimizer-quant-scheme dynamic_int8_v1 --lr 1e-4 --grad-checkpoint --output /Users/dave/sources/cppmega.mlx/reports/raw/cppmega_1b_path_matrix_20260520_full_path_c_bwd_cells/bf16_muon_adamw_path_c_cold.json --json,/Users/dave/sources/cppmega.mlx/reports/raw/cppmega_1b_path_matrix_20260520_full_path_c_bwd_cells/bf16_muon_adamw_path_c_cold.json,0,242.8668648750172
bf16_muon_adamw_path_c_warm,bf16,muon_adamw,path_c_warm,ok,muon_adamw,muon_adamw,MuonAdamW,cppmega_mlx.training.optimizers.MuonAdamWMulti,cppmega_mlx.training.optimizers.make_muon,20,16.926762957999017,8.251555582974106,241.81943727070197,8.248045326731363,16.926762957999017,28.718057852238417,12.06068279221654,0.0,True,"{""kernel_counts"": {""path_c_tilelang_dsl"": 120, ""path_c_tilelang_dsl_packed_post"": 40}, ""op_kernel"": {""m2rnn"": ""path_c_tilelang_dsl_packed_post"", ""mamba3_mimo"": ""path_c_tilelang_dsl""}, ""path_c_fusion"": {""default_allowed"": false, ""implementation_kind"": ""production"", ""missing_real_abi_inputs"": [], ""mode"": ""off"", ""production_fragments_complete"": true, ""production_schedule_id"": ""path_c_descriptor_chain_c44eddb18abd"", ""real_abi_contract_complete"": true, ""schedule_blockers"": [""selected_model_schedule_not_default"", ""production_schedule_not_compile_verified"", ""production_1b_matrix_profile_missing""], ""schedule_contract_status"": ""untrusted_production_schedule"", ""schedule_name"": ""local_gb10_quarter_path_c_10_12:descriptor_generated_fwd_bwd"", ""schedule_status"": ""descriptor_codegen_production_untrusted"", ""single_kernel_fused"": false, ""status"": ""off""}, ""path_counts"": {""path_c"": 160}}","{""fp8_path_c_route_status"": ""not_requested"", ""kernel_surface_available"": true, ""path"": ""path_c_warm"", ""path_c_fusion"": {""default_allowed"": false, ""implementation_kind"": ""production"", ""missing_real_abi_inputs"": [], ""mode"": ""off"", ""production_fragments_complete"": true, ""production_schedule_id"": ""path_c_descriptor_chain_c44eddb18abd"", ""real_abi_contract_complete"": true, ""schedule_blockers"": [""selected_model_schedule_not_default"", ""production_schedule_not_compile_verified"", ""production_1b_matrix_profile_missing""], ""schedule_contract_status"": ""untrusted_production_schedule"", ""schedule_name"": ""local_gb10_quarter_path_c_10_12:descriptor_generated_fwd_bwd"", ""schedule_status"": ""descriptor_codegen_production_untrusted"", ""single_kernel_fused"": false, ""status"": ""off""}, ""path_c_requested"": true, ""proof_source"": ""per-kernel runtime dispatch log plus Path C fusion planner metadata; fused schedule native compile is a separate compile receipt"", ""runtime_uses_fused_train_block"": false}",ok,f222b75,7f0e39f6,d168ca5ca,0.32.0.dev20260514+d168ca5ca,/Volumes/external/sources/nanochat/.venv/bin/python scripts/m04_train_step.py --model-profile local_gb10_quarter --data-path data/parquet_samples/gb10/clang_semantic_4k_v10/val_00000.parquet --data-format parquet --token-key token_ids --steps 20 --batch-size 1 --seq-len 2048 --dtype bfloat16 --optimizer muon_adamw --optimizer-quant-scheme dynamic_int8_v1 --lr 1e-4 --grad-checkpoint --output /Users/dave/sources/cppmega.mlx/reports/raw/cppmega_1b_path_matrix_20260520_full_path_c_bwd_cells/bf16_muon_adamw_path_c_warm.json --json,/Users/dave/sources/cppmega.mlx/reports/raw/cppmega_1b_path_matrix_20260520_full_path_c_bwd_cells/bf16_muon_adamw_path_c_warm.json,0,231.3713329579914
bf16_muon_int8_path_b,bf16,muon_int8,path_b,ok,int8,int8,MuonAdamWInt8,cppmega_mlx.training.optimizers.MuonAdamWMulti,cppmega_mlx.training.optimizers.make_muon(int8_state),20,9.822270417003892,9.482705167029053,215.2409111827457,9.494634368475282,9.822270417003892,17.668607771396637,5.6170393489301205,41.571179096587,,"{""kernel_counts"": {""metal_kernel_fwd_v1"": 160}, ""op_kernel"": {""m2rnn"": ""metal_kernel_fwd_v1"", ""mamba3_mimo"": ""metal_kernel_fwd_v1""}, ""path_c_fusion"": {""default_allowed"": false, ""implementation_kind"": ""production"", ""missing_real_abi_inputs"": [], ""mode"": ""off"", ""production_fragments_complete"": true, ""production_schedule_id"": ""path_c_descriptor_chain_c44eddb18abd"", ""real_abi_contract_complete"": true, ""schedule_blockers"": [""selected_model_schedule_not_default"", ""production_schedule_not_compile_verified"", ""production_1b_matrix_profile_missing""], ""schedule_contract_status"": ""untrusted_production_schedule"", ""schedule_name"": ""local_gb10_quarter_path_c_10_12:descriptor_generated_fwd_bwd"", ""schedule_status"": ""descriptor_codegen_production_untrusted"", ""single_kernel_fused"": false, ""status"": ""off""}, ""path_counts"": {""path_b"": 160}}","{""fp8_path_c_route_status"": ""not_requested"", ""kernel_surface_available"": true, ""path"": ""path_b"", ""path_c_fusion"": {""default_allowed"": false, ""implementation_kind"": ""production"", ""missing_real_abi_inputs"": [], ""mode"": ""off"", ""production_fragments_complete"": true, ""production_schedule_id"": ""path_c_descriptor_chain_c44eddb18abd"", ""real_abi_contract_complete"": true, ""schedule_blockers"": [""selected_model_schedule_not_default"", ""production_schedule_not_compile_verified"", ""production_1b_matrix_profile_missing""], ""schedule_contract_status"": ""untrusted_production_schedule"", ""schedule_name"": ""local_gb10_quarter_path_c_10_12:descriptor_generated_fwd_bwd"", ""schedule_status"": ""descriptor_codegen_production_untrusted"", ""single_kernel_fused"": false, ""status"": ""off""}, ""path_c_requested"": false, ""proof_source"": ""per-kernel runtime dispatch log plus Path C fusion planner metadata; fused schedule native compile is a separate compile receipt"", ""runtime_uses_fused_train_block"": false}",ok,f222b75,7f0e39f6,d168ca5ca,0.32.0.dev20260514+d168ca5ca,/Volumes/external/sources/nanochat/.venv/bin/python scripts/m04_train_step.py --model-profile local_gb10_quarter --data-path data/parquet_samples/gb10/clang_semantic_4k_v10/val_00000.parquet --data-format parquet --token-key token_ids --steps 20 --batch-size 1 --seq-len 2048 --dtype bfloat16 --optimizer int8 --optimizer-quant-scheme dynamic_int8_v1 --lr 1e-4 --grad-checkpoint --output /Users/dave/sources/cppmega.mlx/reports/raw/cppmega_1b_path_matrix_20260520_full_path_c_bwd_cells/bf16_muon_int8_path_b.json --json,/Users/dave/sources/cppmega.mlx/reports/raw/cppmega_1b_path_matrix_20260520_full_path_c_bwd_cells/bf16_muon_int8_path_b.json,0,253.46691362495767
bf16_muon_int8_path_c_cold,bf16,muon_int8,path_c_cold,ok,int8,int8,MuonAdamWInt8,cppmega_mlx.training.optimizers.MuonAdamWMulti,cppmega_mlx.training.optimizers.make_muon(int8_state),20,32.92391033296008,12.302654957980849,161.09278321701342,12.309212850838728,32.92391033296008,22.274273481220007,5.61689842119813,0.0,False,"{""kernel_counts"": {""path_c_tilelang_dsl"": 120, ""path_c_tilelang_dsl_packed_post"": 40}, ""op_kernel"": {""m2rnn"": ""path_c_tilelang_dsl_packed_post"", ""mamba3_mimo"": ""path_c_tilelang_dsl""}, ""path_c_fusion"": {""default_allowed"": false, ""implementation_kind"": ""production"", ""missing_real_abi_inputs"": [], ""mode"": ""off"", ""production_fragments_complete"": true, ""production_schedule_id"": ""path_c_descriptor_chain_c44eddb18abd"", ""real_abi_contract_complete"": true, ""schedule_blockers"": [""selected_model_schedule_not_default"", ""production_schedule_not_compile_verified"", ""production_1b_matrix_profile_missing""], ""schedule_contract_status"": ""untrusted_production_schedule"", ""schedule_name"": ""local_gb10_quarter_path_c_10_12:descriptor_generated_fwd_bwd"", ""schedule_status"": ""descriptor_codegen_production_untrusted"", ""single_kernel_fused"": false, ""status"": ""off""}, ""path_counts"": {""path_c"": 160}}","{""fp8_path_c_route_status"": ""not_requested"", ""kernel_surface_available"": true, ""path"": ""path_c_cold"", ""path_c_fusion"": {""default_allowed"": false, ""implementation_kind"": ""production"", ""missing_real_abi_inputs"": [], ""mode"": ""off"", ""production_fragments_complete"": true, ""production_schedule_id"": ""path_c_descriptor_chain_c44eddb18abd"", ""real_abi_contract_complete"": true, ""schedule_blockers"": [""selected_model_schedule_not_default"", ""production_schedule_not_compile_verified"", ""production_1b_matrix_profile_missing""], ""schedule_contract_status"": ""untrusted_production_schedule"", ""schedule_name"": ""local_gb10_quarter_path_c_10_12:descriptor_generated_fwd_bwd"", ""schedule_status"": ""descriptor_codegen_production_untrusted"", ""single_kernel_fused"": false, ""status"": ""off""}, ""path_c_requested"": true, ""proof_source"": ""per-kernel runtime dispatch log plus Path C fusion planner metadata; fused schedule native compile is a separate compile receipt"", ""runtime_uses_fused_train_block"": false}",ok,f222b75,7f0e39f6,d168ca5ca,0.32.0.dev20260514+d168ca5ca,/Volumes/external/sources/nanochat/.venv/bin/python scripts/m04_train_step.py --model-profile local_gb10_quarter --data-path data/parquet_samples/gb10/clang_semantic_4k_v10/val_00000.parquet --data-format parquet --token-key token_ids --steps 20 --batch-size 1 --seq-len 2048 --dtype bfloat16 --optimizer int8 --optimizer-quant-scheme dynamic_int8_v1 --lr 1e-4 --grad-checkpoint --output /Users/dave/sources/cppmega.mlx/reports/raw/cppmega_1b_path_matrix_20260520_full_path_c_bwd_cells/bf16_muon_int8_path_c_cold.json --json,/Users/dave/sources/cppmega.mlx/reports/raw/cppmega_1b_path_matrix_20260520_full_path_c_bwd_cells/bf16_muon_int8_path_c_cold.json,0,324.79518279101467
bf16_muon_int8_path_c_warm,bf16,muon_int8,path_c_warm,ok,int8,int8,MuonAdamWInt8,cppmega_mlx.training.optimizers.MuonAdamWMulti,cppmega_mlx.training.optimizers.make_muon(int8_state),20,21.016617291024886,12.365254958975129,162.09969580206425,12.368359445048938,21.016617291024886,22.274273481220007,5.61689842119813,0.0,True,"{""kernel_counts"": {""path_c_tilelang_dsl"": 120, ""path_c_tilelang_dsl_packed_post"": 40}, ""op_kernel"": {""m2rnn"": ""path_c_tilelang_dsl_packed_post"", ""mamba3_mimo"": ""path_c_tilelang_dsl""}, ""path_c_fusion"": {""default_allowed"": false, ""implementation_kind"": ""production"", ""missing_real_abi_inputs"": [], ""mode"": ""off"", ""production_fragments_complete"": true, ""production_schedule_id"": ""path_c_descriptor_chain_c44eddb18abd"", ""real_abi_contract_complete"": true, ""schedule_blockers"": [""selected_model_schedule_not_default"", ""production_schedule_not_compile_verified"", ""production_1b_matrix_profile_missing""], ""schedule_contract_status"": ""untrusted_production_schedule"", ""schedule_name"": ""local_gb10_quarter_path_c_10_12:descriptor_generated_fwd_bwd"", ""schedule_status"": ""descriptor_codegen_production_untrusted"", ""single_kernel_fused"": false, ""status"": ""off""}, ""path_counts"": {""path_c"": 160}}","{""fp8_path_c_route_status"": ""not_requested"", ""kernel_surface_available"": true, ""path"": ""path_c_warm"", ""path_c_fusion"": {""default_allowed"": false, ""implementation_kind"": ""production"", ""missing_real_abi_inputs"": [], ""mode"": ""off"", ""production_fragments_complete"": true, ""production_schedule_id"": ""path_c_descriptor_chain_c44eddb18abd"", ""real_abi_contract_complete"": true, ""schedule_blockers"": [""selected_model_schedule_not_default"", ""production_schedule_not_compile_verified"", ""production_1b_matrix_profile_missing""], ""schedule_contract_status"": ""untrusted_production_schedule"", ""schedule_name"": ""local_gb10_quarter_path_c_10_12:descriptor_generated_fwd_bwd"", ""schedule_status"": ""descriptor_codegen_production_untrusted"", ""single_kernel_fused"": false, ""status"": ""off""}, ""path_c_requested"": true, ""proof_source"": ""per-kernel runtime dispatch log plus Path C fusion planner metadata; fused schedule native compile is a separate compile receipt"", ""runtime_uses_fused_train_block"": false}",ok,f222b75,7f0e39f6,d168ca5ca,0.32.0.dev20260514+d168ca5ca,/Volumes/external/sources/nanochat/.venv/bin/python scripts/m04_train_step.py --model-profile local_gb10_quarter --data-path data/parquet_samples/gb10/clang_semantic_4k_v10/val_00000.parquet --data-format parquet --token-key token_ids --steps 20 --batch-size 1 --seq-len 2048 --dtype bfloat16 --optimizer int8 --optimizer-quant-scheme dynamic_int8_v1 --lr 1e-4 --grad-checkpoint --output /Users/dave/sources/cppmega.mlx/reports/raw/cppmega_1b_path_matrix_20260520_full_path_c_bwd_cells/bf16_muon_int8_path_c_warm.json --json,/Users/dave/sources/cppmega.mlx/reports/raw/cppmega_1b_path_matrix_20260520_full_path_c_bwd_cells/bf16_muon_int8_path_c_warm.json,0,313.21691166603705
fp8_adamw_path_b,fp8,adamw,path_b,ok,adamw,adamw,AdamW,cppmega_mlx.training.optimizers.AdamWFP32Moments,cppmega_mlx.training.optimizers.make_adamw,20,7.852574000018649,11.976134542026557,178.00676769169914,11.839912824580862,7.852574000018649,30.538198098540306,17.090502858161926,37.749587279744446,,"{""kernel_counts"": {""metal_kernel_fwd_v1"": 146, ""sparse_mla_fp8_reference_path_b"": 110}, ""op_kernel"": {""m2rnn"": ""metal_kernel_fwd_v1"", ""mamba3_mimo"": ""metal_kernel_fwd_v1"", ""sparse_mla"": ""sparse_mla_fp8_reference_path_b""}, ""path_c_fusion"": {""default_allowed"": false, ""implementation_kind"": ""production"", ""missing_real_abi_inputs"": [], ""mode"": ""off"", ""production_fragments_complete"": true, ""production_schedule_id"": ""path_c_descriptor_chain_c44eddb18abd"", ""real_abi_contract_complete"": true, ""schedule_blockers"": [""selected_model_schedule_not_default"", ""production_schedule_not_compile_verified"", ""production_1b_matrix_profile_missing""], ""schedule_contract_status"": ""untrusted_production_schedule"", ""schedule_name"": ""local_gb10_quarter_path_c_10_12:descriptor_generated_fwd_bwd"", ""schedule_status"": ""descriptor_codegen_production_untrusted"", ""single_kernel_fused"": false, ""status"": ""off""}, ""path_counts"": {""path_b"": 256}}","{""fp8_path_c_route_status"": ""not_requested"", ""kernel_surface_available"": true, ""path"": ""path_b"", ""path_c_fusion"": {""default_allowed"": false, ""implementation_kind"": ""production"", ""missing_real_abi_inputs"": [], ""mode"": ""off"", ""production_fragments_complete"": true, ""production_schedule_id"": ""path_c_descriptor_chain_c44eddb18abd"", ""real_abi_contract_complete"": true, ""schedule_blockers"": [""selected_model_schedule_not_default"", ""production_schedule_not_compile_verified"", ""production_1b_matrix_profile_missing""], ""schedule_contract_status"": ""untrusted_production_schedule"", ""schedule_name"": ""local_gb10_quarter_path_c_10_12:descriptor_generated_fwd_bwd"", ""schedule_status"": ""descriptor_codegen_production_untrusted"", ""single_kernel_fused"": false, ""status"": ""off""}, ""path_c_requested"": false, ""proof_source"": ""per-kernel runtime dispatch log plus Path C fusion planner metadata; fused schedule native compile is a separate compile receipt"", ""runtime_uses_fused_train_block"": false}",ok,f222b75,7f0e39f6,d168ca5ca,0.32.0.dev20260514+d168ca5ca,/Volumes/external/sources/nanochat/.venv/bin/python scripts/m04_train_step.py --model-profile local_gb10_quarter --data-path data/parquet_samples/gb10/clang_semantic_4k_v10/val_00000.parquet --data-format parquet --token-key token_ids --steps 20 --batch-size 1 --seq-len 2048 --dtype fp8_path_b --optimizer adamw --optimizer-quant-scheme dynamic_int8_v1 --lr 1e-4 --grad-checkpoint --output /Users/dave/sources/cppmega.mlx/reports/raw/cppmega_1b_path_matrix_20260520_full_path_c_bwd_cells/fp8_adamw_path_b.json --json,/Users/dave/sources/cppmega.mlx/reports/raw/cppmega_1b_path_matrix_20260520_full_path_c_bwd_cells/fp8_adamw_path_b.json,0,295.3018449579831
fp8_adamw_path_c_cold,fp8,adamw,path_c_cold,ok,adamw,adamw,AdamW,cppmega_mlx.training.optimizers.AdamWFP32Moments,cppmega_mlx.training.optimizers.make_adamw,20,32.42173975001788,7.224730583024211,287.87760244544893,6.965020173210895,32.42173975001788,63.00406812410802,17.090467929840088,0.0,False,"{""kernel_counts"": {""path_c_tilelang_dsl_fwd_path_b_bwd"": 110, ""path_c_tilelang_dsl_packed_post"": 36, ""tilelang_fp8_prepared_path_c_fwd"": 110}, ""op_kernel"": {""m2rnn"": ""path_c_tilelang_dsl_packed_post"", ""mamba3_mimo"": ""path_c_tilelang_dsl_fwd_path_b_bwd"", ""sparse_mla"": ""tilelang_fp8_prepared_path_c_fwd""}, ""path_c_fusion"": {""default_allowed"": false, ""implementation_kind"": ""production"", ""missing_real_abi_inputs"": [], ""mode"": ""off"", ""production_fragments_complete"": true, ""production_schedule_id"": ""path_c_descriptor_chain_c44eddb18abd"", ""real_abi_contract_complete"": true, ""schedule_blockers"": [""selected_model_schedule_not_default"", ""production_schedule_not_compile_verified"", ""production_1b_matrix_profile_missing""], ""schedule_contract_status"": ""untrusted_production_schedule"", ""schedule_name"": ""local_gb10_quarter_path_c_10_12:descriptor_generated_fwd_bwd"", ""schedule_status"": ""descriptor_codegen_production_untrusted"", ""single_kernel_fused"": false, ""status"": ""off""}, ""path_counts"": {""path_c"": 256}}","{""fp8_path_c_route_status"": ""m04_path_c_training_route_available"", ""kernel_surface_available"": true, ""path"": ""path_c_cold"", ""path_c_fusion"": {""default_allowed"": false, ""implementation_kind"": ""production"", ""missing_real_abi_inputs"": [], ""mode"": ""off"", ""production_fragments_complete"": true, ""production_schedule_id"": ""path_c_descriptor_chain_c44eddb18abd"", ""real_abi_contract_complete"": true, ""schedule_blockers"": [""selected_model_schedule_not_default"", ""production_schedule_not_compile_verified"", ""production_1b_matrix_profile_missing""], ""schedule_contract_status"": ""untrusted_production_schedule"", ""schedule_name"": ""local_gb10_quarter_path_c_10_12:descriptor_generated_fwd_bwd"", ""schedule_status"": ""descriptor_codegen_production_untrusted"", ""single_kernel_fused"": false, ""status"": ""off""}, ""path_c_requested"": true, ""proof_source"": ""per-kernel runtime dispatch log plus Path C fusion planner metadata; fused schedule native compile is a separate compile receipt"", ""runtime_uses_fused_train_block"": false}",ok,f222b75,7f0e39f6,d168ca5ca,0.32.0.dev20260514+d168ca5ca,/Volumes/external/sources/nanochat/.venv/bin/python scripts/m04_train_step.py --model-profile local_gb10_quarter --data-path data/parquet_samples/gb10/clang_semantic_4k_v10/val_00000.parquet --data-format parquet --token-key token_ids --steps 20 --batch-size 1 --seq-len 2048 --dtype fp8_path_c --optimizer adamw --optimizer-quant-scheme dynamic_int8_v1 --lr 1e-4 --grad-checkpoint --output /Users/dave/sources/cppmega.mlx/reports/raw/cppmega_1b_path_matrix_20260520_full_path_c_bwd_cells/fp8_adamw_path_c_cold.json --json,/Users/dave/sources/cppmega.mlx/reports/raw/cppmega_1b_path_matrix_20260520_full_path_c_bwd_cells/fp8_adamw_path_c_cold.json,0,222.25695504201576
fp8_adamw_path_c_warm,fp8,adamw,path_c_warm,ok,adamw,adamw,AdamW,cppmega_mlx.training.optimizers.AdamWFP32Moments,cppmega_mlx.training.optimizers.make_adamw,20,18.184364334039856,7.3546006249962375,279.58505623080987,7.189128068003093,18.184364334039856,63.00406812410802,17.090467929840088,0.0,True,"{""kernel_counts"": {""path_c_tilelang_dsl_fwd_path_b_bwd"": 110, ""path_c_tilelang_dsl_packed_post"": 36, ""tilelang_fp8_prepared_path_c_fwd"": 110}, ""op_kernel"": {""m2rnn"": ""path_c_tilelang_dsl_packed_post"", ""mamba3_mimo"": ""path_c_tilelang_dsl_fwd_path_b_bwd"", ""sparse_mla"": ""tilelang_fp8_prepared_path_c_fwd""}, ""path_c_fusion"": {""default_allowed"": false, ""implementation_kind"": ""production"", ""missing_real_abi_inputs"": [], ""mode"": ""off"", ""production_fragments_complete"": true, ""production_schedule_id"": ""path_c_descriptor_chain_c44eddb18abd"", ""real_abi_contract_complete"": true, ""schedule_blockers"": [""selected_model_schedule_not_default"", ""production_schedule_not_compile_verified"", ""production_1b_matrix_profile_missing""], ""schedule_contract_status"": ""untrusted_production_schedule"", ""schedule_name"": ""local_gb10_quarter_path_c_10_12:descriptor_generated_fwd_bwd"", ""schedule_status"": ""descriptor_codegen_production_untrusted"", ""single_kernel_fused"": false, ""status"": ""off""}, ""path_counts"": {""path_c"": 256}}","{""fp8_path_c_route_status"": ""m04_path_c_training_route_available"", ""kernel_surface_available"": true, ""path"": ""path_c_warm"", ""path_c_fusion"": {""default_allowed"": false, ""implementation_kind"": ""production"", ""missing_real_abi_inputs"": [], ""mode"": ""off"", ""production_fragments_complete"": true, ""production_schedule_id"": ""path_c_descriptor_chain_c44eddb18abd"", ""real_abi_contract_complete"": true, ""schedule_blockers"": [""selected_model_schedule_not_default"", ""production_schedule_not_compile_verified"", ""production_1b_matrix_profile_missing""], ""schedule_contract_status"": ""untrusted_production_schedule"", ""schedule_name"": ""local_gb10_quarter_path_c_10_12:descriptor_generated_fwd_bwd"", ""schedule_status"": ""descriptor_codegen_production_untrusted"", ""single_kernel_fused"": false, ""status"": ""off""}, ""path_c_requested"": true, ""proof_source"": ""per-kernel runtime dispatch log plus Path C fusion planner metadata; fused schedule native compile is a separate compile receipt"", ""runtime_uses_fused_train_block"": false}",ok,f222b75,7f0e39f6,d168ca5ca,0.32.0.dev20260514+d168ca5ca,/Volumes/external/sources/nanochat/.venv/bin/python scripts/m04_train_step.py --model-profile local_gb10_quarter --data-path data/parquet_samples/gb10/clang_semantic_4k_v10/val_00000.parquet --data-format parquet --token-key token_ids --steps 20 --batch-size 1 --seq-len 2048 --dtype fp8_path_c --optimizer adamw --optimizer-quant-scheme dynamic_int8_v1 --lr 1e-4 --grad-checkpoint --output /Users/dave/sources/cppmega.mlx/reports/raw/cppmega_1b_path_matrix_20260520_full_path_c_bwd_cells/fp8_adamw_path_c_warm.json --json,/Users/dave/sources/cppmega.mlx/reports/raw/cppmega_1b_path_matrix_20260520_full_path_c_bwd_cells/fp8_adamw_path_c_warm.json,0,212.49730649997946
fp8_adam8bit_path_b,fp8,adam8bit,path_b,ok,adam8bit,adam8bit,Adam8bit,cppmega_mlx.training.optimizers_quantized.Adam8bit,cppmega_mlx.training.optimizers_quantized.make_adam8bit,20,2.284063624974806,2.0438464590115473,981.237483775896,2.077849925412968,2.284063624974806,21.91425913758576,6.898123048245907,35.63588684424758,,"{""kernel_counts"": {""metal_kernel_fwd_v1"": 146, ""sparse_mla_fp8_reference_path_b"": 110}, ""op_kernel"": {""m2rnn"": ""metal_kernel_fwd_v1"", ""mamba3_mimo"": ""metal_kernel_fwd_v1"", ""sparse_mla"": ""sparse_mla_fp8_reference_path_b""}, ""path_c_fusion"": {""default_allowed"": false, ""implementation_kind"": ""production"", ""missing_real_abi_inputs"": [], ""mode"": ""off"", ""production_fragments_complete"": true, ""production_schedule_id"": ""path_c_descriptor_chain_c44eddb18abd"", ""real_abi_contract_complete"": true, ""schedule_blockers"": [""selected_model_schedule_not_default"", ""production_schedule_not_compile_verified"", ""production_1b_matrix_profile_missing""], ""schedule_contract_status"": ""untrusted_production_schedule"", ""schedule_name"": ""local_gb10_quarter_path_c_10_12:descriptor_generated_fwd_bwd"", ""schedule_status"": ""descriptor_codegen_production_untrusted"", ""single_kernel_fused"": false, ""status"": ""off""}, ""path_counts"": {""path_b"": 256}}","{""fp8_path_c_route_status"": ""not_requested"", ""kernel_surface_available"": true, ""path"": ""path_b"", ""path_c_fusion"": {""default_allowed"": false, ""implementation_kind"": ""production"", ""missing_real_abi_inputs"": [], ""mode"": ""off"", ""production_fragments_complete"": true, ""production_schedule_id"": ""path_c_descriptor_chain_c44eddb18abd"", ""real_abi_contract_complete"": true, ""schedule_blockers"": [""selected_model_schedule_not_default"", ""production_schedule_not_compile_verified"", ""production_1b_matrix_profile_missing""], ""schedule_contract_status"": ""untrusted_production_schedule"", ""schedule_name"": ""local_gb10_quarter_path_c_10_12:descriptor_generated_fwd_bwd"", ""schedule_status"": ""descriptor_codegen_production_untrusted"", ""single_kernel_fused"": false, ""status"": ""off""}, ""path_c_requested"": false, ""proof_source"": ""per-kernel runtime dispatch log plus Path C fusion planner metadata; fused schedule native compile is a separate compile receipt"", ""runtime_uses_fused_train_block"": false}",ok,f222b75,7f0e39f6,d168ca5ca,0.32.0.dev20260514+d168ca5ca,/Volumes/external/sources/nanochat/.venv/bin/python scripts/m04_train_step.py --model-profile local_gb10_quarter --data-path data/parquet_samples/gb10/clang_semantic_4k_v10/val_00000.parquet --data-format parquet --token-key token_ids --steps 20 --batch-size 1 --seq-len 2048 --dtype fp8_path_b --optimizer adam8bit --optimizer-quant-scheme dynamic_int8_v1 --lr 1e-4 --grad-checkpoint --output /Users/dave/sources/cppmega.mlx/reports/raw/cppmega_1b_path_matrix_20260520_full_path_c_bwd_cells/fp8_adam8bit_path_b.json --json,/Users/dave/sources/cppmega.mlx/reports/raw/cppmega_1b_path_matrix_20260520_full_path_c_bwd_cells/fp8_adam8bit_path_b.json,0,104.07658375002211
fp8_adam8bit_path_c_cold,fp8,adam8bit,path_c_cold,ok,adam8bit,adam8bit,Adam8bit,cppmega_mlx.training.optimizers_quantized.Adam8bit,cppmega_mlx.training.optimizers_quantized.make_adam8bit,20,26.977608792018145,2.9540490839863196,661.5835841320066,2.956613690895641,26.977608792018145,52.8114627180621,6.897862523794174,0.0,False,"{""kernel_counts"": {""path_c_tilelang_dsl_fwd_path_b_bwd"": 110, ""path_c_tilelang_dsl_packed_post"": 36, ""tilelang_fp8_prepared_path_c_fwd"": 110}, ""op_kernel"": {""m2rnn"": ""path_c_tilelang_dsl_packed_post"", ""mamba3_mimo"": ""path_c_tilelang_dsl_fwd_path_b_bwd"", ""sparse_mla"": ""tilelang_fp8_prepared_path_c_fwd""}, ""path_c_fusion"": {""default_allowed"": false, ""implementation_kind"": ""production"", ""missing_real_abi_inputs"": [], ""mode"": ""off"", ""production_fragments_complete"": true, ""production_schedule_id"": ""path_c_descriptor_chain_c44eddb18abd"", ""real_abi_contract_complete"": true, ""schedule_blockers"": [""selected_model_schedule_not_default"", ""production_schedule_not_compile_verified"", ""production_1b_matrix_profile_missing""], ""schedule_contract_status"": ""untrusted_production_schedule"", ""schedule_name"": ""local_gb10_quarter_path_c_10_12:descriptor_generated_fwd_bwd"", ""schedule_status"": ""descriptor_codegen_production_untrusted"", ""single_kernel_fused"": false, ""status"": ""off""}, ""path_counts"": {""path_c"": 256}}","{""fp8_path_c_route_status"": ""m04_path_c_training_route_available"", ""kernel_surface_available"": true, ""path"": ""path_c_cold"", ""path_c_fusion"": {""default_allowed"": false, ""implementation_kind"": ""production"", ""missing_real_abi_inputs"": [], ""mode"": ""off"", ""production_fragments_complete"": true, ""production_schedule_id"": ""path_c_descriptor_chain_c44eddb18abd"", ""real_abi_contract_complete"": true, ""schedule_blockers"": [""selected_model_schedule_not_default"", ""production_schedule_not_compile_verified"", ""production_1b_matrix_profile_missing""], ""schedule_contract_status"": ""untrusted_production_schedule"", ""schedule_name"": ""local_gb10_quarter_path_c_10_12:descriptor_generated_fwd_bwd"", ""schedule_status"": ""descriptor_codegen_production_untrusted"", ""single_kernel_fused"": false, ""status"": ""off""}, ""path_c_requested"": true, ""proof_source"": ""per-kernel runtime dispatch log plus Path C fusion planner metadata; fused schedule native compile is a separate compile receipt"", ""runtime_uses_fused_train_block"": false}",ok,f222b75,7f0e39f6,d168ca5ca,0.32.0.dev20260514+d168ca5ca,/Volumes/external/sources/nanochat/.venv/bin/python scripts/m04_train_step.py --model-profile local_gb10_quarter --data-path data/parquet_samples/gb10/clang_semantic_4k_v10/val_00000.parquet --data-format parquet --token-key token_ids --steps 20 --batch-size 1 --seq-len 2048 --dtype fp8_path_c --optimizer adam8bit --optimizer-quant-scheme dynamic_int8_v1 --lr 1e-4 --grad-checkpoint --output /Users/dave/sources/cppmega.mlx/reports/raw/cppmega_1b_path_matrix_20260520_full_path_c_bwd_cells/fp8_adam8bit_path_c_cold.json --json,/Users/dave/sources/cppmega.mlx/reports/raw/cppmega_1b_path_matrix_20260520_full_path_c_bwd_cells/fp8_adam8bit_path_c_cold.json,0,139.59000895899953
fp8_adam8bit_path_c_warm,fp8,adam8bit,path_c_warm,ok,adam8bit,adam8bit,Adam8bit,cppmega_mlx.training.optimizers_quantized.Adam8bit,cppmega_mlx.training.optimizers_quantized.make_adam8bit,20,12.250952666974626,2.9813636660110205,659.6855511422752,2.985801412258297,12.250952666974626,52.8114627180621,6.897862523794174,0.0,True,"{""kernel_counts"": {""path_c_tilelang_dsl_fwd_path_b_bwd"": 110, ""path_c_tilelang_dsl_packed_post"": 36, ""tilelang_fp8_prepared_path_c_fwd"": 110}, ""op_kernel"": {""m2rnn"": ""path_c_tilelang_dsl_packed_post"", ""mamba3_mimo"": ""path_c_tilelang_dsl_fwd_path_b_bwd"", ""sparse_mla"": ""tilelang_fp8_prepared_path_c_fwd""}, ""path_c_fusion"": {""default_allowed"": false, ""implementation_kind"": ""production"", ""missing_real_abi_inputs"": [], ""mode"": ""off"", ""production_fragments_complete"": true, ""production_schedule_id"": ""path_c_descriptor_chain_c44eddb18abd"", ""real_abi_contract_complete"": true, ""schedule_blockers"": [""selected_model_schedule_not_default"", ""production_schedule_not_compile_verified"", ""production_1b_matrix_profile_missing""], ""schedule_contract_status"": ""untrusted_production_schedule"", ""schedule_name"": ""local_gb10_quarter_path_c_10_12:descriptor_generated_fwd_bwd"", ""schedule_status"": ""descriptor_codegen_production_untrusted"", ""single_kernel_fused"": false, ""status"": ""off""}, ""path_counts"": {""path_c"": 256}}","{""fp8_path_c_route_status"": ""m04_path_c_training_route_available"", ""kernel_surface_available"": true, ""path"": ""path_c_warm"", ""path_c_fusion"": {""default_allowed"": false, ""implementation_kind"": ""production"", ""missing_real_abi_inputs"": [], ""mode"": ""off"", ""production_fragments_complete"": true, ""production_schedule_id"": ""path_c_descriptor_chain_c44eddb18abd"", ""real_abi_contract_complete"": true, ""schedule_blockers"": [""selected_model_schedule_not_default"", ""production_schedule_not_compile_verified"", ""production_1b_matrix_profile_missing""], ""schedule_contract_status"": ""untrusted_production_schedule"", ""schedule_name"": ""local_gb10_quarter_path_c_10_12:descriptor_generated_fwd_bwd"", ""schedule_status"": ""descriptor_codegen_production_untrusted"", ""single_kernel_fused"": false, ""status"": ""off""}, ""path_c_requested"": true, ""proof_source"": ""per-kernel runtime dispatch log plus Path C fusion planner metadata; fused schedule native compile is a separate compile receipt"", ""runtime_uses_fused_train_block"": false}",ok,f222b75,7f0e39f6,d168ca5ca,0.32.0.dev20260514+d168ca5ca,/Volumes/external/sources/nanochat/.venv/bin/python scripts/m04_train_step.py --model-profile local_gb10_quarter --data-path data/parquet_samples/gb10/clang_semantic_4k_v10/val_00000.parquet --data-format parquet --token-key token_ids --steps 20 --batch-size 1 --seq-len 2048 --dtype fp8_path_c --optimizer adam8bit --optimizer-quant-scheme dynamic_int8_v1 --lr 1e-4 --grad-checkpoint --output /Users/dave/sources/cppmega.mlx/reports/raw/cppmega_1b_path_matrix_20260520_full_path_c_bwd_cells/fp8_adam8bit_path_c_warm.json --json,/Users/dave/sources/cppmega.mlx/reports/raw/cppmega_1b_path_matrix_20260520_full_path_c_bwd_cells/fp8_adam8bit_path_c_warm.json,0,126.01758375001373
fp8_lion_path_b,fp8,lion,path_b,ok,lion,lion,Lion,cppmega_mlx.training.optimizers.LionFP32Moments,cppmega_mlx.training.optimizers.make_lion,20,4.086770625028294,9.913411500048824,223.186288487083,9.854241502164912,4.086770625028294,34.43092570081353,10.254438174888492,45.71610326226801,,"{""kernel_counts"": {""metal_kernel_fwd_v1"": 146, ""sparse_mla_fp8_reference_path_b"": 110}, ""op_kernel"": {""m2rnn"": ""metal_kernel_fwd_v1"", ""mamba3_mimo"": ""metal_kernel_fwd_v1"", ""sparse_mla"": ""sparse_mla_fp8_reference_path_b""}, ""path_c_fusion"": {""default_allowed"": false, ""implementation_kind"": ""production"", ""missing_real_abi_inputs"": [], ""mode"": ""off"", ""production_fragments_complete"": true, ""production_schedule_id"": ""path_c_descriptor_chain_c44eddb18abd"", ""real_abi_contract_complete"": true, ""schedule_blockers"": [""selected_model_schedule_not_default"", ""production_schedule_not_compile_verified"", ""production_1b_matrix_profile_missing""], ""schedule_contract_status"": ""untrusted_production_schedule"", ""schedule_name"": ""local_gb10_quarter_path_c_10_12:descriptor_generated_fwd_bwd"", ""schedule_status"": ""descriptor_codegen_production_untrusted"", ""single_kernel_fused"": false, ""status"": ""off""}, ""path_counts"": {""path_b"": 256}}","{""fp8_path_c_route_status"": ""not_requested"", ""kernel_surface_available"": true, ""path"": ""path_b"", ""path_c_fusion"": {""default_allowed"": false, ""implementation_kind"": ""production"", ""missing_real_abi_inputs"": [], ""mode"": ""off"", ""production_fragments_complete"": true, ""production_schedule_id"": ""path_c_descriptor_chain_c44eddb18abd"", ""real_abi_contract_complete"": true, ""schedule_blockers"": [""selected_model_schedule_not_default"", ""production_schedule_not_compile_verified"", ""production_1b_matrix_profile_missing""], ""schedule_contract_status"": ""untrusted_production_schedule"", ""schedule_name"": ""local_gb10_quarter_path_c_10_12:descriptor_generated_fwd_bwd"", ""schedule_status"": ""descriptor_codegen_production_untrusted"", ""single_kernel_fused"": false, ""status"": ""off""}, ""path_c_requested"": false, ""proof_source"": ""per-kernel runtime dispatch log plus Path C fusion planner metadata; fused schedule native compile is a separate compile receipt"", ""runtime_uses_fused_train_block"": false}",ok,f222b75,7f0e39f6,d168ca5ca,0.32.0.dev20260514+d168ca5ca,/Volumes/external/sources/nanochat/.venv/bin/python scripts/m04_train_step.py --model-profile local_gb10_quarter --data-path data/parquet_samples/gb10/clang_semantic_4k_v10/val_00000.parquet --data-format parquet --token-key token_ids --steps 20 --batch-size 1 --seq-len 2048 --dtype fp8_path_b --optimizer lion --optimizer-quant-scheme dynamic_int8_v1 --lr 1e-4 --grad-checkpoint --output /Users/dave/sources/cppmega.mlx/reports/raw/cppmega_1b_path_matrix_20260520_full_path_c_bwd_cells/fp8_lion_path_b.json --json,/Users/dave/sources/cppmega.mlx/reports/raw/cppmega_1b_path_matrix_20260520_full_path_c_bwd_cells/fp8_lion_path_b.json,0,255.45638291700743
fp8_lion_path_c_cold,fp8,lion,path_c_cold,ok,lion,lion,Lion,cppmega_mlx.training.optimizers.LionFP32Moments,cppmega_mlx.training.optimizers.make_lion,20,28.881208250008058,3.9630350419902243,484.30922038695644,4.081863269733731,28.881208250008058,56.167899320833385,10.254299126565456,0.0,False,"{""kernel_counts"": {""path_c_tilelang_dsl_fwd_path_b_bwd"": 110, ""path_c_tilelang_dsl_packed_post"": 36, ""tilelang_fp8_prepared_path_c_fwd"": 110}, ""op_kernel"": {""m2rnn"": ""path_c_tilelang_dsl_packed_post"", ""mamba3_mimo"": ""path_c_tilelang_dsl_fwd_path_b_bwd"", ""sparse_mla"": ""tilelang_fp8_prepared_path_c_fwd""}, ""path_c_fusion"": {""default_allowed"": false, ""implementation_kind"": ""production"", ""missing_real_abi_inputs"": [], ""mode"": ""off"", ""production_fragments_complete"": true, ""production_schedule_id"": ""path_c_descriptor_chain_c44eddb18abd"", ""real_abi_contract_complete"": true, ""schedule_blockers"": [""selected_model_schedule_not_default"", ""production_schedule_not_compile_verified"", ""production_1b_matrix_profile_missing""], ""schedule_contract_status"": ""untrusted_production_schedule"", ""schedule_name"": ""local_gb10_quarter_path_c_10_12:descriptor_generated_fwd_bwd"", ""schedule_status"": ""descriptor_codegen_production_untrusted"", ""single_kernel_fused"": false, ""status"": ""off""}, ""path_counts"": {""path_c"": 256}}","{""fp8_path_c_route_status"": ""m04_path_c_training_route_available"", ""kernel_surface_available"": true, ""path"": ""path_c_cold"", ""path_c_fusion"": {""default_allowed"": false, ""implementation_kind"": ""production"", ""missing_real_abi_inputs"": [], ""mode"": ""off"", ""production_fragments_complete"": true, ""production_schedule_id"": ""path_c_descriptor_chain_c44eddb18abd"", ""real_abi_contract_complete"": true, ""schedule_blockers"": [""selected_model_schedule_not_default"", ""production_schedule_not_compile_verified"", ""production_1b_matrix_profile_missing""], ""schedule_contract_status"": ""untrusted_production_schedule"", ""schedule_name"": ""local_gb10_quarter_path_c_10_12:descriptor_generated_fwd_bwd"", ""schedule_status"": ""descriptor_codegen_production_untrusted"", ""single_kernel_fused"": false, ""status"": ""off""}, ""path_c_requested"": true, ""proof_source"": ""per-kernel runtime dispatch log plus Path C fusion planner metadata; fused schedule native compile is a separate compile receipt"", ""runtime_uses_fused_train_block"": false}",ok,f222b75,7f0e39f6,d168ca5ca,0.32.0.dev20260514+d168ca5ca,/Volumes/external/sources/nanochat/.venv/bin/python scripts/m04_train_step.py --model-profile local_gb10_quarter --data-path data/parquet_samples/gb10/clang_semantic_4k_v10/val_00000.parquet --data-format parquet --token-key token_ids --steps 20 --batch-size 1 --seq-len 2048 --dtype fp8_path_c --optimizer lion --optimizer-quant-scheme dynamic_int8_v1 --lr 1e-4 --grad-checkpoint --output /Users/dave/sources/cppmega.mlx/reports/raw/cppmega_1b_path_matrix_20260520_full_path_c_bwd_cells/fp8_lion_path_c_cold.json --json,/Users/dave/sources/cppmega.mlx/reports/raw/cppmega_1b_path_matrix_20260520_full_path_c_bwd_cells/fp8_lion_path_c_cold.json,0,163.32627179200063
fp8_lion_path_c_warm,fp8,lion,path_c_warm,ok,lion,lion,Lion,cppmega_mlx.training.optimizers.LionFP32Moments,cppmega_mlx.training.optimizers.make_lion,20,14.767335665994324,4.2251064159790985,466.77689922898423,4.250842620572688,14.767335665994324,56.167899320833385,10.254299126565456,0.0,True,"{""kernel_counts"": {""path_c_tilelang_dsl_fwd_path_b_bwd"": 110, ""path_c_tilelang_dsl_packed_post"": 36, ""tilelang_fp8_prepared_path_c_fwd"": 110}, ""op_kernel"": {""m2rnn"": ""path_c_tilelang_dsl_packed_post"", ""mamba3_mimo"": ""path_c_tilelang_dsl_fwd_path_b_bwd"", ""sparse_mla"": ""tilelang_fp8_prepared_path_c_fwd""}, ""path_c_fusion"": {""default_allowed"": false, ""implementation_kind"": ""production"", ""missing_real_abi_inputs"": [], ""mode"": ""off"", ""production_fragments_complete"": true, ""production_schedule_id"": ""path_c_descriptor_chain_c44eddb18abd"", ""real_abi_contract_complete"": true, ""schedule_blockers"": [""selected_model_schedule_not_default"", ""production_schedule_not_compile_verified"", ""production_1b_matrix_profile_missing""], ""schedule_contract_status"": ""untrusted_production_schedule"", ""schedule_name"": ""local_gb10_quarter_path_c_10_12:descriptor_generated_fwd_bwd"", ""schedule_status"": ""descriptor_codegen_production_untrusted"", ""single_kernel_fused"": false, ""status"": ""off""}, ""path_counts"": {""path_c"": 256}}","{""fp8_path_c_route_status"": ""m04_path_c_training_route_available"", ""kernel_surface_available"": true, ""path"": ""path_c_warm"", ""path_c_fusion"": {""default_allowed"": false, ""implementation_kind"": ""production"", ""missing_real_abi_inputs"": [], ""mode"": ""off"", ""production_fragments_complete"": true, ""production_schedule_id"": ""path_c_descriptor_chain_c44eddb18abd"", ""real_abi_contract_complete"": true, ""schedule_blockers"": [""selected_model_schedule_not_default"", ""production_schedule_not_compile_verified"", ""production_1b_matrix_profile_missing""], ""schedule_contract_status"": ""untrusted_production_schedule"", ""schedule_name"": ""local_gb10_quarter_path_c_10_12:descriptor_generated_fwd_bwd"", ""schedule_status"": ""descriptor_codegen_production_untrusted"", ""single_kernel_fused"": false, ""status"": ""off""}, ""path_c_requested"": true, ""proof_source"": ""per-kernel runtime dispatch log plus Path C fusion planner metadata; fused schedule native compile is a separate compile receipt"", ""runtime_uses_fused_train_block"": false}",ok,f222b75,7f0e39f6,d168ca5ca,0.32.0.dev20260514+d168ca5ca,/Volumes/external/sources/nanochat/.venv/bin/python scripts/m04_train_step.py --model-profile local_gb10_quarter --data-path data/parquet_samples/gb10/clang_semantic_4k_v10/val_00000.parquet --data-format parquet --token-key token_ids --steps 20 --batch-size 1 --seq-len 2048 --dtype fp8_path_c --optimizer lion --optimizer-quant-scheme dynamic_int8_v1 --lr 1e-4 --grad-checkpoint --output /Users/dave/sources/cppmega.mlx/reports/raw/cppmega_1b_path_matrix_20260520_full_path_c_bwd_cells/fp8_lion_path_c_warm.json --json,/Users/dave/sources/cppmega.mlx/reports/raw/cppmega_1b_path_matrix_20260520_full_path_c_bwd_cells/fp8_lion_path_c_warm.json,0,153.13229799998226
fp8_lion8bit_path_b,fp8,lion8bit,path_b,ok,lion8bit,lion8bit,Lion8bit,cppmega_mlx.training.optimizers_quantized.Lion8bit,cppmega_mlx.training.optimizers_quantized.make_lion8bit,20,2.2559252079809085,2.009227041970007,1001.5676645690058,2.035176346430825,2.2559252079809085,20.13821480795741,5.157950039952993,35.029973562806845,,"{""kernel_counts"": {""metal_kernel_fwd_v1"": 146, ""sparse_mla_fp8_reference_path_b"": 110}, ""op_kernel"": {""m2rnn"": ""metal_kernel_fwd_v1"", ""mamba3_mimo"": ""metal_kernel_fwd_v1"", ""sparse_mla"": ""sparse_mla_fp8_reference_path_b""}, ""path_c_fusion"": {""default_allowed"": false, ""implementation_kind"": ""production"", ""missing_real_abi_inputs"": [], ""mode"": ""off"", ""production_fragments_complete"": true, ""production_schedule_id"": ""path_c_descriptor_chain_c44eddb18abd"", ""real_abi_contract_complete"": true, ""schedule_blockers"": [""selected_model_schedule_not_default"", ""production_schedule_not_compile_verified"", ""production_1b_matrix_profile_missing""], ""schedule_contract_status"": ""untrusted_production_schedule"", ""schedule_name"": ""local_gb10_quarter_path_c_10_12:descriptor_generated_fwd_bwd"", ""schedule_status"": ""descriptor_codegen_production_untrusted"", ""single_kernel_fused"": false, ""status"": ""off""}, ""path_counts"": {""path_b"": 256}}","{""fp8_path_c_route_status"": ""not_requested"", ""kernel_surface_available"": true, ""path"": ""path_b"", ""path_c_fusion"": {""default_allowed"": false, ""implementation_kind"": ""production"", ""missing_real_abi_inputs"": [], ""mode"": ""off"", ""production_fragments_complete"": true, ""production_schedule_id"": ""path_c_descriptor_chain_c44eddb18abd"", ""real_abi_contract_complete"": true, ""schedule_blockers"": [""selected_model_schedule_not_default"", ""production_schedule_not_compile_verified"", ""production_1b_matrix_profile_missing""], ""schedule_contract_status"": ""untrusted_production_schedule"", ""schedule_name"": ""local_gb10_quarter_path_c_10_12:descriptor_generated_fwd_bwd"", ""schedule_status"": ""descriptor_codegen_production_untrusted"", ""single_kernel_fused"": false, ""status"": ""off""}, ""path_c_requested"": false, ""proof_source"": ""per-kernel runtime dispatch log plus Path C fusion planner metadata; fused schedule native compile is a separate compile receipt"", ""runtime_uses_fused_train_block"": false}",ok,f222b75,7f0e39f6,d168ca5ca,0.32.0.dev20260514+d168ca5ca,/Volumes/external/sources/nanochat/.venv/bin/python scripts/m04_train_step.py --model-profile local_gb10_quarter --data-path data/parquet_samples/gb10/clang_semantic_4k_v10/val_00000.parquet --data-format parquet --token-key token_ids --steps 20 --batch-size 1 --seq-len 2048 --dtype fp8_path_b --optimizer lion8bit --optimizer-quant-scheme dynamic_int8_v1 --lr 1e-4 --grad-checkpoint --output /Users/dave/sources/cppmega.mlx/reports/raw/cppmega_1b_path_matrix_20260520_full_path_c_bwd_cells/fp8_lion8bit_path_b.json --json,/Users/dave/sources/cppmega.mlx/reports/raw/cppmega_1b_path_matrix_20260520_full_path_c_bwd_cells/fp8_lion8bit_path_b.json,0,103.78981245798059
fp8_lion8bit_path_c_cold,fp8,lion8bit,path_c_cold,ok,lion8bit,lion8bit,Lion8bit,cppmega_mlx.training.optimizers_quantized.Lion8bit,cppmega_mlx.training.optimizers_quantized.make_lion8bit,20,26.411079833982512,2.892077208030969,675.1122129386888,2.897306184213927,26.411079833982512,51.07137902919203,5.157778834924102,0.0,False,"{""kernel_counts"": {""path_c_tilelang_dsl_fwd_path_b_bwd"": 110, ""path_c_tilelang_dsl_packed_post"": 36, ""tilelang_fp8_prepared_path_c_fwd"": 110}, ""op_kernel"": {""m2rnn"": ""path_c_tilelang_dsl_packed_post"", ""mamba3_mimo"": ""path_c_tilelang_dsl_fwd_path_b_bwd"", ""sparse_mla"": ""tilelang_fp8_prepared_path_c_fwd""}, ""path_c_fusion"": {""default_allowed"": false, ""implementation_kind"": ""production"", ""missing_real_abi_inputs"": [], ""mode"": ""off"", ""production_fragments_complete"": true, ""production_schedule_id"": ""path_c_descriptor_chain_c44eddb18abd"", ""real_abi_contract_complete"": true, ""schedule_blockers"": [""selected_model_schedule_not_default"", ""production_schedule_not_compile_verified"", ""production_1b_matrix_profile_missing""], ""schedule_contract_status"": ""untrusted_production_schedule"", ""schedule_name"": ""local_gb10_quarter_path_c_10_12:descriptor_generated_fwd_bwd"", ""schedule_status"": ""descriptor_codegen_production_untrusted"", ""single_kernel_fused"": false, ""status"": ""off""}, ""path_counts"": {""path_c"": 256}}","{""fp8_path_c_route_status"": ""m04_path_c_training_route_available"", ""kernel_surface_available"": true, ""path"": ""path_c_cold"", ""path_c_fusion"": {""default_allowed"": false, ""implementation_kind"": ""production"", ""missing_real_abi_inputs"": [], ""mode"": ""off"", ""production_fragments_complete"": true, ""production_schedule_id"": ""path_c_descriptor_chain_c44eddb18abd"", ""real_abi_contract_complete"": true, ""schedule_blockers"": [""selected_model_schedule_not_default"", ""production_schedule_not_compile_verified"", ""production_1b_matrix_profile_missing""], ""schedule_contract_status"": ""untrusted_production_schedule"", ""schedule_name"": ""local_gb10_quarter_path_c_10_12:descriptor_generated_fwd_bwd"", ""schedule_status"": ""descriptor_codegen_production_untrusted"", ""single_kernel_fused"": false, ""status"": ""off""}, ""path_c_requested"": true, ""proof_source"": ""per-kernel runtime dispatch log plus Path C fusion planner metadata; fused schedule native compile is a separate compile receipt"", ""runtime_uses_fused_train_block"": false}",ok,f222b75,7f0e39f6,d168ca5ca,0.32.0.dev20260514+d168ca5ca,/Volumes/external/sources/nanochat/.venv/bin/python scripts/m04_train_step.py --model-profile local_gb10_quarter --data-path data/parquet_samples/gb10/clang_semantic_4k_v10/val_00000.parquet --data-format parquet --token-key token_ids --steps 20 --batch-size 1 --seq-len 2048 --dtype fp8_path_c --optimizer lion8bit --optimizer-quant-scheme dynamic_int8_v1 --lr 1e-4 --grad-checkpoint --output /Users/dave/sources/cppmega.mlx/reports/raw/cppmega_1b_path_matrix_20260520_full_path_c_bwd_cells/fp8_lion8bit_path_c_cold.json --json,/Users/dave/sources/cppmega.mlx/reports/raw/cppmega_1b_path_matrix_20260520_full_path_c_bwd_cells/fp8_lion8bit_path_c_cold.json,0,137.12320929201087
fp8_lion8bit_path_c_warm,fp8,lion8bit,path_c_warm,ok,lion8bit,lion8bit,Lion8bit,cppmega_mlx.training.optimizers_quantized.Lion8bit,cppmega_mlx.training.optimizers_quantized.make_lion8bit,20,12.355469791975338,2.951078082958702,666.6992061524818,2.953857796000145,12.355469791975338,51.07137902919203,5.157778834924102,0.0,True,"{""kernel_counts"": {""path_c_tilelang_dsl_fwd_path_b_bwd"": 110, ""path_c_tilelang_dsl_packed_post"": 36, ""tilelang_fp8_prepared_path_c_fwd"": 110}, ""op_kernel"": {""m2rnn"": ""path_c_tilelang_dsl_packed_post"", ""mamba3_mimo"": ""path_c_tilelang_dsl_fwd_path_b_bwd"", ""sparse_mla"": ""tilelang_fp8_prepared_path_c_fwd""}, ""path_c_fusion"": {""default_allowed"": false, ""implementation_kind"": ""production"", ""missing_real_abi_inputs"": [], ""mode"": ""off"", ""production_fragments_complete"": true, ""production_schedule_id"": ""path_c_descriptor_chain_c44eddb18abd"", ""real_abi_contract_complete"": true, ""schedule_blockers"": [""selected_model_schedule_not_default"", ""production_schedule_not_compile_verified"", ""production_1b_matrix_profile_missing""], ""schedule_contract_status"": ""untrusted_production_schedule"", ""schedule_name"": ""local_gb10_quarter_path_c_10_12:descriptor_generated_fwd_bwd"", ""schedule_status"": ""descriptor_codegen_production_untrusted"", ""single_kernel_fused"": false, ""status"": ""off""}, ""path_counts"": {""path_c"": 256}}","{""fp8_path_c_route_status"": ""m04_path_c_training_route_available"", ""kernel_surface_available"": true, ""path"": ""path_c_warm"", ""path_c_fusion"": {""default_allowed"": false, ""implementation_kind"": ""production"", ""missing_real_abi_inputs"": [], ""mode"": ""off"", ""production_fragments_complete"": true, ""production_schedule_id"": ""path_c_descriptor_chain_c44eddb18abd"", ""real_abi_contract_complete"": true, ""schedule_blockers"": [""selected_model_schedule_not_default"", ""production_schedule_not_compile_verified"", ""production_1b_matrix_profile_missing""], ""schedule_contract_status"": ""untrusted_production_schedule"", ""schedule_name"": ""local_gb10_quarter_path_c_10_12:descriptor_generated_fwd_bwd"", ""schedule_status"": ""descriptor_codegen_production_untrusted"", ""single_kernel_fused"": false, ""status"": ""off""}, ""path_c_requested"": true, ""proof_source"": ""per-kernel runtime dispatch log plus Path C fusion planner metadata; fused schedule native compile is a separate compile receipt"", ""runtime_uses_fused_train_block"": false}",ok,f222b75,7f0e39f6,d168ca5ca,0.32.0.dev20260514+d168ca5ca,/Volumes/external/sources/nanochat/.venv/bin/python scripts/m04_train_step.py --model-profile local_gb10_quarter --data-path data/parquet_samples/gb10/clang_semantic_4k_v10/val_00000.parquet --data-format parquet --token-key token_ids --steps 20 --batch-size 1 --seq-len 2048 --dtype fp8_path_c --optimizer lion8bit --optimizer-quant-scheme dynamic_int8_v1 --lr 1e-4 --grad-checkpoint --output /Users/dave/sources/cppmega.mlx/reports/raw/cppmega_1b_path_matrix_20260520_full_path_c_bwd_cells/fp8_lion8bit_path_c_warm.json --json,/Users/dave/sources/cppmega.mlx/reports/raw/cppmega_1b_path_matrix_20260520_full_path_c_bwd_cells/fp8_lion8bit_path_c_warm.json,0,125.062534583034
fp8_muon_path_b,fp8,muon,path_b,ok,muon,muon_adamw,MuonAdamW,cppmega_mlx.training.optimizers.MuonAdamWMulti,cppmega_mlx.training.optimizers.make_muon,20,8.630629291990772,11.832485958002508,178.05794013152908,11.721116302534938,8.630629291990772,25.508413590490818,12.06071763113141,40.80031528044492,,"{""kernel_counts"": {""metal_kernel_fwd_v1"": 146, ""sparse_mla_fp8_reference_path_b"": 110}, ""op_kernel"": {""m2rnn"": ""metal_kernel_fwd_v1"", ""mamba3_mimo"": ""metal_kernel_fwd_v1"", ""sparse_mla"": ""sparse_mla_fp8_reference_path_b""}, ""path_c_fusion"": {""default_allowed"": false, ""implementation_kind"": ""production"", ""missing_real_abi_inputs"": [], ""mode"": ""off"", ""production_fragments_complete"": true, ""production_schedule_id"": ""path_c_descriptor_chain_c44eddb18abd"", ""real_abi_contract_complete"": true, ""schedule_blockers"": [""selected_model_schedule_not_default"", ""production_schedule_not_compile_verified"", ""production_1b_matrix_profile_missing""], ""schedule_contract_status"": ""untrusted_production_schedule"", ""schedule_name"": ""local_gb10_quarter_path_c_10_12:descriptor_generated_fwd_bwd"", ""schedule_status"": ""descriptor_codegen_production_untrusted"", ""single_kernel_fused"": false, ""status"": ""off""}, ""path_counts"": {""path_b"": 256}}","{""fp8_path_c_route_status"": ""not_requested"", ""kernel_surface_available"": true, ""path"": ""path_b"", ""path_c_fusion"": {""default_allowed"": false, ""implementation_kind"": ""production"", ""missing_real_abi_inputs"": [], ""mode"": ""off"", ""production_fragments_complete"": true, ""production_schedule_id"": ""path_c_descriptor_chain_c44eddb18abd"", ""real_abi_contract_complete"": true, ""schedule_blockers"": [""selected_model_schedule_not_default"", ""production_schedule_not_compile_verified"", ""production_1b_matrix_profile_missing""], ""schedule_contract_status"": ""untrusted_production_schedule"", ""schedule_name"": ""local_gb10_quarter_path_c_10_12:descriptor_generated_fwd_bwd"", ""schedule_status"": ""descriptor_codegen_production_untrusted"", ""single_kernel_fused"": false, ""status"": ""off""}, ""path_c_requested"": false, ""proof_source"": ""per-kernel runtime dispatch log plus Path C fusion planner metadata; fused schedule native compile is a separate compile receipt"", ""runtime_uses_fused_train_block"": false}",ok,f222b75,7f0e39f6,d168ca5ca,0.32.0.dev20260514+d168ca5ca,/Volumes/external/sources/nanochat/.venv/bin/python scripts/m04_train_step.py --model-profile local_gb10_quarter --data-path data/parquet_samples/gb10/clang_semantic_4k_v10/val_00000.parquet --data-format parquet --token-key token_ids --steps 20 --batch-size 1 --seq-len 2048 --dtype fp8_path_b --optimizer muon --optimizer-quant-scheme dynamic_int8_v1 --lr 1e-4 --grad-checkpoint --output /Users/dave/sources/cppmega.mlx/reports/raw/cppmega_1b_path_matrix_20260520_full_path_c_bwd_cells/fp8_muon_path_b.json --json,/Users/dave/sources/cppmega.mlx/reports/raw/cppmega_1b_path_matrix_20260520_full_path_c_bwd_cells/fp8_muon_path_b.json,0,294.1699136670213
fp8_muon_path_c_cold,fp8,muon,path_c_cold,ok,muon,muon_adamw,MuonAdamW,cppmega_mlx.training.optimizers.MuonAdamWMulti,cppmega_mlx.training.optimizers.make_muon,20,35.88166437501786,10.338110624987166,191.52181273945945,10.31635307878452,35.88166437501786,57.97428298648447,12.06068279221654,0.0,False,"{""kernel_counts"": {""path_c_tilelang_dsl_fwd_path_b_bwd"": 110, ""path_c_tilelang_dsl_packed_post"": 36, ""tilelang_fp8_prepared_path_c_fwd"": 110}, ""op_kernel"": {""m2rnn"": ""path_c_tilelang_dsl_packed_post"", ""mamba3_mimo"": ""path_c_tilelang_dsl_fwd_path_b_bwd"", ""sparse_mla"": ""tilelang_fp8_prepared_path_c_fwd""}, ""path_c_fusion"": {""default_allowed"": false, ""implementation_kind"": ""production"", ""missing_real_abi_inputs"": [], ""mode"": ""off"", ""production_fragments_complete"": true, ""production_schedule_id"": ""path_c_descriptor_chain_c44eddb18abd"", ""real_abi_contract_complete"": true, ""schedule_blockers"": [""selected_model_schedule_not_default"", ""production_schedule_not_compile_verified"", ""production_1b_matrix_profile_missing""], ""schedule_contract_status"": ""untrusted_production_schedule"", ""schedule_name"": ""local_gb10_quarter_path_c_10_12:descriptor_generated_fwd_bwd"", ""schedule_status"": ""descriptor_codegen_production_untrusted"", ""single_kernel_fused"": false, ""status"": ""off""}, ""path_counts"": {""path_c"": 256}}","{""fp8_path_c_route_status"": ""m04_path_c_training_route_available"", ""kernel_surface_available"": true, ""path"": ""path_c_cold"", ""path_c_fusion"": {""default_allowed"": false, ""implementation_kind"": ""production"", ""missing_real_abi_inputs"": [], ""mode"": ""off"", ""production_fragments_complete"": true, ""production_schedule_id"": ""path_c_descriptor_chain_c44eddb18abd"", ""real_abi_contract_complete"": true, ""schedule_blockers"": [""selected_model_schedule_not_default"", ""production_schedule_not_compile_verified"", ""production_1b_matrix_profile_missing""], ""schedule_contract_status"": ""untrusted_production_schedule"", ""schedule_name"": ""local_gb10_quarter_path_c_10_12:descriptor_generated_fwd_bwd"", ""schedule_status"": ""descriptor_codegen_production_untrusted"", ""single_kernel_fused"": false, ""status"": ""off""}, ""path_c_requested"": true, ""proof_source"": ""per-kernel runtime dispatch log plus Path C fusion planner metadata; fused schedule native compile is a separate compile receipt"", ""runtime_uses_fused_train_block"": false}",ok,f222b75,7f0e39f6,d168ca5ca,0.32.0.dev20260514+d168ca5ca,/Volumes/external/sources/nanochat/.venv/bin/python scripts/m04_train_step.py --model-profile local_gb10_quarter --data-path data/parquet_samples/gb10/clang_semantic_4k_v10/val_00000.parquet --data-format parquet --token-key token_ids --steps 20 --batch-size 1 --seq-len 2048 --dtype fp8_path_c --optimizer muon --optimizer-quant-scheme dynamic_int8_v1 --lr 1e-4 --grad-checkpoint --output /Users/dave/sources/cppmega.mlx/reports/raw/cppmega_1b_path_matrix_20260520_full_path_c_bwd_cells/fp8_muon_path_c_cold.json --json,/Users/dave/sources/cppmega.mlx/reports/raw/cppmega_1b_path_matrix_20260520_full_path_c_bwd_cells/fp8_muon_path_c_cold.json,0,289.1803822920192
fp8_muon_path_c_warm,fp8,muon,path_c_warm,ok,muon,muon_adamw,MuonAdamW,cppmega_mlx.training.optimizers.MuonAdamWMulti,cppmega_mlx.training.optimizers.make_muon,20,22.32502258295426,10.248917624994647,195.80637605221597,10.183835736947673,22.32502258295426,57.97428298648447,12.06068279221654,0.0,True,"{""kernel_counts"": {""path_c_tilelang_dsl_fwd_path_b_bwd"": 110, ""path_c_tilelang_dsl_packed_post"": 36, ""tilelang_fp8_prepared_path_c_fwd"": 110}, ""op_kernel"": {""m2rnn"": ""path_c_tilelang_dsl_packed_post"", ""mamba3_mimo"": ""path_c_tilelang_dsl_fwd_path_b_bwd"", ""sparse_mla"": ""tilelang_fp8_prepared_path_c_fwd""}, ""path_c_fusion"": {""default_allowed"": false, ""implementation_kind"": ""production"", ""missing_real_abi_inputs"": [], ""mode"": ""off"", ""production_fragments_complete"": true, ""production_schedule_id"": ""path_c_descriptor_chain_c44eddb18abd"", ""real_abi_contract_complete"": true, ""schedule_blockers"": [""selected_model_schedule_not_default"", ""production_schedule_not_compile_verified"", ""production_1b_matrix_profile_missing""], ""schedule_contract_status"": ""untrusted_production_schedule"", ""schedule_name"": ""local_gb10_quarter_path_c_10_12:descriptor_generated_fwd_bwd"", ""schedule_status"": ""descriptor_codegen_production_untrusted"", ""single_kernel_fused"": false, ""status"": ""off""}, ""path_counts"": {""path_c"": 256}}","{""fp8_path_c_route_status"": ""m04_path_c_training_route_available"", ""kernel_surface_available"": true, ""path"": ""path_c_warm"", ""path_c_fusion"": {""default_allowed"": false, ""implementation_kind"": ""production"", ""missing_real_abi_inputs"": [], ""mode"": ""off"", ""production_fragments_complete"": true, ""production_schedule_id"": ""path_c_descriptor_chain_c44eddb18abd"", ""real_abi_contract_complete"": true, ""schedule_blockers"": [""selected_model_schedule_not_default"", ""production_schedule_not_compile_verified"", ""production_1b_matrix_profile_missing""], ""schedule_contract_status"": ""untrusted_production_schedule"", ""schedule_name"": ""local_gb10_quarter_path_c_10_12:descriptor_generated_fwd_bwd"", ""schedule_status"": ""descriptor_codegen_production_untrusted"", ""single_kernel_fused"": false, ""status"": ""off""}, ""path_c_requested"": true, ""proof_source"": ""per-kernel runtime dispatch log plus Path C fusion planner metadata; fused schedule native compile is a separate compile receipt"", ""runtime_uses_fused_train_block"": false}",ok,f222b75,7f0e39f6,d168ca5ca,0.32.0.dev20260514+d168ca5ca,/Volumes/external/sources/nanochat/.venv/bin/python scripts/m04_train_step.py --model-profile local_gb10_quarter --data-path data/parquet_samples/gb10/clang_semantic_4k_v10/val_00000.parquet --data-format parquet --token-key token_ids --steps 20 --batch-size 1 --seq-len 2048 --dtype fp8_path_c --optimizer muon --optimizer-quant-scheme dynamic_int8_v1 --lr 1e-4 --grad-checkpoint --output /Users/dave/sources/cppmega.mlx/reports/raw/cppmega_1b_path_matrix_20260520_full_path_c_bwd_cells/fp8_muon_path_c_warm.json --json,/Users/dave/sources/cppmega.mlx/reports/raw/cppmega_1b_path_matrix_20260520_full_path_c_bwd_cells/fp8_muon_path_c_warm.json,0,274.54299579100916
fp8_muon_adamw_path_b,fp8,muon_adamw,path_b,ok,muon_adamw,muon_adamw,MuonAdamW,cppmega_mlx.training.optimizers.MuonAdamWMulti,cppmega_mlx.training.optimizers.make_muon,20,8.573428833973594,12.022831666981801,174.81407901540047,11.959676774099199,8.573428833973594,25.508413590490818,12.06071763113141,40.80031528044492,,"{""kernel_counts"": {""metal_kernel_fwd_v1"": 146, ""sparse_mla_fp8_reference_path_b"": 110}, ""op_kernel"": {""m2rnn"": ""metal_kernel_fwd_v1"", ""mamba3_mimo"": ""metal_kernel_fwd_v1"", ""sparse_mla"": ""sparse_mla_fp8_reference_path_b""}, ""path_c_fusion"": {""default_allowed"": false, ""implementation_kind"": ""production"", ""missing_real_abi_inputs"": [], ""mode"": ""off"", ""production_fragments_complete"": true, ""production_schedule_id"": ""path_c_descriptor_chain_c44eddb18abd"", ""real_abi_contract_complete"": true, ""schedule_blockers"": [""selected_model_schedule_not_default"", ""production_schedule_not_compile_verified"", ""production_1b_matrix_profile_missing""], ""schedule_contract_status"": ""untrusted_production_schedule"", ""schedule_name"": ""local_gb10_quarter_path_c_10_12:descriptor_generated_fwd_bwd"", ""schedule_status"": ""descriptor_codegen_production_untrusted"", ""single_kernel_fused"": false, ""status"": ""off""}, ""path_counts"": {""path_b"": 256}}","{""fp8_path_c_route_status"": ""not_requested"", ""kernel_surface_available"": true, ""path"": ""path_b"", ""path_c_fusion"": {""default_allowed"": false, ""implementation_kind"": ""production"", ""missing_real_abi_inputs"": [], ""mode"": ""off"", ""production_fragments_complete"": true, ""production_schedule_id"": ""path_c_descriptor_chain_c44eddb18abd"", ""real_abi_contract_complete"": true, ""schedule_blockers"": [""selected_model_schedule_not_default"", ""production_schedule_not_compile_verified"", ""production_1b_matrix_profile_missing""], ""schedule_contract_status"": ""untrusted_production_schedule"", ""schedule_name"": ""local_gb10_quarter_path_c_10_12:descriptor_generated_fwd_bwd"", ""schedule_status"": ""descriptor_codegen_production_untrusted"", ""single_kernel_fused"": false, ""status"": ""off""}, ""path_c_requested"": false, ""proof_source"": ""per-kernel runtime dispatch log plus Path C fusion planner metadata; fused schedule native compile is a separate compile receipt"", ""runtime_uses_fused_train_block"": false}",ok,f222b75,7f0e39f6,d168ca5ca,0.32.0.dev20260514+d168ca5ca,/Volumes/external/sources/nanochat/.venv/bin/python scripts/m04_train_step.py --model-profile local_gb10_quarter --data-path data/parquet_samples/gb10/clang_semantic_4k_v10/val_00000.parquet --data-format parquet --token-key token_ids --steps 20 --batch-size 1 --seq-len 2048 --dtype fp8_path_b --optimizer muon_adamw --optimizer-quant-scheme dynamic_int8_v1 --lr 1e-4 --grad-checkpoint --output /Users/dave/sources/cppmega.mlx/reports/raw/cppmega_1b_path_matrix_20260520_full_path_c_bwd_cells/fp8_muon_adamw_path_b.json --json,/Users/dave/sources/cppmega.mlx/reports/raw/cppmega_1b_path_matrix_20260520_full_path_c_bwd_cells/fp8_muon_adamw_path_b.json,0,300.4118537500035
fp8_muon_adamw_path_c_cold,fp8,muon_adamw,path_c_cold,ok,muon_adamw,muon_adamw,MuonAdamW,cppmega_mlx.training.optimizers.MuonAdamWMulti,cppmega_mlx.training.optimizers.make_muon,20,36.09050670900615,10.214100041019265,192.68268590619104,10.24793445616409,36.09050670900615,57.97428298648447,12.06068279221654,0.0,False,"{""kernel_counts"": {""path_c_tilelang_dsl_fwd_path_b_bwd"": 110, ""path_c_tilelang_dsl_packed_post"": 36, ""tilelang_fp8_prepared_path_c_fwd"": 110}, ""op_kernel"": {""m2rnn"": ""path_c_tilelang_dsl_packed_post"", ""mamba3_mimo"": ""path_c_tilelang_dsl_fwd_path_b_bwd"", ""sparse_mla"": ""tilelang_fp8_prepared_path_c_fwd""}, ""path_c_fusion"": {""default_allowed"": false, ""implementation_kind"": ""production"", ""missing_real_abi_inputs"": [], ""mode"": ""off"", ""production_fragments_complete"": true, ""production_schedule_id"": ""path_c_descriptor_chain_c44eddb18abd"", ""real_abi_contract_complete"": true, ""schedule_blockers"": [""selected_model_schedule_not_default"", ""production_schedule_not_compile_verified"", ""production_1b_matrix_profile_missing""], ""schedule_contract_status"": ""untrusted_production_schedule"", ""schedule_name"": ""local_gb10_quarter_path_c_10_12:descriptor_generated_fwd_bwd"", ""schedule_status"": ""descriptor_codegen_production_untrusted"", ""single_kernel_fused"": false, ""status"": ""off""}, ""path_counts"": {""path_c"": 256}}","{""fp8_path_c_route_status"": ""m04_path_c_training_route_available"", ""kernel_surface_available"": true, ""path"": ""path_c_cold"", ""path_c_fusion"": {""default_allowed"": false, ""implementation_kind"": ""production"", ""missing_real_abi_inputs"": [], ""mode"": ""off"", ""production_fragments_complete"": true, ""production_schedule_id"": ""path_c_descriptor_chain_c44eddb18abd"", ""real_abi_contract_complete"": true, ""schedule_blockers"": [""selected_model_schedule_not_default"", ""production_schedule_not_compile_verified"", ""production_1b_matrix_profile_missing""], ""schedule_contract_status"": ""untrusted_production_schedule"", ""schedule_name"": ""local_gb10_quarter_path_c_10_12:descriptor_generated_fwd_bwd"", ""schedule_status"": ""descriptor_codegen_production_untrusted"", ""single_kernel_fused"": false, ""status"": ""off""}, ""path_c_requested"": true, ""proof_source"": ""per-kernel runtime dispatch log plus Path C fusion planner metadata; fused schedule native compile is a separate compile receipt"", ""runtime_uses_fused_train_block"": false}",ok,f222b75,7f0e39f6,d168ca5ca,0.32.0.dev20260514+d168ca5ca,/Volumes/external/sources/nanochat/.venv/bin/python scripts/m04_train_step.py --model-profile local_gb10_quarter --data-path data/parquet_samples/gb10/clang_semantic_4k_v10/val_00000.parquet --data-format parquet --token-key token_ids --steps 20 --batch-size 1 --seq-len 2048 --dtype fp8_path_c --optimizer muon_adamw --optimizer-quant-scheme dynamic_int8_v1 --lr 1e-4 --grad-checkpoint --output /Users/dave/sources/cppmega.mlx/reports/raw/cppmega_1b_path_matrix_20260520_full_path_c_bwd_cells/fp8_muon_adamw_path_c_cold.json --json,/Users/dave/sources/cppmega.mlx/reports/raw/cppmega_1b_path_matrix_20260520_full_path_c_bwd_cells/fp8_muon_adamw_path_c_cold.json,0,289.37196383299306
fp8_muon_adamw_path_c_warm,fp8,muon_adamw,path_c_warm,ok,muon_adamw,muon_adamw,MuonAdamW,cppmega_mlx.training.optimizers.MuonAdamWMulti,cppmega_mlx.training.optimizers.make_muon,20,21.626621582952794,10.349391249998007,194.8530177434861,10.240826296157474,21.626621582952794,57.97428298648447,12.06068279221654,0.0,True,"{""kernel_counts"": {""path_c_tilelang_dsl_fwd_path_b_bwd"": 110, ""path_c_tilelang_dsl_packed_post"": 36, ""tilelang_fp8_prepared_path_c_fwd"": 110}, ""op_kernel"": {""m2rnn"": ""path_c_tilelang_dsl_packed_post"", ""mamba3_mimo"": ""path_c_tilelang_dsl_fwd_path_b_bwd"", ""sparse_mla"": ""tilelang_fp8_prepared_path_c_fwd""}, ""path_c_fusion"": {""default_allowed"": false, ""implementation_kind"": ""production"", ""missing_real_abi_inputs"": [], ""mode"": ""off"", ""production_fragments_complete"": true, ""production_schedule_id"": ""path_c_descriptor_chain_c44eddb18abd"", ""real_abi_contract_complete"": true, ""schedule_blockers"": [""selected_model_schedule_not_default"", ""production_schedule_not_compile_verified"", ""production_1b_matrix_profile_missing""], ""schedule_contract_status"": ""untrusted_production_schedule"", ""schedule_name"": ""local_gb10_quarter_path_c_10_12:descriptor_generated_fwd_bwd"", ""schedule_status"": ""descriptor_codegen_production_untrusted"", ""single_kernel_fused"": false, ""status"": ""off""}, ""path_counts"": {""path_c"": 256}}","{""fp8_path_c_route_status"": ""m04_path_c_training_route_available"", ""kernel_surface_available"": true, ""path"": ""path_c_warm"", ""path_c_fusion"": {""default_allowed"": false, ""implementation_kind"": ""production"", ""missing_real_abi_inputs"": [], ""mode"": ""off"", ""production_fragments_complete"": true, ""production_schedule_id"": ""path_c_descriptor_chain_c44eddb18abd"", ""real_abi_contract_complete"": true, ""schedule_blockers"": [""selected_model_schedule_not_default"", ""production_schedule_not_compile_verified"", ""production_1b_matrix_profile_missing""], ""schedule_contract_status"": ""untrusted_production_schedule"", ""schedule_name"": ""local_gb10_quarter_path_c_10_12:descriptor_generated_fwd_bwd"", ""schedule_status"": ""descriptor_codegen_production_untrusted"", ""single_kernel_fused"": false, ""status"": ""off""}, ""path_c_requested"": true, ""proof_source"": ""per-kernel runtime dispatch log plus Path C fusion planner metadata; fused schedule native compile is a separate compile receipt"", ""runtime_uses_fused_train_block"": false}",ok,f222b75,7f0e39f6,d168ca5ca,0.32.0.dev20260514+d168ca5ca,/Volumes/external/sources/nanochat/.venv/bin/python scripts/m04_train_step.py --model-profile local_gb10_quarter --data-path data/parquet_samples/gb10/clang_semantic_4k_v10/val_00000.parquet --data-format parquet --token-key token_ids --steps 20 --batch-size 1 --seq-len 2048 --dtype fp8_path_c --optimizer muon_adamw --optimizer-quant-scheme dynamic_int8_v1 --lr 1e-4 --grad-checkpoint --output /Users/dave/sources/cppmega.mlx/reports/raw/cppmega_1b_path_matrix_20260520_full_path_c_bwd_cells/fp8_muon_adamw_path_c_warm.json --json,/Users/dave/sources/cppmega.mlx/reports/raw/cppmega_1b_path_matrix_20260520_full_path_c_bwd_cells/fp8_muon_adamw_path_c_warm.json,0,273.8562902919948
fp8_muon_int8_path_b,fp8,muon_int8,path_b,ok,int8,int8,MuonAdamWInt8,cppmega_mlx.training.optimizers.MuonAdamWMulti,cppmega_mlx.training.optimizers.make_muon(int8_state),20,10.089374874951318,11.667788791004568,176.60397255417402,11.712469361894028,10.089374874951318,19.064883343875408,5.617054607719183,45.36307862307876,,"{""kernel_counts"": {""metal_kernel_fwd_v1"": 146, ""sparse_mla_fp8_reference_path_b"": 110}, ""op_kernel"": {""m2rnn"": ""metal_kernel_fwd_v1"", ""mamba3_mimo"": ""metal_kernel_fwd_v1"", ""sparse_mla"": ""sparse_mla_fp8_reference_path_b""}, ""path_c_fusion"": {""default_allowed"": false, ""implementation_kind"": ""production"", ""missing_real_abi_inputs"": [], ""mode"": ""off"", ""production_fragments_complete"": true, ""production_schedule_id"": ""path_c_descriptor_chain_c44eddb18abd"", ""real_abi_contract_complete"": true, ""schedule_blockers"": [""selected_model_schedule_not_default"", ""production_schedule_not_compile_verified"", ""production_1b_matrix_profile_missing""], ""schedule_contract_status"": ""untrusted_production_schedule"", ""schedule_name"": ""local_gb10_quarter_path_c_10_12:descriptor_generated_fwd_bwd"", ""schedule_status"": ""descriptor_codegen_production_untrusted"", ""single_kernel_fused"": false, ""status"": ""off""}, ""path_counts"": {""path_b"": 256}}","{""fp8_path_c_route_status"": ""not_requested"", ""kernel_surface_available"": true, ""path"": ""path_b"", ""path_c_fusion"": {""default_allowed"": false, ""implementation_kind"": ""production"", ""missing_real_abi_inputs"": [], ""mode"": ""off"", ""production_fragments_complete"": true, ""production_schedule_id"": ""path_c_descriptor_chain_c44eddb18abd"", ""real_abi_contract_complete"": true, ""schedule_blockers"": [""selected_model_schedule_not_default"", ""production_schedule_not_compile_verified"", ""production_1b_matrix_profile_missing""], ""schedule_contract_status"": ""untrusted_production_schedule"", ""schedule_name"": ""local_gb10_quarter_path_c_10_12:descriptor_generated_fwd_bwd"", ""schedule_status"": ""descriptor_codegen_production_untrusted"", ""single_kernel_fused"": false, ""status"": ""off""}, ""path_c_requested"": false, ""proof_source"": ""per-kernel runtime dispatch log plus Path C fusion planner metadata; fused schedule native compile is a separate compile receipt"", ""runtime_uses_fused_train_block"": false}",ok,f222b75,7f0e39f6,d168ca5ca,0.32.0.dev20260514+d168ca5ca,/Volumes/external/sources/nanochat/.venv/bin/python scripts/m04_train_step.py --model-profile local_gb10_quarter --data-path data/parquet_samples/gb10/clang_semantic_4k_v10/val_00000.parquet --data-format parquet --token-key token_ids --steps 20 --batch-size 1 --seq-len 2048 --dtype fp8_path_b --optimizer int8 --optimizer-quant-scheme dynamic_int8_v1 --lr 1e-4 --grad-checkpoint --output /Users/dave/sources/cppmega.mlx/reports/raw/cppmega_1b_path_matrix_20260520_full_path_c_bwd_cells/fp8_muon_int8_path_b.json --json,/Users/dave/sources/cppmega.mlx/reports/raw/cppmega_1b_path_matrix_20260520_full_path_c_bwd_cells/fp8_muon_int8_path_b.json,0,297.6618021669565
fp8_muon_int8_path_c_cold,fp8,muon_int8,path_c_cold,ok,int8,int8,MuonAdamWInt8,cppmega_mlx.training.optimizers.MuonAdamWMulti,cppmega_mlx.training.optimizers.make_muon(int8_state),20,36.890366874984466,12.91915999999037,153.38372229508315,12.912062646995764,36.890366874984466,51.53049861546606,5.61689842119813,0.0,False,"{""kernel_counts"": {""path_c_tilelang_dsl_fwd_path_b_bwd"": 110, ""path_c_tilelang_dsl_packed_post"": 36, ""tilelang_fp8_prepared_path_c_fwd"": 110}, ""op_kernel"": {""m2rnn"": ""path_c_tilelang_dsl_packed_post"", ""mamba3_mimo"": ""path_c_tilelang_dsl_fwd_path_b_bwd"", ""sparse_mla"": ""tilelang_fp8_prepared_path_c_fwd""}, ""path_c_fusion"": {""default_allowed"": false, ""implementation_kind"": ""production"", ""missing_real_abi_inputs"": [], ""mode"": ""off"", ""production_fragments_complete"": true, ""production_schedule_id"": ""path_c_descriptor_chain_c44eddb18abd"", ""real_abi_contract_complete"": true, ""schedule_blockers"": [""selected_model_schedule_not_default"", ""production_schedule_not_compile_verified"", ""production_1b_matrix_profile_missing""], ""schedule_contract_status"": ""untrusted_production_schedule"", ""schedule_name"": ""local_gb10_quarter_path_c_10_12:descriptor_generated_fwd_bwd"", ""schedule_status"": ""descriptor_codegen_production_untrusted"", ""single_kernel_fused"": false, ""status"": ""off""}, ""path_counts"": {""path_c"": 256}}","{""fp8_path_c_route_status"": ""m04_path_c_training_route_available"", ""kernel_surface_available"": true, ""path"": ""path_c_cold"", ""path_c_fusion"": {""default_allowed"": false, ""implementation_kind"": ""production"", ""missing_real_abi_inputs"": [], ""mode"": ""off"", ""production_fragments_complete"": true, ""production_schedule_id"": ""path_c_descriptor_chain_c44eddb18abd"", ""real_abi_contract_complete"": true, ""schedule_blockers"": [""selected_model_schedule_not_default"", ""production_schedule_not_compile_verified"", ""production_1b_matrix_profile_missing""], ""schedule_contract_status"": ""untrusted_production_schedule"", ""schedule_name"": ""local_gb10_quarter_path_c_10_12:descriptor_generated_fwd_bwd"", ""schedule_status"": ""descriptor_codegen_production_untrusted"", ""single_kernel_fused"": false, ""status"": ""off""}, ""path_c_requested"": true, ""proof_source"": ""per-kernel runtime dispatch log plus Path C fusion planner metadata; fused schedule native compile is a separate compile receipt"", ""runtime_uses_fused_train_block"": false}",ok,f222b75,7f0e39f6,d168ca5ca,0.32.0.dev20260514+d168ca5ca,/Volumes/external/sources/nanochat/.venv/bin/python scripts/m04_train_step.py --model-profile local_gb10_quarter --data-path data/parquet_samples/gb10/clang_semantic_4k_v10/val_00000.parquet --data-format parquet --token-key token_ids --steps 20 --batch-size 1 --seq-len 2048 --dtype fp8_path_c --optimizer int8 --optimizer-quant-scheme dynamic_int8_v1 --lr 1e-4 --grad-checkpoint --output /Users/dave/sources/cppmega.mlx/reports/raw/cppmega_1b_path_matrix_20260520_full_path_c_bwd_cells/fp8_muon_int8_path_c_cold.json --json,/Users/dave/sources/cppmega.mlx/reports/raw/cppmega_1b_path_matrix_20260520_full_path_c_bwd_cells/fp8_muon_int8_path_c_cold.json,0,340.726518499956
fp8_muon_int8_path_c_warm,fp8,muon_int8,path_c_warm,ok,int8,int8,MuonAdamWInt8,cppmega_mlx.training.optimizers.MuonAdamWMulti,cppmega_mlx.training.optimizers.make_muon(int8_state),20,22.758887583040632,12.97897237498546,154.3102911850687,12.980634028517862,22.758887583040632,51.53049861546606,5.61689842119813,0.0,True,"{""kernel_counts"": {""path_c_tilelang_dsl_fwd_path_b_bwd"": 110, ""path_c_tilelang_dsl_packed_post"": 36, ""tilelang_fp8_prepared_path_c_fwd"": 110}, ""op_kernel"": {""m2rnn"": ""path_c_tilelang_dsl_packed_post"", ""mamba3_mimo"": ""path_c_tilelang_dsl_fwd_path_b_bwd"", ""sparse_mla"": ""tilelang_fp8_prepared_path_c_fwd""}, ""path_c_fusion"": {""default_allowed"": false, ""implementation_kind"": ""production"", ""missing_real_abi_inputs"": [], ""mode"": ""off"", ""production_fragments_complete"": true, ""production_schedule_id"": ""path_c_descriptor_chain_c44eddb18abd"", ""real_abi_contract_complete"": true, ""schedule_blockers"": [""selected_model_schedule_not_default"", ""production_schedule_not_compile_verified"", ""production_1b_matrix_profile_missing""], ""schedule_contract_status"": ""untrusted_production_schedule"", ""schedule_name"": ""local_gb10_quarter_path_c_10_12:descriptor_generated_fwd_bwd"", ""schedule_status"": ""descriptor_codegen_production_untrusted"", ""single_kernel_fused"": false, ""status"": ""off""}, ""path_counts"": {""path_c"": 256}}","{""fp8_path_c_route_status"": ""m04_path_c_training_route_available"", ""kernel_surface_available"": true, ""path"": ""path_c_warm"", ""path_c_fusion"": {""default_allowed"": false, ""implementation_kind"": ""production"", ""missing_real_abi_inputs"": [], ""mode"": ""off"", ""production_fragments_complete"": true, ""production_schedule_id"": ""path_c_descriptor_chain_c44eddb18abd"", ""real_abi_contract_complete"": true, ""schedule_blockers"": [""selected_model_schedule_not_default"", ""production_schedule_not_compile_verified"", ""production_1b_matrix_profile_missing""], ""schedule_contract_status"": ""untrusted_production_schedule"", ""schedule_name"": ""local_gb10_quarter_path_c_10_12:descriptor_generated_fwd_bwd"", ""schedule_status"": ""descriptor_codegen_production_untrusted"", ""single_kernel_fused"": false, ""status"": ""off""}, ""path_c_requested"": true, ""proof_source"": ""per-kernel runtime dispatch log plus Path C fusion planner metadata; fused schedule native compile is a separate compile receipt"", ""runtime_uses_fused_train_block"": false}",ok,f222b75,7f0e39f6,d168ca5ca,0.32.0.dev20260514+d168ca5ca,/Volumes/external/sources/nanochat/.venv/bin/python scripts/m04_train_step.py --model-profile local_gb10_quarter --data-path data/parquet_samples/gb10/clang_semantic_4k_v10/val_00000.parquet --data-format parquet --token-key token_ids --steps 20 --batch-size 1 --seq-len 2048 --dtype fp8_path_c --optimizer int8 --optimizer-quant-scheme dynamic_int8_v1 --lr 1e-4 --grad-checkpoint --output /Users/dave/sources/cppmega.mlx/reports/raw/cppmega_1b_path_matrix_20260520_full_path_c_bwd_cells/fp8_muon_int8_path_c_warm.json --json,/Users/dave/sources/cppmega.mlx/reports/raw/cppmega_1b_path_matrix_20260520_full_path_c_bwd_cells/fp8_muon_int8_path_c_warm.json,0,327.3942482919665
