{
  "schema_version": 1,
  "scope": "local_only",
  "kernel": "mamba3_mimo_path_c_vs_path_b",
  "hardware_label": "Davids-Mac-Studio.local",
  "platform": {
    "system": "Darwin",
    "machine": "arm64",
    "python_version": "3.13.12",
    "mlx_version": "0.31.1",
    "tilelang_version": "0.1.9+gita69d6df7"
  },
  "shape": {
    "batch": 2,
    "seq": 128,
    "heads": 4,
    "headdim": 32,
    "state": 64,
    "dtype": "float32"
  },
  "parity": {
    "y_max_abs": 0.0,
    "h_max_abs": 0.0
  },
  "timings": {
    "fwd_path_b": {
      "label": "fwd_path_b",
      "mean_ms": 0.6237783376127481,
      "median_ms": 0.5545414751395583,
      "min_ms": 0.47370814718306065,
      "max_ms": 0.9534580167382956,
      "iters": 50,
      "warmup": 10
    },
    "fwd_path_c": {
      "label": "fwd_path_c",
      "mean_ms": 0.46924753580242395,
      "median_ms": 0.4696454852819443,
      "min_ms": 0.42450008913874626,
      "max_ms": 0.5375421606004238,
      "iters": 50,
      "warmup": 10
    },
    "fwd_bwd_path_b": {
      "label": "fwd_bwd_path_b",
      "mean_ms": 1.9653625274077056,
      "median_ms": 1.8711455632001162,
      "min_ms": 1.7966250889003277,
      "max_ms": 3.6355420015752316,
      "iters": 50,
      "warmup": 10
    },
    "fwd_bwd_path_c": {
      "label": "fwd_bwd_path_c",
      "mean_ms": 1.8649207707494497,
      "median_ms": 1.5288959257304668,
      "min_ms": 1.3888750690966845,
      "max_ms": 4.158874973654747,
      "iters": 50,
      "warmup": 10
    },
    "bwd_path_b_median_ms": 1.3166040880605578,
    "bwd_path_c_median_ms": 1.0592504404485226
  },
  "gflops": {
    "fwd_path_b": 19.49978583167047,
    "fwd_path_c": 23.024686362114867,
    "fwd_bwd_path_b": 23.116191947154288,
    "fwd_bwd_path_c": 28.290846533150695
  },
  "memory_bytes_peak": {
    "fwd_path_b": 1450016,
    "fwd_path_c": 1450016,
    "fwd_bwd_path_b": 28132932,
    "fwd_bwd_path_c": 28132932
  },
  "ratio_path_c_over_path_b_fwd_bwd": 0.8170908537525435,
  "verdict": "Path C is 10-20% faster than Path B; recommend switching Path C into the candidate hot path and keeping Path B as the fallback.",
  "matched_run_guard": "Compare Path B and Path C only when both rows were collected on the same hardware with identical kernel inputs. This is a local_only receipt."
}
