{
  "schema_version": 1,
  "scope": "local_only",
  "kernel": "mamba3_mimo_path_c_vs_path_b",
  "hardware_label": "Davids-Mac-Studio.local",
  "platform": {
    "system": "Darwin",
    "machine": "arm64",
    "python_version": "3.13.12",
    "mlx_version": "0.31.1",
    "tilelang_version": "0.1.9+gita69d6df7"
  },
  "shape": {
    "batch": 2,
    "seq": 1024,
    "heads": 4,
    "headdim": 32,
    "state": 64,
    "dtype": "float32"
  },
  "parity": {
    "y_max_abs": 0.0,
    "h_max_abs": 0.0
  },
  "timings": {
    "fwd_path_b": {
      "label": "fwd_path_b",
      "mean_ms": 2.034474052488804,
      "median_ms": 1.8688123673200607,
      "min_ms": 1.8018328119069338,
      "max_ms": 4.030541051179171,
      "iters": 50,
      "warmup": 10
    },
    "fwd_path_c": {
      "label": "fwd_path_c",
      "mean_ms": 1.9249742524698377,
      "median_ms": 1.9072084687650204,
      "min_ms": 1.8154589924961329,
      "max_ms": 2.1577500738203526,
      "iters": 50,
      "warmup": 10
    },
    "fwd_bwd_path_b": {
      "label": "fwd_bwd_path_b",
      "mean_ms": 14.147424101829529,
      "median_ms": 14.082707930356264,
      "min_ms": 13.875958044081926,
      "max_ms": 17.35712494701147,
      "iters": 50,
      "warmup": 10
    },
    "fwd_bwd_path_c": {
      "label": "fwd_bwd_path_c",
      "mean_ms": 12.043664129450917,
      "median_ms": 11.93912501912564,
      "min_ms": 11.636999901384115,
      "max_ms": 16.82108291424811,
      "iters": 50,
      "warmup": 10
    },
    "bwd_path_b_median_ms": 12.213895563036203,
    "bwd_path_c_median_ms": 10.03191655036062
  },
  "gflops": {
    "fwd_path_b": 46.29010462085858,
    "fwd_path_c": 45.358187852435684,
    "fwd_bwd_path_b": 24.571274339511646,
    "fwd_bwd_path_c": 28.982867626034917
  },
  "memory_bytes_peak": {
    "fwd_path_b": 9764896,
    "fwd_path_c": 9764896,
    "fwd_bwd_path_b": 222758468,
    "fwd_bwd_path_c": 222758468
  },
  "ratio_path_c_over_path_b_fwd_bwd": 0.8477861699730362,
  "verdict": "Path C is 10-20% faster than Path B; recommend switching Path C into the candidate hot path and keeping Path B as the fallback.",
  "matched_run_guard": "Compare Path B and Path C only when both rows were collected on the same hardware with identical kernel inputs. This is a local_only receipt."
}
