{
  "schema_version": 1,
  "scope": "local_only",
  "kernel": "mamba3_mimo_path_c_vs_path_b",
  "hardware_label": "Davids-Mac-Studio.local",
  "platform": {
    "system": "Darwin",
    "machine": "arm64",
    "python_version": "3.13.12",
    "mlx_version": "0.31.1",
    "tilelang_version": "0.1.9+gita69d6df7"
  },
  "shape": {
    "batch": 2,
    "seq": 128,
    "heads": 4,
    "headdim": 32,
    "state": 64,
    "dtype": "float32"
  },
  "parity": {
    "y_max_abs": 0.0,
    "h_max_abs": 0.0
  },
  "timings": {
    "fwd_path_b": {
      "label": "fwd_path_b",
      "mean_ms": 0.5692583648487926,
      "median_ms": 0.5517500685527921,
      "min_ms": 0.46770786866545677,
      "max_ms": 0.9815420489758253,
      "iters": 50,
      "warmup": 10
    },
    "fwd_path_c": {
      "label": "fwd_path_c",
      "mean_ms": 0.49590252339839935,
      "median_ms": 0.49020792357623577,
      "min_ms": 0.4166669677942991,
      "max_ms": 0.6639580242335796,
      "iters": 50,
      "warmup": 10
    },
    "fwd_bwd_path_b": {
      "label": "fwd_bwd_path_b",
      "mean_ms": 2.6291924249380827,
      "median_ms": 2.002312568947673,
      "min_ms": 1.8661250360310078,
      "max_ms": 28.89762492850423,
      "iters": 50,
      "warmup": 10
    },
    "fwd_bwd_path_c": {
      "label": "fwd_bwd_path_c",
      "mean_ms": 2.216772548854351,
      "median_ms": 1.5702290693297982,
      "min_ms": 1.4001249801367521,
      "max_ms": 28.967499965801835,
      "iters": 50,
      "warmup": 10
    },
    "bwd_path_b_median_ms": 1.4505625003948808,
    "bwd_path_c_median_ms": 1.0800211457535625
  },
  "gflops": {
    "fwd_path_b": 19.598438888033158,
    "fwd_path_c": 22.05888456700624,
    "fwd_bwd_path_b": 21.60190205604726,
    "fwd_bwd_path_c": 27.546146511261238
  },
  "memory_bytes_peak": {
    "fwd_path_b": 1450016,
    "fwd_path_c": 1450016,
    "fwd_bwd_path_b": 28132932,
    "fwd_bwd_path_c": 28132932
  },
  "ratio_path_c_over_path_b_fwd_bwd": 0.7842077673991935,
  "verdict": "Path C is >20% faster than Path B; recommend switching to Path C and archiving Path B's MSL as a fallback.",
  "matched_run_guard": "Compare Path B and Path C only when both rows were collected on the same hardware with identical kernel inputs. This is a local_only receipt."
}
