{
  "schema_version": 1,
  "scope": "local_only",
  "kernel": "mamba3_mimo_path_c_vs_path_b",
  "hardware_label": "Davids-Mac-Studio.local",
  "platform": {
    "system": "Darwin",
    "machine": "arm64",
    "python_version": "3.13.12",
    "mlx_version": "0.31.1",
    "tilelang_version": "0.1.9+gita69d6df7"
  },
  "shape": {
    "batch": 2,
    "seq": 512,
    "heads": 4,
    "headdim": 32,
    "state": 64,
    "dtype": "float32"
  },
  "parity": {
    "y_max_abs": 0.0,
    "h_max_abs": 0.0
  },
  "timings": {
    "fwd_path_b": {
      "label": "fwd_path_b",
      "mean_ms": 1.2775015784427524,
      "median_ms": 1.122333575040102,
      "min_ms": 0.9957910515367985,
      "max_ms": 2.212999854236841,
      "iters": 50,
      "warmup": 10
    },
    "fwd_path_c": {
      "label": "fwd_path_c",
      "mean_ms": 0.9956783708184958,
      "median_ms": 0.9901879820972681,
      "min_ms": 0.9538331069052219,
      "max_ms": 1.1594169773161411,
      "iters": 50,
      "warmup": 10
    },
    "fwd_bwd_path_b": {
      "label": "fwd_bwd_path_b",
      "mean_ms": 7.631013402715325,
      "median_ms": 7.538437959738076,
      "min_ms": 7.321791024878621,
      "max_ms": 9.568042121827602,
      "iters": 50,
      "warmup": 10
    },
    "fwd_bwd_path_c": {
      "label": "fwd_bwd_path_c",
      "mean_ms": 6.154294144362211,
      "median_ms": 6.135979085229337,
      "min_ms": 5.959291011095047,
      "max_ms": 6.919250125065446,
      "iters": 50,
      "warmup": 10
    },
    "bwd_path_b_median_ms": 6.416104384697974,
    "bwd_path_c_median_ms": 5.145791103132069
  },
  "gflops": {
    "fwd_path_b": 38.53913039931511,
    "fwd_path_c": 43.682372218239166,
    "fwd_bwd_path_b": 22.95104647992771,
    "fwd_bwd_path_c": 28.19681058178402
  },
  "memory_bytes_peak": {
    "fwd_path_b": 5013536,
    "fwd_path_c": 5013536,
    "fwd_bwd_path_b": 111543876,
    "fwd_bwd_path_c": 111543876
  },
  "ratio_path_c_over_path_b_fwd_bwd": 0.813958955157672,
  "verdict": "Path C is 10-20% faster than Path B; recommend switching Path C into the candidate hot path and keeping Path B as the fallback.",
  "matched_run_guard": "Compare Path B and Path C only when both rows were collected on the same hardware with identical kernel inputs. This is a local_only receipt."
}
