{
  "schema_version": 1,
  "scope": "local_only",
  "kernel": "mamba3_mimo_path_c_vs_path_b",
  "hardware_label": "Davids-Mac-Studio.local",
  "platform": {
    "system": "Darwin",
    "machine": "arm64",
    "python_version": "3.13.12",
    "mlx_version": "0.32.0",
    "tilelang_version": "0.1.9"
  },
  "shape": {
    "batch": 1,
    "seq": 2048,
    "heads": 112,
    "headdim": 64,
    "state": 64,
    "dtype": "bfloat16"
  },
  "path_b_status": {
    "available": true,
    "reason": "MSL dispatch path is available"
  },
  "path_c_status": {
    "available": true,
    "reason": "Path C TileLang DSL ready"
  },
  "parity": {
    "y_max_abs": 0.000244140625,
    "h_max_abs": 0.0009765625
  },
  "timings": {
    "fwd_path_b": {
      "label": "fwd_path_b",
      "mean_ms": 5.522979200759437,
      "median_ms": 5.502729502040893,
      "min_ms": 5.456540995510295,
      "max_ms": 5.6501670042052865,
      "iters": 10,
      "warmup": 3,
      "measurement": "paired_alternating"
    },
    "fwd_path_c": {
      "label": "fwd_path_c",
      "mean_ms": 4.618183099955786,
      "median_ms": 4.619500003173016,
      "min_ms": 4.545582996797748,
      "max_ms": 4.678625002270564,
      "iters": 10,
      "warmup": 3,
      "measurement": "paired_alternating"
    },
    "fwd_bwd_path_b": {
      "label": "fwd_bwd_path_b",
      "mean_ms": 75.87897090124898,
      "median_ms": 75.31389550422318,
      "min_ms": 74.12695899256505,
      "max_ms": 79.35158400505316,
      "iters": 10,
      "warmup": 3,
      "measurement": "paired_alternating"
    },
    "fwd_bwd_path_c": {
      "label": "fwd_bwd_path_c",
      "mean_ms": 81.04167500277981,
      "median_ms": 80.02666699758265,
      "min_ms": 76.515417007613,
      "max_ms": 84.50462500331923,
      "iters": 10,
      "warmup": 3,
      "measurement": "paired_alternating"
    },
    "bwd_path_b_median_ms": 69.81116600218229,
    "bwd_path_c_median_ms": 75.40716699440964
  },
  "bwd_profile": {
    "generated_partial_kernel": {
      "label": "bwd_path_c_generated_partials",
      "mean_ms": 71.74030839523766,
      "median_ms": 71.4143749937648,
      "min_ms": 70.90587499260437,
      "max_ms": 72.96049999422394,
      "iters": 10,
      "warmup": 3
    },
    "simd_p_reduce_kernel": {
      "label": "bwd_path_c_simd_p_reduce_diagnostic",
      "mean_ms": 92.45353759761201,
      "median_ms": 92.33262499037664,
      "min_ms": 91.85583400540054,
      "max_ms": 93.4950830123853,
      "iters": 10,
      "warmup": 3
    }
  },
  "gflops": {
    "fwd_path_b": 880.3669375722112,
    "fwd_path_c": 1048.6894938137225,
    "fwd_bwd_path_b": 257.2922878343666,
    "fwd_bwd_path_c": 242.14034155121487
  },
  "memory_bytes_peak": {
    "fwd_path_b": 509215408,
    "fwd_path_c": 210108656,
    "fwd_bwd_path_b": 12643240030,
    "fwd_bwd_path_c": 12049613984
  },
  "strict_policy": {
    "phase": "fwd",
    "requires_path_b_and_path_c": true,
    "path_c_fwd_over_path_b_max_ratio": 1.0,
    "path_c_fwd_bwd_over_path_b_max_ratio": 1.0,
    "path_c_bwd_over_path_b_max_ratio": 1.0
  },
  "scheduler_decision": {
    "source": "rule_z3_test_receipt",
    "mode": "path_c_fwd_path_b_bwd",
    "selected_forward_kernel": "path_c_tilelang_dsl",
    "selected_backward_kernel": "metal_kernel_bwd_v1",
    "rule_z3_plan": {
      "batch": 1,
      "seq": 2048,
      "heads": 112,
      "headdim": 64,
      "state": 64,
      "dtype": "bfloat16",
      "lanes": 7168,
      "threads": 256,
      "grid_blocks": 28,
      "fwd_path_c_candidate": true,
      "bwd_path_c_candidate": true,
      "mode": "path_c_fwd_bwd",
      "z3_used": true,
      "z3_proved": true,
      "reason": "rule: fp32-accumulating bfloat16 per-lane scan with 256 threads over 28 blocks; z3 proved per-lane index decomposition and buffer bounds; bwd reverse pass consumes explicit state snapshot tensor boundaries instead of inverse h_prev reconstruction; bwd emits TileLang per-lane partial gradients and reduces P-axis outside the hot scan kernel"
    },
    "ratios": {
      "fwd_path_c_over_path_b": 0.8394924739549167,
      "bwd_path_c_over_path_b": 1.08015911082265,
      "fwd_bwd_path_c_over_path_b": 1.0625750595133563
    },
    "optimization_policy": "AUTO only promotes a Path C phase when the rule/Z3 plan is safe and paired bench receipt median is no-worse than Path B.",
    "blocked_path_c_codegen_gaps": [
      "lowered Path C fwd still recomputes some lane-derived indices inside the t loop",
      "Path C bwd still performs the reverse recurrence serially over T and N per lane",
      "final-gradient in-kernel P-axis allreduce remains diagnostic only for recurrent bwd hot loops"
    ],
    "remembered_optimizations": [
      "TileLang local.var scalar y_acc instead of thread float[1]",
      "TileLang Metal local.var PrintExpr statement-order fix",
      "Bench harness uses paired alternating samples to avoid order/warmup drift",
      "Path C bwd consumes explicit state snapshot boundaries instead of unsafe inverse-state reconstruction",
      "Path C bwd writes generated per-lane partial gradients and moves P-axis reductions outside the recurrent hot loop",
      "Bench harness profiles generated-partial production bwd and final-gradient SIMD diagnostic bwd separately",
      "AUTO selects full Path C only when fwd, bwd, and fwd+bwd receipts are no-worse",
      "AUTO can still select Path C forward with Path B backward when only fwd is no-worse"
    ]
  },
  "ratio_path_c_over_path_b_fwd": 0.8394924739549167,
  "ratio_path_c_over_path_b_bwd": 1.08015911082265,
  "ratio_path_c_over_path_b_fwd_bwd": 1.0625750595133563,
  "verdict": "Path C forward is no-worse than Path B and is eligible for AUTO promotion, but Path C backward is slower; scheduler selects Path C forward with Path B backward.",
  "matched_run_guard": "Compare Path B and Path C only when both rows were collected on the same hardware with identical kernel inputs. This is a local_only receipt."
}
