{
  "schema_version": 1,
  "scope": "local_only",
  "kernel": "mamba3_mimo_path_b",
  "hardware_label": "Davids-Mac-Studio.local",
  "platform": {
    "system": "Darwin",
    "machine": "arm64",
    "python_version": "3.13.12",
    "mlx_version": "0.31.2"
  },
  "shape": {
    "batch": 2,
    "seq": 512,
    "heads": 4,
    "headdim": 32,
    "state": 64,
    "dtype": "float16",
    "d_inner": 128,
    "d_model_equivalent": 64
  },
  "metal_status": {
    "available": true,
    "reason": "MSL dispatch path is available"
  },
  "parity": {
    "y_max_abs": 0.000213623046875,
    "y_ref_norm": 2.1877773654025283,
    "h_max_abs": 0.003173828125,
    "h_ref_norm": 11.379222044407847,
    "y_rel": 9.764386918574684e-05,
    "h_rel": 0.00027891433286157316
  },
  "timings": {
    "fwd_reference": {
      "label": "fwd_reference",
      "mean_ms": 13.972416802425869,
      "median_ms": 13.8737920060521,
      "min_ms": 13.104083016514778,
      "max_ms": 15.742332994705066,
      "iters": 10,
      "warmup": 3
    },
    "fwd_metal": {
      "label": "fwd_metal",
      "mean_ms": 0.5905501078814268,
      "median_ms": 0.5884794954909012,
      "min_ms": 0.542209018021822,
      "max_ms": 0.6958339945413172,
      "iters": 10,
      "warmup": 3
    },
    "fwd_bwd_reference": {
      "label": "fwd_bwd_reference",
      "mean_ms": 112.59329579770565,
      "median_ms": 108.75060399121139,
      "min_ms": 106.24195900163613,
      "max_ms": 146.8464589852374,
      "iters": 10,
      "warmup": 3
    },
    "fwd_bwd_metal": {
      "label": "fwd_bwd_metal",
      "mean_ms": 5.3883166023297235,
      "median_ms": 5.172541495994665,
      "min_ms": 5.066583020379767,
      "max_ms": 7.127124990802258,
      "iters": 10,
      "warmup": 3
    }
  },
  "speedups": {
    "fwd": 23.660002116588064,
    "fwd_bwd": 20.895820366053503
  },
  "matched_run_guard": "Compare M4 Max and GB10 only when both rows were collected with identical kernel inputs and dtype. This is a local_only receipt."
}
