{
  "schema_version": 1,
  "scope": "local_only",
  "kernel": "mamba3_mimo_path_c_vs_path_b",
  "hardware_label": "Mac16,9",
  "platform": {
    "system": "Darwin",
    "machine": "arm64",
    "python_version": "3.13.12",
    "mlx_version": "0.32.0.dev20260511+85a0e7e4a",
    "tilelang_version": "0.1.9+gitcf475c5f"
  },
  "shape": {
    "batch": 2,
    "seq": 512,
    "heads": 4,
    "headdim": 32,
    "state": 64,
    "dtype": "float32"
  },
  "path_b_status": {
    "available": true,
    "reason": "MSL dispatch path is available"
  },
  "path_c_status": {
    "available": true,
    "reason": "Path C TileLang DSL ready"
  },
  "parity": {
    "y_max_abs": 2.9802322387695312e-08,
    "h_max_abs": 2.384185791015625e-07
  },
  "timings": {
    "fwd_path_b": {
      "label": "fwd_path_b",
      "mean_ms": 1.055559201631695,
      "median_ms": 1.0465835221111774,
      "min_ms": 0.9812499629333615,
      "max_ms": 1.1648329673334956,
      "iters": 50,
      "warmup": 10,
      "measurement": "paired_alternating"
    },
    "fwd_path_c": {
      "label": "fwd_path_c",
      "mean_ms": 1.154097446706146,
      "median_ms": 1.1514794896356761,
      "min_ms": 1.0831250110641122,
      "max_ms": 1.2484160251915455,
      "iters": 50,
      "warmup": 10,
      "measurement": "paired_alternating"
    },
    "fwd_bwd_path_b": {
      "label": "fwd_bwd_path_b",
      "mean_ms": 7.418978288769722,
      "median_ms": 7.431436970364302,
      "min_ms": 7.2442080127075315,
      "max_ms": 7.668290985748172,
      "iters": 50,
      "warmup": 10,
      "measurement": "paired_alternating"
    },
    "fwd_bwd_path_c": {
      "label": "fwd_bwd_path_c",
      "mean_ms": 7.866629969794304,
      "median_ms": 7.860416546463966,
      "min_ms": 7.5700420420616865,
      "max_ms": 8.345417096279562,
      "iters": 50,
      "warmup": 10,
      "measurement": "paired_alternating"
    },
    "bwd_path_b_median_ms": 6.384853448253125,
    "bwd_path_c_median_ms": 6.70893705682829
  },
  "bwd_profile": {
    "simd_p_reduce_kernel": {
      "label": "bwd_path_c_simd_p_reduce",
      "mean_ms": 6.2504941201768816,
      "median_ms": 6.235395499970764,
      "min_ms": 6.137624965049326,
      "max_ms": 6.4145829528570175,
      "iters": 50,
      "warmup": 10
    },
    "partial_kernel": {
      "label": "bwd_path_c_partial_kernel",
      "mean_ms": 7.196433374192566,
      "median_ms": 7.18156254151836,
      "min_ms": 7.108125020749867,
      "max_ms": 7.471999968402088,
      "iters": 50,
      "warmup": 10
    },
    "partial_reduce": {
      "label": "bwd_path_c_partial_reduce",
      "mean_ms": 0.30058335745707154,
      "median_ms": 0.29441696824505925,
      "min_ms": 0.274333986453712,
      "max_ms": 0.413333997130394,
      "iters": 50,
      "warmup": 10
    },
    "partial_reduce_share": 0.03938172487773126
  },
  "gflops": {
    "fwd_path_b": 41.32853144176027,
    "fwd_path_c": 37.563639117606286,
    "fwd_bwd_path_b": 23.28150540601551,
    "fwd_bwd_path_c": 22.01092511793556
  },
  "memory_bytes_peak": {
    "fwd_path_b": 5013536,
    "fwd_path_c": 5013536,
    "fwd_bwd_path_b": 111543876,
    "fwd_bwd_path_c": 9764940
  },
  "strict_policy": {
    "phase": "fwd",
    "requires_path_b_and_path_c": true,
    "path_c_fwd_over_path_b_max_ratio": 1.0,
    "path_c_fwd_bwd_over_path_b_max_ratio": 1.0,
    "path_c_bwd_over_path_b_max_ratio": 1.0
  },
  "scheduler_decision": {
    "source": "rule_z3_test_receipt",
    "mode": "path_b",
    "selected_forward_kernel": "metal_kernel_fwd_v1",
    "selected_backward_kernel": "metal_kernel_bwd_v1",
    "rule_z3_plan": {
      "batch": 2,
      "seq": 512,
      "heads": 4,
      "headdim": 32,
      "state": 64,
      "dtype": "float32",
      "lanes": 256,
      "threads": 256,
      "grid_blocks": 1,
      "fwd_path_c_candidate": true,
      "bwd_path_c_candidate": true,
      "mode": "path_c_fwd_bwd",
      "z3_used": true,
      "z3_proved": true,
      "reason": "rule: fp32 per-lane scan with 256 threads over 1 blocks; z3 proved per-lane index decomposition and buffer bounds; bwd reverse pass reconstructs h_prev in per-lane registers without global h_steps scratch; bwd uses one 32-lane Metal simdgroup per P row and simd_sum reductions for dB/dC/dA/ddt/dD"
    },
    "ratios": {
      "fwd_path_c_over_path_b": 1.100227039035453,
      "bwd_path_c_over_path_b": 1.0507581906463075,
      "fwd_bwd_path_c_over_path_b": 1.0577249834467255
    },
    "optimization_policy": "AUTO only promotes a Path C phase when the rule/Z3 plan is safe and paired bench receipt median is no-worse than Path B.",
    "blocked_path_c_codegen_gaps": [
      "lowered Path C fwd still recomputes some lane-derived indices inside the t loop",
      "Path C bwd still performs the reverse recurrence serially over T and N per lane",
      "non-P=32 bwd shapes still fall back to per-lane partial writes plus host reductions"
    ],
    "remembered_optimizations": [
      "TileLang local.var scalar y_acc instead of thread float[1]",
      "TileLang Metal local.var PrintExpr statement-order fix",
      "Bench harness uses paired alternating samples to avoid order/warmup drift",
      "Path C bwd reconstructs h_prev in-place from h_t instead of writing global h_steps",
      "Path C bwd uses Metal simd_sum P-reductions for P=32 instead of global dB/dC partial buffers",
      "Bench harness profiles Path C bwd kernel and partial reductions separately",
      "AUTO selects full Path C only when fwd, bwd, and fwd+bwd receipts are no-worse",
      "AUTO can still select Path C forward with Path B backward when only fwd is no-worse"
    ]
  },
  "ratio_path_c_over_path_b_fwd": 1.100227039035453,
  "ratio_path_c_over_path_b_bwd": 1.0507581906463075,
  "ratio_path_c_over_path_b_fwd_bwd": 1.0577249834467255,
  "verdict": "Path C within 10% of Path B; recommend keeping Path B as primary and treating Path C as a documentation/reproducibility artifact.",
  "matched_run_guard": "Compare Path B and Path C only when both rows were collected on the same hardware with identical kernel inputs. This is a local_only receipt."
}
