{
  "schema_version": 1,
  "scope": "local_only",
  "kernel": "mamba3_mimo_path_c_vs_path_b",
  "hardware_label": "Davids-Mac-Studio.local",
  "platform": {
    "system": "Darwin",
    "machine": "arm64",
    "python_version": "3.13.12",
    "mlx_version": "0.31.1",
    "tilelang_version": "0.1.9+git7f4a5cb8"
  },
  "shape": {
    "batch": 2,
    "seq": 512,
    "heads": 4,
    "headdim": 32,
    "state": 64,
    "dtype": "float32"
  },
  "parity": {
    "y_max_abs": 0.0,
    "h_max_abs": 0.0
  },
  "timings": {
    "fwd_path_b": {
      "label": "fwd_path_b",
      "mean_ms": 1.1376800294965506,
      "median_ms": 1.071228994987905,
      "min_ms": 1.0073750745505095,
      "max_ms": 1.9082918297499418,
      "iters": 50,
      "warmup": 5
    },
    "fwd_path_c": {
      "label": "fwd_path_c",
      "mean_ms": 1.0266349697485566,
      "median_ms": 1.0098960483446717,
      "min_ms": 0.9712090250104666,
      "max_ms": 1.1659169103950262,
      "iters": 50,
      "warmup": 5
    },
    "fwd_bwd_path_b": {
      "label": "fwd_bwd_path_b",
      "mean_ms": 7.833235017023981,
      "median_ms": 7.823458174243569,
      "min_ms": 7.453458849340677,
      "max_ms": 9.90958302281797,
      "iters": 50,
      "warmup": 5
    },
    "fwd_bwd_path_c": {
      "label": "fwd_bwd_path_c",
      "mean_ms": 7.717452477663755,
      "median_ms": 7.707083597779274,
      "min_ms": 7.333917077630758,
      "max_ms": 8.184792008250952,
      "iters": 50,
      "warmup": 5
    },
    "bwd_path_b_median_ms": 6.752229179255664,
    "bwd_path_c_median_ms": 6.697187549434602
  },
  "gflops": {
    "fwd_path_b": 40.37769720795167,
    "fwd_path_c": 42.82991310927255,
    "fwd_bwd_path_b": 22.114905729233787,
    "fwd_bwd_path_c": 22.448833959690372
  },
  "memory_bytes_peak": {
    "fwd_path_b": 5013536,
    "fwd_path_c": 5013536,
    "fwd_bwd_path_b": 111543876,
    "fwd_bwd_path_c": 111543876
  },
  "ratio_path_c_over_path_b_fwd_bwd": 0.9851249186903785,
  "verdict": "Path C within 10% of Path B; recommend keeping Path B as primary and treating Path C as a documentation/reproducibility artifact.",
  "matched_run_guard": "Compare Path B and Path C only when both rows were collected on the same hardware with identical kernel inputs. This is a local_only receipt."
}
