{
  "schema_version": 1,
  "scope": "local_only",
  "kernel": "mamba3_mimo_path_c_vs_path_b",
  "hardware_label": "Davids-Mac-Studio.local",
  "platform": {
    "system": "Darwin",
    "machine": "arm64",
    "python_version": "3.13.12",
    "mlx_version": "0.32.0.dev20260511+85a0e7e4a",
    "tilelang_version": "0.1.9+gitd669bcee"
  },
  "shape": {
    "batch": 2,
    "seq": 512,
    "heads": 4,
    "headdim": 32,
    "state": 64,
    "dtype": "float32"
  },
  "path_b_status": {
    "available": true,
    "reason": "MSL dispatch path is available"
  },
  "path_c_status": {
    "available": true,
    "reason": "Path C TileLang DSL ready"
  },
  "parity": {
    "y_max_abs": 2.9802322387695312e-08,
    "h_max_abs": 2.384185791015625e-07
  },
  "timings": {
    "fwd_path_b": {
      "label": "fwd_path_b",
      "mean_ms": 1.0798392607830465,
      "median_ms": 1.0521250078454614,
      "min_ms": 0.995374983176589,
      "max_ms": 1.7915830248966813,
      "iters": 50,
      "warmup": 5,
      "measurement": "paired_alternating"
    },
    "fwd_path_c": {
      "label": "fwd_path_c",
      "mean_ms": 1.1757891066372395,
      "median_ms": 1.1604784522205591,
      "min_ms": 1.0975829791277647,
      "max_ms": 1.4729578979313374,
      "iters": 50,
      "warmup": 5,
      "measurement": "paired_alternating"
    },
    "fwd_bwd_path_b": {
      "label": "fwd_bwd_path_b",
      "mean_ms": 7.489335818681866,
      "median_ms": 7.47664604568854,
      "min_ms": 7.227416965179145,
      "max_ms": 8.520583040080965,
      "iters": 50,
      "warmup": 5,
      "measurement": "paired_alternating"
    },
    "fwd_bwd_path_c": {
      "label": "fwd_bwd_path_c",
      "mean_ms": 12.46490741148591,
      "median_ms": 12.467021006159484,
      "min_ms": 12.124791042879224,
      "max_ms": 12.913750018924475,
      "iters": 50,
      "warmup": 5,
      "measurement": "paired_alternating"
    },
    "bwd_path_b_median_ms": 6.424521037843078,
    "bwd_path_c_median_ms": 11.306542553938925
  },
  "gflops": {
    "fwd_path_b": 41.11085629318414,
    "fwd_path_c": 37.27235082843162,
    "fwd_bwd_path_b": 23.14072900371823,
    "fwd_bwd_path_c": 13.877817316143112
  },
  "memory_bytes_peak": {
    "fwd_path_b": 5013536,
    "fwd_path_c": 5013536,
    "fwd_bwd_path_b": 111543876,
    "fwd_bwd_path_c": 76875324
  },
  "strict_policy": {
    "phase": "fwd",
    "requires_path_b_and_path_c": true,
    "path_c_fwd_over_path_b_max_ratio": 1.0,
    "path_c_fwd_bwd_over_path_b_max_ratio": 1.0,
    "path_c_bwd_over_path_b_max_ratio": 1.0
  },
  "scheduler_decision": {
    "source": "rule_z3_test_receipt",
    "mode": "path_b",
    "selected_forward_kernel": "metal_kernel_fwd_v1",
    "selected_backward_kernel": "metal_kernel_bwd_v1",
    "rule_z3_plan": {
      "batch": 2,
      "seq": 512,
      "heads": 4,
      "headdim": 32,
      "state": 64,
      "dtype": "float32",
      "lanes": 256,
      "threads": 256,
      "grid_blocks": 1,
      "fwd_path_c_candidate": true,
      "bwd_path_c_candidate": true,
      "mode": "path_c_fwd_bwd",
      "z3_used": true,
      "z3_proved": true,
      "reason": "rule: fp32 per-lane scan with 256 threads over 1 blocks; z3 proved per-lane index decomposition and buffer bounds; bwd reverse pass reconstructs h_prev in per-lane registers without global h_steps scratch"
    },
    "ratios": {
      "fwd_path_c_over_path_b": 1.1029853330803188,
      "bwd_path_c_over_path_b": 1.7599043551011393,
      "fwd_bwd_path_c_over_path_b": 1.6674617107691863
    },
    "optimization_policy": "AUTO only promotes a Path C phase when the rule/Z3 plan is safe and paired bench receipt median is no-worse than Path B.",
    "blocked_path_c_codegen_gaps": [
      "lowered Path C fwd still recomputes some lane-derived indices inside the t loop",
      "lowered Path C fwd still reloads D[h] inside the t loop",
      "Path C bwd still pays per-lane partial writes plus host P-axis reductions"
    ],
    "remembered_optimizations": [
      "TileLang local.var scalar y_acc instead of thread float[1]",
      "TileLang Metal local.var PrintExpr statement-order fix",
      "Bench harness uses paired alternating samples to avoid order/warmup drift",
      "Path C bwd reconstructs h_prev in-place from h_t instead of writing global h_steps",
      "AUTO selects full Path C only when fwd, bwd, and fwd+bwd receipts are no-worse",
      "AUTO can still select Path C forward with Path B backward when only fwd is no-worse"
    ]
  },
  "ratio_path_c_over_path_b_fwd": 1.1029853330803188,
  "ratio_path_c_over_path_b_bwd": 1.7599043551011393,
  "ratio_path_c_over_path_b_fwd_bwd": 1.6674617107691863,
  "verdict": "Path C is >20% slower than Path B; recommend keeping Path B as primary, KEEPING Path C as a reproducibility artifact (proves the DSL path works), and flagging the perf gap as a future TileLang scheduler bug.",
  "matched_run_guard": "Compare Path B and Path C only when both rows were collected on the same hardware with identical kernel inputs. This is a local_only receipt."
}
