{
  "schema_version": 1,
  "scope": "local_only",
  "kernel": "mamba3_mimo_path_c_vs_path_b",
  "hardware_label": "Davids-Mac-Studio.local",
  "platform": {
    "system": "Darwin",
    "machine": "arm64",
    "python_version": "3.13.12",
    "mlx_version": "0.32.0",
    "tilelang_version": "0.1.9"
  },
  "shape": {
    "batch": 1,
    "seq": 2048,
    "heads": 112,
    "headdim": 64,
    "state": 64,
    "dtype": "bfloat16"
  },
  "path_b_status": {
    "available": true,
    "reason": "MSL dispatch path is available"
  },
  "path_c_status": {
    "available": true,
    "reason": "Path C TileLang DSL ready"
  },
  "parity": {
    "y_max_abs": 0.000244140625,
    "h_max_abs": 0.0009765625
  },
  "timings": {
    "fwd_path_b": {
      "label": "fwd_path_b",
      "mean_ms": 5.45246660039993,
      "median_ms": 5.445874492579605,
      "min_ms": 5.397458007792011,
      "max_ms": 5.517917001270689,
      "iters": 10,
      "warmup": 3,
      "measurement": "paired_alternating"
    },
    "fwd_path_c": {
      "label": "fwd_path_c",
      "mean_ms": 4.607933398801833,
      "median_ms": 4.617666992999148,
      "min_ms": 4.51483299548272,
      "max_ms": 4.65354100742843,
      "iters": 10,
      "warmup": 3,
      "measurement": "paired_alternating"
    },
    "fwd_bwd_path_b": {
      "label": "fwd_bwd_path_b",
      "mean_ms": 74.2388666010811,
      "median_ms": 74.38910450582625,
      "min_ms": 73.41383300081361,
      "max_ms": 74.8265000001993,
      "iters": 10,
      "warmup": 3,
      "measurement": "paired_alternating"
    },
    "fwd_bwd_path_c": {
      "label": "fwd_bwd_path_c",
      "mean_ms": 78.66660819854587,
      "median_ms": 78.39095799863571,
      "min_ms": 74.74725000793114,
      "max_ms": 85.78729200235102,
      "iters": 10,
      "warmup": 3,
      "measurement": "paired_alternating"
    },
    "bwd_path_b_median_ms": 68.94323001324665,
    "bwd_path_c_median_ms": 73.77329100563657
  },
  "bwd_profile": {
    "generated_partial_kernel": {
      "label": "bwd_path_c_generated_partials",
      "mean_ms": 70.47153330058791,
      "median_ms": 70.15604100160999,
      "min_ms": 69.36979199235793,
      "max_ms": 74.5268339960603,
      "iters": 10,
      "warmup": 3
    },
    "simd_p_reduce_kernel": {
      "label": "bwd_path_c_simd_p_reduce_diagnostic",
      "mean_ms": 88.6143419003929,
      "median_ms": 88.66360449610511,
      "min_ms": 88.15495899762027,
      "max_ms": 89.18954200635199,
      "iters": 10,
      "warmup": 3
    }
  },
  "gflops": {
    "fwd_path_b": 889.5579812940733,
    "fwd_path_c": 1049.1057772993665,
    "fwd_bwd_path_b": 260.4908959279422,
    "fwd_bwd_path_c": 247.19285201664766
  },
  "memory_bytes_peak": {
    "fwd_path_b": 509215408,
    "fwd_path_c": 210108656,
    "fwd_bwd_path_b": 12643240030,
    "fwd_bwd_path_c": 12049613984
  },
  "strict_policy": {
    "phase": "fwd",
    "requires_path_b_and_path_c": true,
    "path_c_fwd_over_path_b_max_ratio": 1.0,
    "path_c_fwd_bwd_over_path_b_max_ratio": 1.0,
    "path_c_bwd_over_path_b_max_ratio": 1.0
  },
  "scheduler_decision": {
    "source": "rule_z3_test_receipt",
    "mode": "path_c_fwd_path_b_bwd",
    "selected_forward_kernel": "path_c_tilelang_dsl",
    "selected_backward_kernel": "metal_kernel_bwd_v1",
    "rule_z3_plan": {
      "batch": 1,
      "seq": 2048,
      "heads": 112,
      "headdim": 64,
      "state": 64,
      "dtype": "bfloat16",
      "lanes": 7168,
      "threads": 256,
      "grid_blocks": 28,
      "fwd_path_c_candidate": true,
      "bwd_path_c_candidate": true,
      "mode": "path_c_fwd_bwd",
      "z3_used": true,
      "z3_proved": true,
      "reason": "rule: fp32-accumulating bfloat16 per-lane scan with 256 threads over 28 blocks; z3 proved per-lane index decomposition and buffer bounds; bwd reverse pass consumes explicit state snapshot tensor boundaries instead of inverse h_prev reconstruction; bwd emits TileLang per-lane partial gradients and reduces P-axis outside the hot scan kernel"
    },
    "ratios": {
      "fwd_path_c_over_path_b": 0.8479202007484841,
      "bwd_path_c_over_path_b": 1.070058524839377,
      "fwd_bwd_path_c_over_path_b": 1.0537962315771126
    },
    "optimization_policy": "AUTO only promotes a Path C phase when the rule/Z3 plan is safe and paired bench receipt median is no-worse than Path B.",
    "blocked_path_c_codegen_gaps": [
      "Path C bwd materializes explicit state snapshots as a separate safety kernel",
      "Path C bwd returns per-lane partial buffers and relies on external MLX reductions",
      "final-gradient in-kernel P-axis allreduce remains diagnostic for recurrent bwd hot loops"
    ],
    "remembered_optimizations": [
      "TileLang local.var scalar y_acc instead of thread float[1]",
      "TileLang Metal local.var PrintExpr statement-order fix",
      "TileLang Mamba3 fwd/bwd uses Metal thread_position_in_grid for absolute lane ids",
      "TileLang Mamba3 fwd/bwd uses Path-B-equivalent single-expression SiLU",
      "Bench harness uses paired alternating samples to avoid order/warmup drift",
      "Path C bwd consumes explicit state snapshot boundaries instead of unsafe inverse-state reconstruction",
      "Path C bwd writes generated per-lane partial gradients and moves P-axis reductions outside the recurrent hot loop",
      "Bench harness profiles generated-partial production bwd and final-gradient SIMD diagnostic bwd separately",
      "AUTO selects full Path C only when fwd, bwd, and fwd+bwd receipts are no-worse",
      "AUTO can still select Path C forward with Path B backward when only fwd is no-worse"
    ]
  },
  "ratio_path_c_over_path_b_fwd": 0.8479202007484841,
  "ratio_path_c_over_path_b_bwd": 1.070058524839377,
  "ratio_path_c_over_path_b_fwd_bwd": 1.0537962315771126,
  "verdict": "Path C forward is no-worse than Path B and is eligible for AUTO promotion, but Path C backward is slower; scheduler selects Path C forward with Path B backward.",
  "matched_run_guard": "Compare Path B and Path C only when both rows were collected on the same hardware with identical kernel inputs. This is a local_only receipt."
}
