{
  "schema_version": 1,
  "kernel": "tilelang_topk_selector",
  "source": "cppmega/megatron/tilelang_sparse_mla/topk_selector.py",
  "path_b_status": {
    "available": false,
    "reason": "topk_selector cannot be lowered through TileLang 0.1.9's metal target: (a) the histogram fill `T.parallel(257)` over 256 threads fails LowerTileOp's injective-layout check, and (b) any T.alloc_shared lowers to storage scope `shared.dyn`, which TVM's metal codegen rejects with `Fatal: Unknown storage scope shared.dyn`. See docs/tilelang_ports/topk_selector.md for the probe transcript."
  },
  "hardware_label": "Darwin-arm64",
  "platform": {
    "system": "Darwin",
    "machine": "arm64",
    "release": "25.4.0",
    "python": "3.13.12"
  },
  "package_versions": {
    "mlx": "0.31.1",
    "mlx_metal": "0.31.1",
    "tilelang": "0.1.9",
    "numpy": "2.4.4"
  },
  "warmup": 10,
  "iters": 50,
  "seed": 1,
  "rows": [
    {
      "batch": 1,
      "seq_len": 64,
      "k": 8,
      "dtype": "float32",
      "strategies": {
        "argpartition": {
          "iters": 50,
          "warmup": 10,
          "median_ms": 0.14058290980756283,
          "min_ms": 0.12112502008676529,
          "max_ms": 0.25991606526076794,
          "mean_ms": 0.14883012510836124,
          "peak_gib": 9.685754776000977e-07
        },
        "argsort_slice": {
          "iters": 50,
          "warmup": 10,
          "median_ms": 0.13822910841554403,
          "min_ms": 0.12149987742304802,
          "max_ms": 0.25808392092585564,
          "mean_ms": 0.14692578464746475,
          "peak_gib": 1.2069940567016602e-06
        },
        "topk_take_along": {
          "iters": 50,
          "warmup": 10,
          "median_ms": 0.13537541963160038,
          "min_ms": 0.11820788495242596,
          "max_ms": 0.18587498925626278,
          "mean_ms": 0.13843915425240993,
          "peak_gib": 9.98377799987793e-07
        }
      }
    },
    {
      "batch": 1,
      "seq_len": 512,
      "k": 32,
      "dtype": "float32",
      "strategies": {
        "argpartition": {
          "iters": 50,
          "warmup": 10,
          "median_ms": 0.1336665591225028,
          "min_ms": 0.12012477964162827,
          "max_ms": 0.2566250041127205,
          "mean_ms": 0.1441124500706792,
          "peak_gib": 9.551644325256348e-06
        },
        "argsort_slice": {
          "iters": 50,
          "warmup": 10,
          "median_ms": 0.12293749023228884,
          "min_ms": 0.11583301238715649,
          "max_ms": 0.22812513634562492,
          "mean_ms": 0.12955504935234785,
          "peak_gib": 7.644295692443848e-06
        },
        "topk_take_along": {
          "iters": 50,
          "warmup": 10,
          "median_ms": 0.13979151844978333,
          "min_ms": 0.1260410062968731,
          "max_ms": 0.25191716849803925,
          "mean_ms": 0.14422085601836443,
          "peak_gib": 7.763504981994629e-06
        }
      }
    },
    {
      "batch": 1,
      "seq_len": 2048,
      "k": 64,
      "dtype": "float32",
      "strategies": {
        "argpartition": {
          "iters": 50,
          "warmup": 10,
          "median_ms": 0.13520801439881325,
          "min_ms": 0.12404215522110462,
          "max_ms": 0.25066686794161797,
          "mean_ms": 0.1407333929091692,
          "peak_gib": 2.2903084754943848e-05
        },
        "argsort_slice": {
          "iters": 50,
          "warmup": 10,
          "median_ms": 0.14218746218830347,
          "min_ms": 0.13120891526341438,
          "max_ms": 0.2479159738868475,
          "mean_ms": 0.14936842024326324,
          "peak_gib": 3.053247928619385e-05
        },
        "topk_take_along": {
          "iters": 50,
          "warmup": 10,
          "median_ms": 0.14081259723752737,
          "min_ms": 0.13362523168325424,
          "max_ms": 0.3187078982591629,
          "mean_ms": 0.1489041280001402,
          "peak_gib": 3.077089786529541e-05
        }
      }
    },
    {
      "batch": 4,
      "seq_len": 2048,
      "k": 64,
      "dtype": "float32",
      "strategies": {
        "argpartition": {
          "iters": 50,
          "warmup": 10,
          "median_ms": 0.1398540334776044,
          "min_ms": 0.12316694483160973,
          "max_ms": 0.2768749836832285,
          "mean_ms": 0.14571670908480883,
          "peak_gib": 9.25213098526001e-05
        },
        "argsort_slice": {
          "iters": 50,
          "warmup": 10,
          "median_ms": 0.13964599929749966,
          "min_ms": 0.13349996879696846,
          "max_ms": 0.25804201140999794,
          "mean_ms": 0.1474850019440055,
          "peak_gib": 0.0001230388879776001
        },
        "topk_take_along": {
          "iters": 50,
          "warmup": 10,
          "median_ms": 0.14981243293732405,
          "min_ms": 0.13841688632965088,
          "max_ms": 0.2774170134216547,
          "mean_ms": 0.15677000395953655,
          "peak_gib": 0.00015451014041900635
        }
      }
    },
    {
      "batch": 4,
      "seq_len": 2048,
      "k": 64,
      "dtype": "float16",
      "strategies": {
        "argpartition": {
          "iters": 50,
          "warmup": 10,
          "median_ms": 0.1429375261068344,
          "min_ms": 0.13175001367926598,
          "max_ms": 0.266083050519228,
          "mean_ms": 0.14937576837837696,
          "peak_gib": 6.20037317276001e-05
        },
        "argsort_slice": {
          "iters": 50,
          "warmup": 10,
          "median_ms": 0.13897905591875315,
          "min_ms": 0.12245797552168369,
          "max_ms": 0.2565830945968628,
          "mean_ms": 0.14483080245554447,
          "peak_gib": 7.72625207901001e-05
        },
        "topk_take_along": {
          "iters": 50,
          "warmup": 10,
          "median_ms": 0.14614604879170656,
          "min_ms": 0.13250019401311874,
          "max_ms": 0.2645421773195267,
          "mean_ms": 0.15272500459104776,
          "peak_gib": 7.773935794830322e-05
        }
      }
    },
    {
      "batch": 4,
      "seq_len": 2048,
      "k": 64,
      "dtype": "bfloat16",
      "strategies": {
        "argpartition": {
          "iters": 50,
          "warmup": 10,
          "median_ms": 0.136625487357378,
          "min_ms": 0.12537487782537937,
          "max_ms": 0.26879110373556614,
          "mean_ms": 0.14355416409671307,
          "peak_gib": 7.72625207901001e-05
        },
        "argsort_slice": {
          "iters": 50,
          "warmup": 10,
          "median_ms": 0.13568741269409657,
          "min_ms": 0.12783310376107693,
          "max_ms": 0.2625000197440386,
          "mean_ms": 0.1413533417508006,
          "peak_gib": 6.20037317276001e-05
        },
        "topk_take_along": {
          "iters": 50,
          "warmup": 10,
          "median_ms": 0.14743732754141092,
          "min_ms": 0.13424991630017757,
          "max_ms": 0.24662516079843044,
          "mean_ms": 0.1537290634587407,
          "peak_gib": 6.248056888580322e-05
        }
      }
    },
    {
      "batch": 4,
      "seq_len": 4096,
      "k": 256,
      "dtype": "float32",
      "strategies": {
        "argpartition": {
          "iters": 50,
          "warmup": 10,
          "median_ms": 0.15779153909534216,
          "min_ms": 0.14308304525911808,
          "max_ms": 0.31379214487969875,
          "mean_ms": 0.16681245993822813,
          "peak_gib": 0.0004311203956604004
        },
        "argsort_slice": {
          "iters": 50,
          "warmup": 10,
          "median_ms": 0.15883357264101505,
          "min_ms": 0.14625000767409801,
          "max_ms": 0.32841693609952927,
          "mean_ms": 0.16787083353847265,
          "peak_gib": 0.0004311203956604004
        },
        "topk_take_along": {
          "iters": 50,
          "warmup": 10,
          "median_ms": 0.1673750812187791,
          "min_ms": 0.1585830468684435,
          "max_ms": 0.26862509548664093,
          "mean_ms": 0.17485331743955612,