{
  "schema_version": 1,
  "kernel": "tilelang_topk_selector",
  "source": "cppmega/megatron/tilelang_sparse_mla/topk_selector.py",
  "path_b_status": {
    "available": true,
    "reason": "topk_selector direct-MSL kernel built via mx.fast.metal_kernel is available; bypasses TileLang lowering entirely (which is blocked on shared.dyn / LowerTileOp issues, see docs/tilelang_ports/topk_selector.md)."
  },
  "hardware_label": "Darwin-arm64",
  "platform": {
    "system": "Darwin",
    "machine": "arm64",
    "release": "25.4.0",
    "python": "3.13.12"
  },
  "package_versions": {
    "mlx": "0.31.1",
    "mlx_metal": "0.31.1",
    "tilelang": "0.1.9+gita69d6df7",
    "numpy": "2.4.4"
  },
  "warmup": 3,
  "iters": 5,
  "seed": 1,
  "rows": [
    {
      "batch": 1,
      "seq_len": 64,
      "k": 8,
      "dtype": "float32",
      "strategies": {
        "argpartition": {
          "iters": 5,
          "warmup": 3,
          "ran": true,
          "median_ms": 0.16187503933906555,
          "min_ms": 0.16033300198614597,
          "max_ms": 0.18387497402727604,
          "mean_ms": 0.16784160397946835,
          "peak_gib": 7.860362529754639e-07
        },
        "argsort_slice": {
          "iters": 5,
          "warmup": 3,
          "ran": true,
          "median_ms": 0.1435831654816866,
          "min_ms": 0.14162505976855755,
          "max_ms": 0.21254201419651508,
          "mean_ms": 0.15679183416068554,
          "peak_gib": 1.2069940567016602e-06
        },
        "topk_take_along": {
          "iters": 5,
          "warmup": 3,
          "ran": true,
          "median_ms": 0.16779196448624134,
          "min_ms": 0.16200006939470768,
          "max_ms": 0.1786251086741686,
          "mean_ms": 0.16835019923746586,
          "peak_gib": 1.0542571544647217e-06
        },
        "path_b_msl": {
          "iters": 5,
          "warmup": 3,
          "ran": true,
          "median_ms": 0.266083050519228,
          "min_ms": 0.16375002451241016,
          "max_ms": 0.42437505908310413,
          "mean_ms": 0.2657997887581587,
          "peak_gib": 3.427267074584961e-07
        }
      }
    },
    {
      "batch": 1,
      "seq_len": 512,
      "k": 32,
      "dtype": "float32",
      "strategies": {
        "argpartition": {
          "iters": 5,
          "warmup": 3,
          "ran": true,
          "median_ms": 0.1659579575061798,
          "min_ms": 0.16404199413955212,
          "max_ms": 0.16812491230666637,
          "mean_ms": 0.16611674800515175,
          "peak_gib": 5.904585123062134e-06
        },
        "argsort_slice": {
          "iters": 5,
          "warmup": 3,
          "ran": true,
          "median_ms": 0.14979206025600433,
          "min_ms": 0.14750007539987564,
          "max_ms": 0.15679188072681427,
          "mean_ms": 0.15168343670666218,
          "peak_gib": 9.551644325256348e-06
        },
        "topk_take_along": {
          "iters": 5,
          "warmup": 3,
          "ran": true,
          "median_ms": 0.17266604118049145,
          "min_ms": 0.16249995678663254,
          "max_ms": 0.17720903269946575,
          "mean_ms": 0.17082481645047665,
          "peak_gib": 6.023794412612915e-06
        },
        "path_b_msl": {
          "iters": 5,
          "warmup": 3,
          "ran": true,
          "median_ms": 0.40612509474158287,
          "min_ms": 0.3595000598579645,
          "max_ms": 0.45845797285437584,
          "mean_ms": 0.3992252051830292,
          "peak_gib": 2.0638108253479004e-06
        }
      }
    },
    {
      "batch": 1,
      "seq_len": 2048,
      "k": 64,
      "dtype": "float32",
      "strategies": {
        "argpartition": {
          "iters": 5,
          "warmup": 3,
          "ran": true,
          "median_ms": 0.16258307732641697,
          "min_ms": 0.1584158744663,
          "max_ms": 0.18295785412192345,
          "mean_ms": 0.16569136641919613,
          "peak_gib": 2.321973443031311e-05
        },
        "argsort_slice": {
          "iters": 5,
          "warmup": 3,
          "ran": true,
          "median_ms": 0.15037506818771362,
          "min_ms": 0.14662486501038074,
          "max_ms": 0.15504192560911179,
          "mean_ms": 0.15018335543572903,
          "peak_gib": 3.816187381744385e-05
        },
        "topk_take_along": {
          "iters": 5,
          "warmup": 3,
          "ran": true,
          "median_ms": 0.16091717407107353,
          "min_ms": 0.15958398580551147,
          "max_ms": 0.16891700215637684,
          "mean_ms": 0.16354182735085487,
          "peak_gib": 2.3458153009414673e-05
        },
        "path_b_msl": {
          "iters": 5,
          "warmup": 3,
          "ran": true,
          "median_ms": 0.8577499538660049,
          "min_ms": 0.849749892950058,
          "max_ms": 0.8799999486654997,
          "mean_ms": 0.8605667855590582,
          "peak_gib": 7.905066013336182e-06
        }
      }
    },
    {
      "batch": 4,
      "seq_len": 2048,
      "k": 64,
      "dtype": "float32",
      "strategies": {
        "argpartition": {
          "iters": 5,
          "warmup": 3,
          "ran": true,
          "median_ms": 0.171625055372715,
          "min_ms": 0.16504083760082722,
          "max_ms": 0.17395801842212677,
          "mean_ms": 0.1697331666946411,
          "peak_gib": 9.302794933319092e-05
        },
        "argsort_slice": {
          "iters": 5,
          "warmup": 3,
          "ran": true,
          "median_ms": 0.15425006859004498,
          "min_ms": 0.14954106882214546,
          "max_ms": 0.20208279602229595,
          "mean_ms": 0.16294955275952816,
          "peak_gib": 0.0001230388879776001
        },
        "topk_take_along": {
          "iters": 5,
          "warmup": 3,
          "ran": true,
          "median_ms": 0.20441599190235138,
          "min_ms": 0.17875013872981071,
          "max_ms": 0.21104211919009686,
          "mean_ms": 0.1990916207432747,
          "peak_gib": 9.398162364959717e-05
        },
        "path_b_msl": {
          "iters": 5,
          "warmup": 3,
          "ran": true,
          "median_ms": 0.8538330439478159,
          "min_ms": 0.8434588089585304,
          "max_ms": 0.8736248128116131,
          "mean_ms": 0.8559749461710453,
          "peak_gib": 3.153085708618164e-05
        }
      }
    },
    {
      "batch": 4,
      "seq_len": 2048,
      "k": 64,
      "dtype": "float16",
      "strategies": {
        "argpartition": {
          "iters": 5,
          "warmup": 3,
          "ran": true,
          "median_ms": 0.17375010065734386,
          "min_ms": 0.16716611571609974,
          "max_ms": 0.22529205307364464,
          "mean_ms": 0.1867582555860281,
          "peak_gib": 0.00010973215103149414
        },
        "argsort_slice": {
          "iters": 5,
          "warmup": 3,
          "ran": true,
          "median_ms": 0.14995806850492954,
          "min_ms": 0.1462919171899557,
          "max_ms": 0.15454087406396866,
          "mean_ms": 0.14982479624450207,
          "peak_gib": 7.72625207901001e-05
        },
        "topk_take_along": {
          "iters": 5,
          "warmup": 3,
          "ran": true,
          "median_ms": 0.16699987463653088,
          "min_ms": 0.16154185868799686,
          "max_ms": 0.1752919051796198,
          "mean_ms": 0.16675852239131927,
          "peak_gib": 6.298720836639404e-05
        },
        "path_b_msl": {
          "iters": 5,
          "warmup": 3,
          "ran": true,
          "median_ms": 0.8564169984310865,
          "min_ms": 0.8398331701755524,
          "max_ms": 0.8844160474836826,
          "mean_ms": 0.8624834474176168,
          "peak_gib": 1.627206802368164e-05
        }
      }
    },
    {
      "batch": 4,
      "seq_len": 2048,
      "k": 64,
      "dtype": "bfloat16",
      "strategies": {
        "argpartition": {
          "iters": 5,
          "warmup": 3,
          "ran": true,
          "median_ms": 0.15883403830230236,
          "min_ms": 0.15541701577603817,