{
  "schema_version": 1,
  "kernel": "tilelang_topk_selector",
  "source": "cppmega/megatron/tilelang_sparse_mla/topk_selector.py",
  "path_b_status": {
    "available": true,
    "reason": "topk_selector direct-MSL kernel built via mx.fast.metal_kernel is available; bypasses TileLang lowering entirely (which is blocked on shared.dyn / LowerTileOp issues, see docs/tilelang_ports/topk_selector.md)."
  },
  "hardware_label": "Darwin-arm64",
  "platform": {
    "system": "Darwin",
    "machine": "arm64",
    "release": "25.4.0",
    "python": "3.13.12"
  },
  "package_versions": {
    "mlx": "0.31.1",
    "mlx_metal": "0.31.1",
    "tilelang": "0.1.9+git7f4a5cb8",
    "numpy": "2.4.4"
  },
  "warmup": 10,
  "iters": 50,
  "seed": 1,
  "rows": [
    {
      "batch": 1,
      "seq_len": 64,
      "k": 8,
      "dtype": "float32",
      "strategies": {
        "argpartition": {
          "iters": 50,
          "warmup": 10,
          "median_ms": 0.1498749479651451,
          "min_ms": 0.12229103595018387,
          "max_ms": 0.30879187397658825,
          "mean_ms": 0.1582217775285244,
          "peak_gib": 1.2069940567016602e-06
        },
        "argsort_slice": {
          "iters": 50,
          "warmup": 10,
          "median_ms": 0.1366669312119484,
          "min_ms": 0.12441701255738735,
          "max_ms": 0.2255002036690712,
          "mean_ms": 0.14317593071609735,
          "peak_gib": 1.2069940567016602e-06
        },
        "topk_take_along": {
          "iters": 50,
          "warmup": 10,
          "median_ms": 0.13797893188893795,
          "min_ms": 0.12266705743968487,
          "max_ms": 0.2651659306138754,
          "mean_ms": 0.14495579060167074,
          "peak_gib": 9.98377799987793e-07
        },
        "path_b_msl": {
          "iters": 50,
          "warmup": 10,
          "median_ms": 0.13877102173864841,
          "min_ms": 0.1302498858422041,
          "max_ms": 0.241332920268178,
          "mean_ms": 0.14718578662723303,
          "peak_gib": 3.0547380447387695e-07
        }
      }
    },
    {
      "batch": 1,
      "seq_len": 512,
      "k": 32,
      "dtype": "float32",
      "strategies": {
        "argpartition": {
          "iters": 50,
          "warmup": 10,
          "median_ms": 0.13337505515664816,
          "min_ms": 0.10912492871284485,
          "max_ms": 0.23566698655486107,
          "mean_ms": 0.13702754396945238,
          "peak_gib": 9.551644325256348e-06
        },
        "argsort_slice": {
          "iters": 50,
          "warmup": 10,
          "median_ms": 0.11158292181789875,
          "min_ms": 0.10720803402364254,
          "max_ms": 0.2099168486893177,
          "mean_ms": 0.1208674581721425,
          "peak_gib": 5.736947059631348e-06
        },
        "topk_take_along": {
          "iters": 50,
          "warmup": 10,
          "median_ms": 0.14256243593990803,
          "min_ms": 0.12512505054473877,
          "max_ms": 0.2417911309748888,
          "mean_ms": 0.14948748983442783,
          "peak_gib": 7.763504981994629e-06
        },
        "path_b_msl": {
          "iters": 50,
          "warmup": 10,
          "median_ms": 0.36372942849993706,
          "min_ms": 0.3208331763744354,
          "max_ms": 0.4297499544918537,
          "mean_ms": 0.3676325175911188,
          "peak_gib": 2.0563602447509766e-06
        }
      }
    },
    {
      "batch": 1,
      "seq_len": 2048,
      "k": 64,
      "dtype": "float32",
      "strategies": {
        "argpartition": {
          "iters": 50,
          "warmup": 10,
          "median_ms": 0.14847959391772747,
          "min_ms": 0.12654205784201622,
          "max_ms": 0.2999999560415745,
          "mean_ms": 0.1569767016917467,
          "peak_gib": 3.053247928619385e-05
        },
        "argsort_slice": {
          "iters": 50,
          "warmup": 10,
          "median_ms": 0.14741660561412573,
          "min_ms": 0.11012493632733822,
          "max_ms": 0.23387488909065723,
          "mean_ms": 0.1482042670249939,
          "peak_gib": 2.2903084754943848e-05
        },
        "topk_take_along": {
          "iters": 50,
          "warmup": 10,
          "median_ms": 0.14054204802960157,
          "min_ms": 0.11437502689659595,
          "max_ms": 0.28300005942583084,
          "mean_ms": 0.1478467183187604,
          "peak_gib": 2.314150333404541e-05
        },
        "path_b_msl": {
          "iters": 50,
          "warmup": 10,
          "median_ms": 0.5907920422032475,
          "min_ms": 0.4742499440908432,
          "max_ms": 0.8013749029487371,
          "mean_ms": 0.6016257219016552,
          "peak_gib": 7.90134072303772e-06
        }
      }
    },
    {
      "batch": 4,
      "seq_len": 2048,
      "k": 64,
      "dtype": "float32",
      "strategies": {
        "argpartition": {
          "iters": 50,
          "warmup": 10,
          "median_ms": 0.13270846102386713,
          "min_ms": 0.10600010864436626,
          "max_ms": 0.24566682986915112,
          "mean_ms": 0.1384149445220828,
          "peak_gib": 0.0001230388879776001
        },
        "argsort_slice": {
          "iters": 50,
          "warmup": 10,
          "median_ms": 0.12839597184211016,
          "min_ms": 0.09895814582705498,
          "max_ms": 0.2537500113248825,
          "mean_ms": 0.13422174379229546,
          "peak_gib": 9.25213098526001e-05
        },
        "topk_take_along": {
          "iters": 50,
          "warmup": 10,
          "median_ms": 0.12547953519970179,
          "min_ms": 0.10391697287559509,
          "max_ms": 0.19754189997911453,
          "mean_ms": 0.12942083645612001,
          "peak_gib": 9.347498416900635e-05
        },
        "path_b_msl": {
          "iters": 50,
          "warmup": 10,
          "median_ms": 0.4919165512546897,
          "min_ms": 0.45295897871255875,
          "max_ms": 0.6076251156628132,
          "mean_ms": 0.4995358129963279,
          "peak_gib": 3.152713179588318e-05
        }
      }
    },
    {
      "batch": 4,
      "seq_len": 2048,
      "k": 64,
      "dtype": "float16",
      "strategies": {
        "argpartition": {
          "iters": 50,
          "warmup": 10,
          "median_ms": 0.11677038855850697,
          "min_ms": 0.08991709910333157,
          "max_ms": 0.21395809017121792,
          "mean_ms": 0.1197816152125597,
          "peak_gib": 6.20037317276001e-05
        },
        "argsort_slice": {
          "iters": 50,
          "warmup": 10,
          "median_ms": 0.12660399079322815,
          "min_ms": 0.09379209950566292,
          "max_ms": 0.25404198095202446,
          "mean_ms": 0.13159576803445816,
          "peak_gib": 6.20037317276001e-05
        },
        "topk_take_along": {
          "iters": 50,
          "warmup": 10,
          "median_ms": 0.1319999573752284,
          "min_ms": 0.09766616858541965,
          "max_ms": 0.22733397781848907,
          "mean_ms": 0.13543836306780577,
          "peak_gib": 6.248056888580322e-05
        },
        "path_b_msl": {
          "iters": 50,
          "warmup": 10,
          "median_ms": 0.4868120886385441,
          "min_ms": 0.46641589142382145,
          "max_ms": 0.5903749261051416,
          "mean_ms": 0.494993319734931,
          "peak_gib": 1.627206802368164e-05
        }
      }
    },
    {
      "batch": 4,
      "seq_len": 2048,
      "k": 64,
      "dtype": "bfloat16",
      "strategies": {
        "argpartition": {
          "iters": 50,
          "warmup": 10,
          "median_ms": 0.12287450954318047,
          "min_ms": 0.09795906953513622,
          "max_ms": 0.7034579757601023,
          "mean_ms": 0.16433584969490767,
          "peak_gib": 0.00010873377323150635
        },
        "argsort_slice": {
          "iters": 50,
          "warmup": 10,
          "median_ms": 0.12293749023228884,
          "min_ms": 0.0990831758826971,
          "max_ms": 0.18033315427601337,
          "mean_ms": 0.12630834709852934,
          "peak_gib": 7.72625207901001e-05
        },