{
  "rank": 1,
  "world_size": 2,
  "is_sharded": true,
  "owned_param_count": 77,
  "full_param_leaf_count": 155,
  "opt_state_bytes": 86100,
  "opt_state_gib": 8.01868736743927e-05,
  "loss_first": 5.635409355163574,
  "loss_last": 5.150001525878906,
  "loss_trajectory": [
    5.635409355163574,
    5.606350898742676,
    5.577482223510742,
    5.5401434898376465,
    5.512375831604004,
    5.485212326049805,
    5.4586896896362305,
    5.432806015014648,
    5.407554626464844,
    5.382909774780273,
    5.358804702758789,
    5.335202217102051,
    5.312028884887695,
    5.2892584800720215,
    5.263864994049072,
    5.24168062210083,
    5.214058876037598,
    5.192438125610352,
    5.17108678817749,
    5.150001525878906
  ],
  "step_time_ms_median": 51.471978542394936,
  "step_time_ms_min": 49.71104208379984,
  "peak_memory_gb": 0.001217104
}
